CustomerID,Recency,Frequency,Monetary,R_score,F_score,M_score,RFM_Score,RFM_String,RuleSegment,AvgBasketValue,AvgQtyPerInvoice,UniqueProducts,Tenure,PurchaseInterval,KMeans_Cluster,Hier_Cluster,DBSCAN_Cluster,Segment
12346,326,1,77183.6,1,1,5,7,115,Others,77183.6,74215.0,1,326,326.0,1,0,-1,Champions
12347,2,7,4310.0,5,5,5,15,555,Champions,615.7142857142859,13.505494505494505,103,367,52.42857142857143,1,1,0,Champions
12348,75,4,1797.24,2,4,4,10,244,At Risk,449.31,75.51612903225806,22,358,89.5,1,0,0,Champions
12349,19,1,1757.55,4,1,4,9,414,New / Promising,1757.5500000000002,8.643835616438356,73,19,19.0,2,2,-1,Need Attention
12350,310,1,334.4,1,1,2,4,112,Hibernating,334.40000000000003,11.588235294117647,17,310,310.0,0,0,0,At Risk (used to be loyal)
12352,36,8,2506.04,3,5,5,13,355,Loyal,313.25500000000005,6.305882352941176,59,297,37.125,1,1,0,Champions
12353,204,1,89.0,1,1,1,3,111,Hibernating,89.0,5.0,4,204,204.0,0,0,0,At Risk (used to be loyal)
12354,232,1,1079.4,1,1,4,6,114,Others,1079.3999999999999,9.137931034482758,58,232,232.0,0,0,0,At Risk (used to be loyal)
12355,214,1,459.4,1,1,2,4,112,Hibernating,459.4,18.46153846153846,13,214,214.0,0,0,0,At Risk (used to be loyal)
12356,23,3,2811.43,4,3,5,12,435,Others,937.1433333333333,26.966101694915253,53,326,108.66666666666667,1,0,0,Champions
12357,33,1,6207.67,4,1,5,10,415,New / Promising,6207.67,20.671755725190838,131,33,33.0,1,0,-1,Champions
12358,2,2,1168.06,5,2,4,11,524,New / Promising,584.03,13.052631578947368,13,151,75.5,2,1,0,Need Attention
12359,58,4,6372.58,3,4,5,12,345,Loyal,1593.145,6.540322580645161,214,332,83.0,1,1,0,Champions
12360,52,3,2662.06,3,3,5,11,335,Need Attention,887.3533333333334,9.031007751937985,105,201,67.0,1,1,0,Champions
12361,287,1,189.9,1,1,1,3,111,Hibernating,189.89999999999998,9.1,10,287,287.0,0,0,0,At Risk (used to be loyal)
12362,3,10,5226.23,5,5,5,15,555,Champions,522.6229999999999,8.3796992481203,201,296,29.6,1,1,0,Champions
12363,110,2,552.0,2,2,3,7,223,Others,276.0,17.73913043478261,23,242,121.0,0,0,0,At Risk (used to be loyal)
12364,8,4,1313.1,5,4,4,13,544,Champions,328.27500000000003,17.71764705882353,70,112,28.0,1,1,0,Champions
12365,291,2,641.38,1,2,3,6,123,Others,320.68999999999994,7.909090909090909,22,291,145.5,0,0,0,At Risk (used to be loyal)
12367,4,1,168.9,5,1,1,7,511,New / Promising,168.89999999999998,15.727272727272727,11,4,4.0,2,2,1,Need Attention
12370,51,4,3545.69,3,4,5,12,345,Loyal,886.4224999999999,14.089820359281438,143,360,90.0,1,1,0,Champions
12371,45,2,1887.96,3,2,4,9,324,Need Attention,943.98,9.380952380952381,63,60,30.0,2,1,0,Need Attention
12372,72,3,1298.04,3,3,4,10,334,Need Attention,432.68000000000006,15.26923076923077,34,297,99.0,0,0,0,At Risk (used to be loyal)
12373,311,1,364.6,1,1,2,4,112,Hibernating,364.6,14.071428571428571,14,311,311.0,0,0,0,At Risk (used to be loyal)
12374,25,1,742.9300000000001,4,1,3,8,413,New / Promising,742.93,10.363636363636363,33,25,25.0,2,2,0,Need Attention
12375,11,2,457.5,5,2,2,9,522,New / Promising,228.75,10.470588235294118,14,98,49.0,2,1,0,Need Attention
12377,315,2,1628.12,1,2,4,7,124,Others,814.06,12.25974025974026,72,355,177.5,0,0,0,At Risk (used to be loyal)
12378,130,1,4008.62,2,1,5,8,215,Others,4008.62,11.547945205479452,219,130,130.0,1,0,-1,Champions
12379,82,2,852.24,2,2,3,7,223,Others,426.12,10.175,39,170,85.0,0,0,0,At Risk (used to be loyal)
12380,22,4,2724.81,4,4,5,13,445,Champions,681.2025000000001,10.836538461538462,77,186,46.5,1,1,0,Champions
12381,5,5,1845.31,5,4,4,13,544,Champions,369.06200000000007,9.28735632183908,70,120,24.0,1,1,0,Champions
12383,185,5,1850.56,1,4,4,9,144,At Risk,370.112,15.474747474747474,84,352,70.4,1,0,0,Champions
12384,29,2,585.27,4,2,3,9,423,New / Promising,292.63500000000005,4.666666666666667,26,122,61.0,2,1,0,Need Attention
12386,338,2,401.9,1,2,2,5,122,Hibernating,200.95,35.4,10,367,183.5,0,0,0,At Risk (used to be loyal)
12388,16,6,2780.66,4,4,5,13,445,Champions,463.4433333333334,14.62,57,327,54.5,1,1,0,Champions
12390,80,1,549.84,2,1,3,6,213,Others,549.84,11.03125,32,80,80.0,2,2,0,Need Attention
12391,22,1,460.89,4,1,2,7,412,New / Promising,460.89,3.0,92,22,22.0,2,2,0,Need Attention
12393,72,4,1582.6000000000001,3,4,4,11,344,Loyal,395.65000000000003,12.75,47,333,83.25,1,0,0,Champions
12394,64,2,1272.48,3,2,4,9,324,Need Attention,636.24,30.333333333333332,26,217,108.5,0,0,0,At Risk (used to be loyal)
12395,19,12,3018.63,4,5,5,14,455,Champions,251.5525,13.576923076923077,91,371,30.916666666666668,1,1,0,Champions
12397,36,2,2409.9,3,2,5,10,325,Need Attention,1204.9500000000003,10.023809523809524,110,135,67.5,1,1,0,Champions
12398,46,1,1635.6599999999999,3,1,4,8,314,Need Attention,1635.6599999999999,16.4,85,46,46.0,2,2,0,Need Attention
12399,119,4,1108.65,2,4,4,10,244,At Risk,277.1625,19.966101694915253,47,262,65.5,1,0,0,Champions
12401,303,1,84.3,1,1,1,3,111,Hibernating,84.3,2.2,5,303,303.0,0,0,0,At Risk (used to be loyal)
12402,323,1,225.6,1,1,1,3,111,Hibernating,225.6,8.545454545454545,11,323,323.0,0,0,0,At Risk (used to be loyal)
12403,50,1,427.7,3,1,2,6,312,Need Attention,427.7,19.2,5,50,50.0,2,2,0,Need Attention
12405,149,1,1710.39,2,1,4,7,214,Others,1710.3900000000003,15.87037037037037,54,149,149.0,0,0,0,At Risk (used to be loyal)
12406,22,2,3415.3,4,2,5,11,425,New / Promising,1707.65,17.314285714285713,92,184,92.0,1,1,0,Champions
12407,50,5,1708.1200000000001,3,4,4,11,344,Loyal,341.6239999999999,18.38961038961039,57,264,52.8,1,0,0,Champions
12408,33,5,2888.55,4,4,5,13,445,Champions,577.71,13.41904761904762,81,260,52.0,1,1,0,Champions
12409,79,3,11072.67,2,3,5,10,235,Others,3690.89,50.92660550458716,91,183,61.0,1,0,-1,Champions
12410,309,2,693.3299999999999,1,2,3,6,123,Others,346.66499999999996,8.115384615384615,26,309,154.5,0,0,0,At Risk (used to be loyal)
12412,75,3,1226.88,2,3,4,9,234,Others,408.96000000000004,13.59016393442623,43,169,56.333333333333336,1,0,0,Champions
12413,67,3,758.1,3,3,3,9,333,Need Attention,252.70000000000002,7.526315789473684,29,337,112.33333333333333,0,0,0,At Risk (used to be loyal)
12414,217,3,562.41,1,3,3,7,133,Others,187.47,16.666666666666668,16,310,103.33333333333333,0,0,0,At Risk (used to be loyal)
12415,24,21,124914.53,4,5,5,14,455,Champions,5948.310952380953,108.36694677871148,444,338,16.095238095238095,1,1,-1,Champions
12417,3,9,3649.1,5,5,5,15,555,Champions,405.4555555555556,8.083333333333334,158,358,39.77777777777778,1,1,0,Champions
12418,113,1,668.58,2,1,3,6,213,Others,668.58,11.970588235294118,34,113,113.0,0,2,0,At Risk (used to be loyal)
12420,64,1,600.39,3,1,3,7,313,Need Attention,600.3900000000001,11.89655172413793,29,64,64.0,2,2,0,Need Attention
12421,16,4,807.04,4,4,3,11,443,Loyal,201.76000000000002,10.755555555555556,32,319,79.75,1,0,0,Champions
12422,96,3,803.5600000000001,2,3,3,8,233,Others,267.8533333333333,9.487179487179487,39,325,108.33333333333333,0,0,0,At Risk (used to be loyal)
12423,1,8,1859.31,5,5,4,14,554,Champions,232.41375,10.712,97,354,44.25,1,1,0,Champions
12424,163,2,1760.96,2,2,4,8,224,Others,880.4799999999998,24.666666666666668,30,163,81.5,0,0,0,At Risk (used to be loyal)
12425,78,1,777.2,2,1,3,6,213,Others,777.1999999999999,13.777777777777779,36,78,78.0,2,2,0,Need Attention
12426,195,1,582.73,1,1,3,5,113,Others,582.73,8.6,30,195,195.0,0,0,0,At Risk (used to be loyal)
12427,22,3,825.8,4,3,3,10,433,Others,275.26666666666665,17.193548387096776,26,372,124.0,0,0,0,At Risk (used to be loyal)
12428,26,9,7956.46,4,5,5,14,455,Champions,884.0511111111111,12.02721088435374,258,284,31.555555555555557,1,1,0,Champions
12429,9,4,3750.4,5,4,5,14,545,Champions,937.6,16.051546391752577,82,366,91.5,1,1,0,Champions
12430,43,1,256.4,3,1,2,6,312,Need Attention,256.4,10.636363636363637,11,43,43.0,2,2,0,Need Attention
12431,36,15,6487.45,3,5,5,13,355,Loyal,432.49666666666667,12.36595744680851,163,374,24.933333333333334,1,1,0,Champions
12432,43,5,5059.32,3,4,5,12,345,Loyal,1011.8639999999998,16.675925925925927,107,172,34.4,1,1,0,Champions
12433,1,7,13375.87,5,5,5,15,555,Champions,1910.8385714285716,26.35952380952381,219,373,53.285714285714285,1,1,-1,Champions
12434,85,2,806.14,2,2,3,7,223,Others,403.07,7.88,46,260,130.0,0,0,0,At Risk (used to be loyal)
12435,80,2,7829.89,2,2,5,9,225,Others,3914.9450000000006,57.083333333333336,31,268,134.0,1,0,-1,Champions
12436,100,1,509.01,2,1,3,6,213,Others,509.01000000000005,13.1875,16,100,100.0,0,2,0,At Risk (used to be loyal)
12437,2,18,4951.41,5,5,5,15,555,Champions,275.0783333333333,14.683417085427136,118,331,18.38888888888889,1,1,0,Champions
12438,14,2,2906.85,4,2,5,11,425,New / Promising,1453.4250000000002,12.040816326530612,84,140,70.0,1,1,0,Champions
12441,367,1,173.55,1,1,1,3,111,Hibernating,173.55,11.0,11,367,367.0,0,0,0,At Risk (used to be loyal)
12442,3,1,172.06,5,1,1,7,511,New / Promising,172.06,15.166666666666666,12,3,3.0,2,2,1,Need Attention
12444,21,5,5005.46,4,4,5,13,445,Champions,1001.092,6.551136363636363,138,171,34.2,1,1,0,Champions
12445,22,1,133.4,4,1,1,6,411,New / Promising,133.4,15.5,4,22,22.0,2,2,0,Need Attention
12446,58,1,1002.3100000000001,3,1,4,8,314,Need Attention,1002.3100000000001,6.157894736842105,57,58,58.0,2,2,0,Need Attention
12447,243,1,476.49,1,1,2,4,112,Hibernating,476.49,7.3076923076923075,26,243,243.0,0,0,0,At Risk (used to be loyal)
12448,44,1,449.45,3,1,2,6,312,Need Attention,449.4500000000001,11.045454545454545,22,44,44.0,2,2,0,Need Attention
12449,22,4,4067.29,4,4,5,13,445,Champions,1016.8225000000001,8.13089005235602,118,187,46.75,1,1,0,Champions
12450,156,2,197.88,2,2,1,5,221,Hibernating,98.94,16.0,7,173,86.5,0,0,0,At Risk (used to be loyal)
12451,11,5,9035.52,5,4,5,14,545,Champions,1807.104,18.573446327683616,265,325,65.0,1,1,0,Champions
12452,17,2,430.57,4,2,2,8,422,New / Promising,215.285,8.409090909090908,21,17,8.5,2,2,0,Need Attention
12453,134,1,707.09,2,1,3,6,213,Others,707.0899999999999,11.0,43,134,134.0,0,2,0,At Risk (used to be loyal)
12454,56,1,3528.34,3,1,5,9,315,Need Attention,3528.34,67.06666666666666,15,56,56.0,2,0,-1,Need Attention
12455,73,6,2466.86,2,4,5,11,245,At Risk,411.14333333333326,23.211111111111112,85,297,49.5,1,0,0,Champions
12456,44,3,3181.04,3,3,5,11,335,Need Attention,1060.3466666666666,13.064,105,255,85.0,1,1,0,Champions
12457,66,7,2363.23,3,5,5,13,355,Loyal,337.6042857142857,13.596774193548388,53,239,34.142857142857146,1,1,0,Champions
12458,71,2,947.4,3,2,4,9,324,Need Attention,473.7,13.31578947368421,35,285,142.5,0,0,0,At Risk (used to be loyal)
12461,94,2,826.88,2,2,3,7,223,Others,413.44,8.2,35,155,77.5,0,0,0,At Risk (used to be loyal)
12462,19,2,1189.59,4,2,4,10,424,New / Promising,594.7950000000001,8.64516129032258,51,303,151.5,1,0,0,Champions
12463,53,4,1344.78,3,4,4,11,344,Loyal,336.19500000000005,9.349397590361447,65,242,60.5,1,0,0,Champions
12464,10,8,1212.05,5,5,4,14,554,Champions,151.50625,3.8620689655172415,6,309,38.625,1,1,0,Champions
12465,17,2,742.1899999999999,4,2,3,9,423,New / Promising,371.095,10.191489361702128,46,169,84.5,1,0,0,Champions
12468,188,2,729.5400000000001,1,2,3,6,123,Others,364.77,9.631578947368421,36,316,158.0,0,0,0,At Risk (used to be loyal)
12471,2,30,19824.05,5,5,5,15,555,Champions,660.8016666666666,17.85217391304348,150,365,12.166666666666666,1,1,0,Champions
12472,32,7,6572.11,4,5,5,14,455,Champions,938.8728571428572,12.23598820058997,219,369,52.714285714285715,1,1,0,Champions
12473,29,5,3938.5499999999997,4,4,5,13,445,Champions,787.71,14.517857142857142,140,192,38.4,1,1,0,Champions
12474,17,18,7375.79,4,5,5,14,455,Champions,409.7661111111111,11.431603773584905,253,330,18.333333333333332,1,1,0,Champions
12475,54,1,723.38,3,1,3,7,313,Need Attention,723.3799999999999,14.86111111111111,36,54,54.0,2,2,0,Need Attention
12476,16,11,6816.42,4,5,5,14,455,Champions,619.6745454545454,10.334763948497853,177,361,32.81818181818182,1,1,0,Champions
12477,23,6,13219.74,4,4,5,13,445,Champions,2203.2900000000004,12.176666666666666,191,302,50.333333333333336,1,1,-1,Champions
12478,4,1,680.99,5,1,3,9,513,New / Promising,680.9900000000001,6.555555555555555,36,4,4.0,2,2,-1,Need Attention
12479,11,1,527.2,5,1,3,9,513,New / Promising,527.2,12.419354838709678,31,11,11.0,2,2,0,Need Attention
12480,28,4,3281.63,4,4,5,13,445,Champions,820.4074999999999,11.084415584415584,129,336,84.0,1,1,0,Champions
12481,23,10,5596.32,4,5,5,14,455,Champions,559.632,15.225806451612904,150,366,36.6,1,1,0,Champions
12483,17,8,2484.98,4,5,5,14,455,Champions,310.6225,14.8,46,339,42.375,1,1,0,Champions
12484,33,6,4541.72,4,4,5,13,445,Champions,756.9533333333333,6.332369942196531,256,336,56.0,1,1,0,Champions
12488,10,3,1298.66,5,3,4,12,534,Others,432.88666666666677,9.618181818181819,46,76,25.333333333333332,2,2,0,Need Attention
12489,336,1,334.93,1,1,2,4,112,Hibernating,334.92999999999995,7.0,15,336,336.0,0,0,0,At Risk (used to be loyal)
12490,5,10,5417.93,5,5,5,15,555,Champions,541.793,12.506122448979593,131,330,33.0,1,1,0,Champions
12491,39,1,460.40000000000003,3,1,2,6,312,Need Attention,460.40000000000003,10.0,25,39,39.0,2,2,0,Need Attention
12492,63,2,263.21000000000004,3,2,2,7,322,Need Attention,131.605,9.6,19,105,52.5,2,0,0,Need Attention
12493,166,2,433.74,2,2,2,6,222,Hibernating,216.87,9.409090909090908,20,197,98.5,0,0,0,At Risk (used to be loyal)
12494,16,7,1246.1000000000001,4,5,4,13,454,Champions,178.0142857142857,9.181818181818182,63,366,52.285714285714285,1,1,0,Champions
12497,82,1,1043.1,2,1,4,7,214,Others,1043.1,88.28571428571429,14,82,82.0,2,0,0,Need Attention
12498,21,3,403.70000000000005,4,3,2,9,432,Others,134.56666666666666,6.913043478260869,21,58,19.333333333333332,2,1,0,Need Attention
12500,23,11,4257.82,4,5,5,14,455,Champions,387.0745454545455,43.90163934426229,34,334,30.363636363636363,1,1,0,Champions
12501,337,1,2169.39,1,1,5,7,115,Others,2169.3900000000003,11.966442953020135,149,337,337.0,0,0,0,At Risk (used to be loyal)
12502,96,5,3723.87,2,4,5,11,245,At Risk,744.774,5.578231292517007,102,310,62.0,1,1,0,Champions
12504,18,2,482.04999999999995,4,2,2,8,422,New / Promising,241.02499999999998,10.0,6,30,15.0,2,2,0,Need Attention
12506,233,1,73.5,1,1,1,3,111,Hibernating,73.50000000000001,1.0,23,233,233.0,0,0,0,At Risk (used to be loyal)
12507,134,3,1304.81,2,3,4,9,234,Others,434.93666666666667,42.57142857142857,19,299,99.66666666666667,0,0,0,At Risk (used to be loyal)
12508,26,2,398.27,4,2,2,8,422,New / Promising,199.135,3.9420289855072466,57,29,14.5,2,2,0,Need Attention
12509,284,1,176.5,1,1,1,3,111,Hibernating,176.5,7.857142857142857,7,284,284.0,0,0,0,At Risk (used to be loyal)
12510,143,2,982.5699999999999,2,2,4,8,224,Others,491.28499999999997,10.696969696969697,29,325,162.5,0,0,0,At Risk (used to be loyal)
12512,66,2,138.03,3,2,1,6,321,Need Attention,69.015,2.911764705882353,31,66,33.0,2,2,0,Need Attention
12513,113,1,612.29,2,1,3,6,213,Others,612.2900000000001,13.2,35,113,113.0,0,2,0,At Risk (used to be loyal)
12514,267,1,1017.68,1,1,4,6,114,Others,1017.6800000000001,8.627450980392156,51,267,267.0,0,0,0,At Risk (used to be loyal)
12515,353,1,383.7,1,1,2,4,112,Hibernating,383.70000000000005,8.1875,16,353,353.0,0,0,0,At Risk (used to be loyal)
12516,78,2,1312.06,2,2,4,8,224,Others,656.03,33.65384615384615,20,181,90.5,0,0,0,At Risk (used to be loyal)
12517,28,5,2502.84,4,4,5,13,445,Champions,500.56800000000004,4.827464788732394,232,190,38.0,1,1,0,Champions
12518,1,5,2056.89,5,4,4,13,544,Champions,411.378,10.629032258064516,84,110,22.0,1,1,0,Champions
12519,64,1,340.84,3,1,2,6,312,Need Attention,340.84000000000003,10.166666666666666,17,64,64.0,2,2,0,Need Attention
12520,79,5,2634.26,2,4,5,11,245,At Risk,526.8520000000001,9.467105263157896,121,274,54.8,1,1,0,Champions
12521,143,1,599.68,2,1,3,6,213,Others,599.68,8.131578947368421,38,143,143.0,0,2,0,At Risk (used to be loyal)
12522,39,2,192.72,3,2,1,6,321,Need Attention,96.36000000000001,16.166666666666668,11,51,25.5,2,2,0,Need Attention
12523,19,11,1789.77,4,5,4,13,454,Champions,162.70636363636365,8.160377358490566,84,332,30.181818181818183,1,1,0,Champions
12524,9,8,4485.72,5,5,5,15,555,Champions,560.7149999999999,25.6875,113,334,41.75,1,1,0,Champions
12526,1,3,1316.66,5,3,4,12,534,Others,438.88666666666677,8.901408450704226,64,94,31.333333333333332,1,1,0,Champions
12527,82,3,348.71000000000004,2,3,2,7,232,Others,116.23666666666668,13.0,18,326,108.66666666666667,0,0,0,At Risk (used to be loyal)
12528,9,6,1933.48,5,5,4,14,554,Champions,322.2466666666667,8.217391304347826,50,313,52.166666666666664,1,1,0,Champions
12530,60,4,1662.28,3,4,4,11,344,Loyal,415.57,13.833333333333334,51,337,84.25,1,0,0,Champions
12531,15,1,125.22,4,1,1,6,411,New / Promising,125.22,2.6470588235294117,17,15,15.0,2,2,0,Need Attention
12532,30,1,349.83000000000004,4,1,2,7,412,New / Promising,349.83000000000004,9.5625,16,30,30.0,2,2,0,Need Attention
12534,131,1,1089.18,2,1,4,7,214,Others,1089.18,10.333333333333334,63,131,131.0,0,2,0,At Risk (used to be loyal)
12535,92,2,716.35,2,2,3,7,223,Others,358.175,6.4411764705882355,28,187,93.5,0,0,0,At Risk (used to be loyal)
12536,43,3,12601.830000000002,3,3,5,11,335,Need Attention,4200.610000000001,10.739463601532567,260,59,19.666666666666668,1,0,-1,Champions
12538,29,1,363.95,4,1,2,7,412,New / Promising,363.95,9.095238095238095,21,29,29.0,2,2,0,Need Attention
12539,22,4,5568.35,4,4,5,13,445,Champions,1392.0874999999999,7.571428571428571,157,334,83.5,1,1,0,Champions
12540,20,17,13400.24,4,5,5,14,455,Champions,788.2494117647059,13.985355648535565,277,362,21.294117647058822,1,1,0,Champions
12541,30,3,981.18,4,3,4,11,434,Others,327.06000000000006,13.076923076923077,46,281,93.66666666666667,1,0,0,Champions
12544,36,1,372.7,3,1,2,6,312,Need Attention,372.70000000000005,7.157894736842105,19,36,36.0,2,2,0,Need Attention
12545,75,2,1000.39,2,2,4,8,224,Others,500.195,10.46,42,260,130.0,0,0,0,At Risk (used to be loyal)
12546,47,2,1161.5,3,2,4,9,324,Need Attention,580.75,9.173913043478262,59,78,39.0,2,1,0,Need Attention
12547,198,2,207.79999999999998,1,2,1,4,121,Hibernating,103.9,16.75,7,281,140.5,0,0,0,At Risk (used to be loyal)
12548,166,1,95.19999999999999,2,1,1,4,211,Hibernating,95.19999999999999,9.8,5,166,166.0,0,0,0,At Risk (used to be loyal)
12550,79,1,964.83,2,1,4,7,214,Others,964.83,9.982456140350877,57,79,79.0,2,2,0,Need Attention
12551,358,1,168.0,1,1,1,3,111,Hibernating,168.0,10.0,10,358,358.0,0,0,0,At Risk (used to be loyal)
12552,39,2,437.82,3,2,2,7,322,Need Attention,218.91,4.4,20,40,20.0,2,1,0,Need Attention
12553,8,10,3692.28,5,5,5,15,555,Champions,369.22799999999995,10.287958115183246,95,330,33.0,1,1,0,Champions
12556,50,2,603.71,3,2,3,8,323,Need Attention,301.85499999999996,2.958677685950413,100,151,75.5,0,0,0,At Risk (used to be loyal)
12557,16,5,11990.960000000001,4,4,5,13,445,Champions,2398.192,132.84848484848484,15,372,74.4,1,0,-1,Champions
12558,8,1,269.96,5,1,2,8,512,New / Promising,269.96000000000004,17.818181818181817,11,8,8.0,2,2,0,Need Attention
12559,311,2,561.71,1,2,3,6,123,Others,280.85499999999996,13.476190476190476,21,320,160.0,0,0,0,At Risk (used to be loyal)
12560,5,3,2134.01,5,3,5,13,535,Others,711.3366666666667,10.571428571428571,91,143,47.666666666666664,1,1,0,Champions
12561,303,1,238.85,1,1,1,3,111,Hibernating,238.85,11.0625,16,303,303.0,0,0,0,At Risk (used to be loyal)
12562,8,7,3781.7400000000002,5,5,5,15,555,Champions,540.2485714285714,10.589285714285714,99,199,28.428571428571427,1,1,0,Champions
12564,261,1,456.9,1,1,2,4,112,Hibernating,456.90000000000003,6.333333333333333,21,261,261.0,0,0,0,At Risk (used to be loyal)
12565,289,1,145.92,1,1,1,3,111,Hibernating,145.92000000000002,8.88888888888889,9,289,289.0,0,0,0,At Risk (used to be loyal)
12566,86,1,351.65,2,1,2,5,212,Hibernating,351.65,13.947368421052632,19,86,86.0,0,2,0,At Risk (used to be loyal)
12567,23,10,9401.28,4,5,5,14,455,Champions,940.1279999999999,9.652466367713005,323,370,37.0,1,1,0,Champions
12569,2,32,4124.69,5,5,5,15,555,Champions,128.89656250000002,9.579787234042554,92,252,7.875,1,1,0,Champions
12571,40,2,519.61,3,2,3,8,323,Need Attention,259.805,15.382352941176471,31,122,61.0,2,1,0,Need Attention
12572,9,2,1020.42,5,2,4,11,524,New / Promising,510.21,7.533333333333333,53,52,26.0,2,2,0,Need Attention
12573,227,1,160.54000000000002,1,1,1,3,111,Hibernating,160.54,3.0,26,227,227.0,0,0,0,At Risk (used to be loyal)
12574,316,1,218.45,1,1,1,3,111,Hibernating,218.45000000000002,5.545454545454546,11,316,316.0,0,0,0,At Risk (used to be loyal)
12576,36,5,1315.83,3,4,4,11,344,Loyal,263.166,10.988636363636363,72,305,61.0,1,1,0,Champions
12577,35,3,657.8,3,3,3,9,333,Need Attention,219.26666666666665,3.2108843537414966,137,359,119.66666666666667,1,0,0,Champions
12578,21,2,2794.51,4,2,5,11,425,New / Promising,1397.2549999999999,10.491228070175438,111,330,165.0,1,1,0,Champions
12579,78,1,440.42,2,1,2,5,212,Hibernating,440.41999999999996,9.827586206896552,29,78,78.0,2,2,0,Need Attention
12580,247,1,415.7,1,1,2,4,112,Hibernating,415.70000000000005,9.916666666666666,24,247,247.0,0,0,0,At Risk (used to be loyal)
12581,40,1,197.71,3,1,1,5,311,Need Attention,197.70999999999998,10.733333333333333,15,40,40.0,2,2,0,Need Attention
12582,239,2,511.36,1,2,3,6,123,Others,255.67999999999995,13.636363636363637,21,289,144.5,0,0,0,At Risk (used to be loyal)
12583,3,15,7281.38,5,5,5,15,555,Champions,485.4253333333333,20.48582995951417,115,374,24.933333333333334,1,1,0,Champions
12584,4,9,2338.15,5,5,5,15,555,Champions,259.7944444444445,4.333333333333333,44,280,31.11111111111111,1,1,0,Champions
12585,234,2,2040.1,1,2,4,7,124,Others,1020.0499999999998,14.701149425287356,77,351,175.5,0,0,0,At Risk (used to be loyal)
12586,17,1,196.94000000000003,4,1,1,6,411,New / Promising,196.94000000000003,7.181818181818182,11,17,17.0,2,2,0,Need Attention
12587,8,1,144.0,5,1,1,7,511,New / Promising,144.0,12.75,4,8,8.0,2,2,0,Need Attention
12588,39,1,214.89999999999998,3,1,1,5,311,Need Attention,214.89999999999998,5.3,10,39,39.0,2,2,0,Need Attention
12589,29,2,646.68,4,2,3,9,423,New / Promising,323.34000000000003,8.742857142857142,29,145,72.5,0,0,0,At Risk (used to be loyal)
12590,211,2,9864.26,1,2,5,8,125,Others,4932.13,62.98529411764706,68,211,105.5,1,0,-1,Champions
12591,317,1,452.84999999999997,1,1,2,4,112,Hibernating,452.84999999999997,8.76923076923077,26,317,317.0,0,0,0,At Risk (used to be loyal)
12592,92,2,437.6,2,2,2,6,222,Hibernating,218.8,16.11111111111111,11,213,106.5,0,0,0,At Risk (used to be loyal)
12593,109,3,418.09999999999997,2,3,2,7,232,Others,139.36666666666665,9.80952380952381,14,219,73.0,0,0,0,At Risk (used to be loyal)
12594,38,10,3338.2200000000003,3,5,5,13,355,Loyal,333.822,15.059322033898304,50,323,32.3,1,1,0,Champions
12596,51,2,618.27,3,2,3,8,323,Need Attention,309.135,17.555555555555557,25,242,121.0,0,0,0,At Risk (used to be loyal)
12597,19,4,3811.22,4,4,5,13,445,Champions,952.8049999999998,10.854368932038835,184,268,67.0,1,1,0,Champions
12598,10,8,3023.08,5,5,5,15,555,Champions,377.885,14.878787878787879,84,285,35.625,1,1,0,Champions
12599,29,7,1032.58,4,5,4,13,454,Champions,147.51142857142864,15.419354838709678,32,304,43.42857142857143,1,1,0,Champions
12600,29,10,2599.04,4,5,5,14,455,Champions,259.904,12.09375,32,371,37.1,1,1,0,Champions
12601,190,5,577.0600000000001,1,4,3,8,143,At Risk,115.412,8.75,21,333,66.6,0,0,0,At Risk (used to be loyal)
12602,59,1,153.12,3,1,1,5,311,Need Attention,153.12,13.5,12,59,59.0,2,2,0,Need Attention
12603,22,1,739.1999999999999,4,1,3,8,413,New / Promising,739.1999999999999,31.5,2,22,22.0,2,0,-1,Need Attention
12604,79,2,254.18,2,2,2,6,222,Hibernating,127.08999999999999,12.5625,15,262,131.0,0,0,0,At Risk (used to be loyal)
12607,60,1,1579.51,3,1,4,8,314,Need Attention,1579.51,12.158415841584159,101,60,60.0,2,2,0,Need Attention
12609,78,3,1126.85,2,3,4,9,234,Others,375.61666666666673,10.8,57,318,106.0,0,0,0,At Risk (used to be loyal)
12610,23,5,2099.54,4,4,5,13,445,Champions,419.908,9.89622641509434,85,126,25.2,1,1,0,Champions
12611,52,1,1193.32,3,1,4,8,314,Need Attention,1193.32,13.015384615384615,65,52,52.0,2,2,0,Need Attention
12612,74,1,704.0400000000001,2,1,3,6,213,Others,704.04,13.789473684210526,19,74,74.0,2,2,0,Need Attention
12613,57,5,3344.38,3,4,5,12,345,Loyal,668.876,10.745098039215685,124,262,52.4,1,1,0,Champions
12614,278,1,315.6,1,1,2,4,112,Hibernating,315.59999999999997,3.8,20,278,278.0,0,0,0,At Risk (used to be loyal)
12615,2,4,2291.19,5,4,5,14,545,Champions,572.7974999999999,13.104761904761904,82,168,42.0,1,1,0,Champions
12616,95,2,713.3,2,2,3,7,223,Others,356.65,8.875,25,297,148.5,0,0,0,At Risk (used to be loyal)
12617,29,1,355.53,4,1,2,7,412,New / Promising,355.53000000000003,5.071428571428571,39,29,29.0,2,2,0,Need Attention
12618,22,1,177.31,4,1,1,6,411,New / Promising,177.31,8.727272727272727,11,22,22.0,2,2,0,Need Attention
12619,16,9,3641.24,4,5,5,14,455,Champions,404.5822222222222,37.53333333333333,50,253,28.11111111111111,1,1,0,Champions
12620,15,3,1339.41,4,3,4,11,434,Others,446.47,12.83695652173913,89,205,68.33333333333333,1,0,0,Champions
12621,2,20,13689.67,5,5,5,15,555,Champions,684.4835,15.931477516059957,261,366,18.3,1,1,0,Champions
12622,232,1,180.1,1,1,1,3,111,Hibernating,180.09999999999997,6.2727272727272725,11,232,232.0,0,0,0,At Risk (used to be loyal)
12623,276,1,305.1,1,1,2,4,112,Hibernating,305.1,10.61111111111111,18,276,276.0,0,0,0,At Risk (used to be loyal)
12624,106,2,641.13,2,2,3,7,223,Others,320.565,9.342105263157896,36,178,89.0,0,0,0,At Risk (used to be loyal)
12625,212,2,2683.82,1,2,5,8,125,Others,1341.91,18.74418604651163,73,319,159.5,1,0,0,Champions
12626,23,9,6620.48,4,5,5,14,455,Champions,735.6088888888888,11.744897959183673,232,327,36.333333333333336,1,1,0,Champions
12627,11,7,4478.53,5,5,5,15,555,Champions,639.7900000000001,11.965217391304348,162,140,20.0,1,1,0,Champions
12628,4,3,786.46,5,3,3,11,533,Others,262.1533333333333,10.926829268292684,34,65,21.666666666666668,2,1,0,Need Attention
12630,10,2,1270.88,5,2,4,11,524,New / Promising,635.44,8.5625,60,44,22.0,2,2,0,Need Attention
12631,57,1,640.5,3,1,3,7,313,Need Attention,640.5,7.612903225806452,31,57,57.0,2,2,0,Need Attention
12633,59,4,2163.98,3,4,5,12,345,Loyal,540.995,11.504950495049505,73,288,72.0,1,0,0,Champions
12635,90,2,1689.18,2,2,4,8,224,Others,844.5900000000001,11.603960396039604,96,155,77.5,1,0,0,Champions
12637,67,8,6021.9,3,5,5,13,355,Loyal,752.7375,7.697435897435898,205,324,40.5,1,1,0,Champions
12638,33,1,671.69,4,1,3,8,413,New / Promising,671.69,14.794871794871796,39,33,33.0,2,2,0,Need Attention
12639,239,1,486.1,1,1,2,4,112,Hibernating,486.1,9.136363636363637,22,239,239.0,0,0,0,At Risk (used to be loyal)
12640,24,3,1174.58,4,3,4,11,434,Others,391.52666666666664,5.867924528301887,47,82,27.333333333333332,2,1,0,Need Attention
12641,115,1,185.9,2,1,1,4,211,Hibernating,185.9,7.2,10,115,115.0,0,2,0,At Risk (used to be loyal)
12642,25,3,1013.26,4,3,4,11,434,Others,337.75333333333333,11.74468085106383,39,108,36.0,2,1,0,Need Attention
12643,128,6,3344.64,2,5,5,12,255,At Risk,557.4399999999999,75.33333333333333,11,333,55.5,1,0,0,Champions
12644,130,1,477.91,2,1,2,5,212,Hibernating,477.90999999999997,10.483870967741936,31,130,130.0,0,2,0,At Risk (used to be loyal)
12645,34,4,1775.18,3,4,4,11,344,Loyal,443.7950000000001,14.849315068493151,58,316,79.0,1,0,0,Champions
12646,5,2,1346.97,5,2,4,11,524,New / Promising,673.485,19.933333333333334,43,49,24.5,2,2,0,Need Attention
12647,22,12,3722.82,4,5,5,14,455,Champions,310.235,11.826446280991735,78,369,30.75,1,1,0,Champions
12648,155,1,318.05,2,1,2,5,212,Hibernating,318.04999999999995,7.619047619047619,21,155,155.0,0,0,0,At Risk (used to be loyal)
12649,107,3,623.51,2,3,3,8,233,Others,207.83666666666667,18.903225806451612,28,212,70.66666666666667,0,0,0,At Risk (used to be loyal)
12650,3,1,314.44,5,1,2,8,512,New / Promising,314.44,12.7,20,3,3.0,2,2,1,Need Attention
12651,335,1,114.0,1,1,1,3,111,Hibernating,114.0,8.666666666666666,9,335,335.0,0,0,0,At Risk (used to be loyal)
12652,331,1,919.98,1,1,3,5,113,Others,919.98,10.520833333333334,48,331,331.0,0,0,0,At Risk (used to be loyal)
12653,149,2,2209.85,2,2,5,9,225,Others,1104.925,21.372093023255815,37,297,148.5,0,0,0,At Risk (used to be loyal)
12654,11,5,601.98,5,4,3,12,543,Loyal,120.39599999999999,6.947368421052632,31,295,59.0,1,1,0,Champions
12656,17,5,4051.17,4,4,5,13,445,Champions,810.234,13.674603174603174,89,234,46.8,1,1,0,Champions
12657,11,4,1643.18,5,4,4,13,544,Champions,410.795,22.21276595744681,35,79,19.75,1,2,0,Champions
12658,19,1,686.05,4,1,3,8,413,New / Promising,686.05,8.88888888888889,36,19,19.0,2,2,0,Need Attention
12659,30,1,91.68,4,1,1,6,411,New / Promising,91.68,21.0,5,30,30.0,2,2,0,Need Attention
12660,11,1,245.1,5,1,1,7,511,New / Promising,245.10000000000002,9.76923076923077,13,11,11.0,2,2,0,Need Attention
12662,1,11,3849.78,5,5,5,15,555,Champions,349.97999999999996,8.947826086956521,129,373,33.90909090909091,1,1,0,Champions
12664,8,9,4881.88,5,5,5,15,555,Champions,542.4311111111111,32.513513513513516,10,323,35.888888888888886,1,0,0,Champions
12665,325,1,63.0,1,1,1,3,111,Hibernating,63.0,12.333333333333334,3,325,325.0,0,0,0,At Risk (used to be loyal)
12667,58,1,620.13,3,1,3,7,313,Need Attention,620.1300000000001,11.969696969696969,33,58,58.0,2,2,0,Need Attention
12668,12,4,3807.15,5,4,5,14,545,Champions,951.7875,10.149068322981366,115,356,89.0,1,1,0,Champions
12669,151,3,2744.0299999999997,2,3,5,10,235,Others,914.6766666666667,11.03960396039604,98,257,85.66666666666667,1,1,0,Champions
12670,10,5,2996.05,5,4,5,14,545,Champions,599.2100000000002,15.184782608695652,58,233,46.6,1,1,0,Champions
12672,330,1,225.89999999999998,1,1,1,3,111,Hibernating,225.9,7.8,10,330,330.0,0,0,0,At Risk (used to be loyal)
12673,5,2,610.52,5,2,3,10,523,New / Promising,305.26,8.357142857142858,42,327,163.5,0,0,0,At Risk (used to be loyal)
12674,39,4,1970.6,3,4,4,11,344,Loyal,492.65000000000003,13.650602409638553,52,208,52.0,1,0,0,Champions
12676,25,6,1331.39,4,5,4,13,454,Champions,221.89833333333334,14.88888888888889,33,311,51.833333333333336,1,1,0,Champions
12678,42,12,17628.46,3,5,5,13,355,Loyal,1469.0383333333332,66.2,105,354,29.5,1,1,0,Champions
12679,59,4,1113.02,3,4,4,11,344,Loyal,278.255,11.541666666666666,43,284,71.0,1,0,0,Champions
12680,1,4,862.81,5,4,3,12,543,Loyal,215.70250000000004,8.51923076923077,33,113,28.25,2,1,0,Need Attention
12681,15,22,13787.54,4,5,5,14,455,Champions,626.7063636363637,11.81191222570533,267,368,16.727272727272727,1,1,0,Champions
12682,4,31,12288.22,5,5,5,15,555,Champions,396.39419354838714,10.619047619047619,209,371,11.96774193548387,1,1,0,Champions
12683,4,15,8476.57,5,5,5,15,555,Champions,565.1046666666666,14.497093023255815,177,366,24.4,1,1,0,Champions
12684,8,7,2283.63,5,5,5,15,555,Champions,326.23285714285714,18.904761904761905,61,213,30.428571428571427,1,1,0,Champions
12685,28,6,2863.08,4,5,5,14,455,Champions,477.18,9.700636942675159,117,94,15.666666666666666,1,1,0,Champions
12686,372,1,89.14,1,1,1,3,111,Hibernating,89.14,15.285714285714286,7,372,372.0,0,0,0,At Risk (used to be loyal)
12688,114,1,4873.8099999999995,2,1,5,8,215,Others,4873.8099999999995,17.707602339181285,171,114,114.0,1,0,-1,Champions
12689,26,2,1247.61,4,2,4,10,424,New / Promising,623.805,8.722222222222221,57,128,64.0,1,1,0,Champions
12690,206,1,389.01,1,1,2,4,112,Hibernating,389.01,6.625,16,206,206.0,0,0,0,At Risk (used to be loyal)
12691,28,6,1035.8,4,5,4,13,454,Champions,172.63333333333333,12.3125,21,357,59.5,1,1,0,Champions
12693,127,4,855.91,2,4,3,9,243,At Risk,213.9775,6.538461538461538,35,319,79.75,0,0,0,At Risk (used to be loyal)
12694,70,2,869.67,3,2,3,8,323,Need Attention,434.835,13.756756756756756,32,183,91.5,0,0,0,At Risk (used to be loyal)
12695,7,4,582.1,5,4,3,12,543,Loyal,145.525,8.148148148148149,23,210,52.5,1,1,0,Champions
12697,29,3,957.59,4,3,4,11,434,Others,319.19666666666666,12.390243902439025,37,169,56.333333333333336,1,0,0,Champions
12700,8,4,4939.99,5,4,5,14,545,Champions,1234.9975,11.07089552238806,193,215,53.75,1,1,0,Champions
12701,80,2,797.71,2,2,3,7,223,Others,398.855,12.79245283018868,50,242,121.0,0,0,0,At Risk (used to be loyal)
12702,20,1,219.0,4,1,1,6,411,New / Promising,219.0,4.416666666666667,12,20,20.0,2,2,0,Need Attention
12703,71,1,283.55,3,1,2,6,312,Need Attention,283.55,7.809523809523809,21,71,71.0,2,2,0,Need Attention
12704,7,8,2340.84,5,5,5,15,555,Champions,292.60499999999996,11.431818181818182,64,170,21.25,1,1,0,Champions
12705,15,9,6868.29,4,5,5,14,455,Champions,763.1433333333334,11.967065868263473,228,357,39.666666666666664,1,1,0,Champions
12707,292,1,603.42,1,1,3,5,113,Others,603.42,7.757575757575758,33,292,292.0,0,0,0,At Risk (used to be loyal)
12708,30,10,2712.91,4,5,5,14,455,Champions,271.291,8.32484076433121,86,369,36.9,1,1,0,Champions
12709,15,15,9736.52,4,5,5,14,455,Champions,649.1013333333334,18.923076923076923,93,367,24.466666666666665,1,1,0,Champions
12710,97,3,1149.02,2,3,4,9,234,Others,383.0066666666667,11.051948051948052,75,201,67.0,1,0,0,Champions
12712,29,13,4396.13,4,5,5,14,455,Champions,338.1638461538462,7.984962406015038,58,371,28.53846153846154,1,1,0,Champions
12713,1,1,848.55,5,1,3,9,513,New / Promising,848.5500000000001,13.368421052631579,38,1,1.0,2,2,-1,Need Attention
12714,9,5,4708.86,5,4,5,14,545,Champions,941.7720000000002,11.849420849420849,216,295,59.0,1,1,0,Champions
12715,106,1,353.86,2,1,2,5,212,Hibernating,353.85999999999996,9.380952380952381,20,106,106.0,0,2,0,At Risk (used to be loyal)
12716,4,2,1053.49,5,2,4,11,524,New / Promising,526.7450000000001,10.26086956521739,60,133,66.5,1,1,0,Champions
12717,151,2,1030.98,2,2,4,8,224,Others,515.49,9.2,49,246,123.0,0,0,0,At Risk (used to be loyal)
12718,71,1,238.25,3,1,1,5,311,Need Attention,238.25,10.68421052631579,19,71,71.0,2,2,0,Need Attention
12719,5,2,644.95,5,2,3,10,523,New / Promising,322.475,9.58974358974359,34,65,32.5,2,2,0,Need Attention
12720,3,25,5781.73,5,5,5,15,555,Champions,231.26920000000007,13.19774011299435,211,369,14.76,1,1,0,Champions
12721,32,6,2656.13,4,5,5,14,455,Champions,442.68833333333333,12.167701863354038,133,355,59.166666666666664,1,1,0,Champions
12722,85,4,997.63,2,4,4,10,244,At Risk,249.40750000000003,10.679245283018869,50,151,37.75,1,0,0,Champions
12723,4,5,725.07,5,4,3,12,543,Loyal,145.014,6.2898550724637685,53,65,13.0,2,1,0,Need Attention
12724,5,4,1031.41,5,4,4,13,544,Champions,257.85249999999996,8.39622641509434,47,332,83.0,1,1,0,Champions
12725,371,1,427.8,1,1,2,4,112,Hibernating,427.8,6.833333333333333,24,371,371.0,0,0,0,At Risk (used to be loyal)
12726,28,7,2609.1,4,5,5,14,455,Champions,372.7285714285714,25.346774193548388,57,357,51.0,1,1,0,Champions
12727,11,7,3980.7,5,5,5,15,555,Champions,568.6714285714286,15.093525179856115,109,320,45.714285714285715,1,1,0,Champions
12728,71,4,836.33,3,4,3,10,343,Loyal,209.08249999999998,9.108695652173912,38,332,83.0,0,0,0,At Risk (used to be loyal)
12729,114,1,453.01,2,1,2,5,212,Hibernating,453.01000000000005,8.961538461538462,26,114,114.0,0,2,0,At Risk (used to be loyal)
12731,24,12,18895.91,4,5,5,14,455,Champions,1574.6591666666666,30.791970802919707,109,365,30.416666666666668,1,1,-1,Champions
12732,180,1,236.26000000000002,1,1,1,3,111,Hibernating,236.26000000000005,9.25,12,180,180.0,0,2,0,At Risk (used to be loyal)
12733,234,1,383.95,1,1,2,4,112,Hibernating,383.95000000000005,6.2272727272727275,22,234,234.0,0,0,0,At Risk (used to be loyal)
12734,353,1,110.39999999999999,1,1,1,3,111,Hibernating,110.39999999999999,22.0,4,353,353.0,0,0,0,At Risk (used to be loyal)
12735,315,2,779.5699999999999,1,2,3,6,123,Others,389.785,8.55813953488372,38,337,168.5,0,0,0,At Risk (used to be loyal)
12736,333,1,234.0,1,1,1,3,111,Hibernating,234.00000000000003,43.25,4,333,333.0,0,0,0,At Risk (used to be loyal)
12738,372,1,155.35,1,1,1,3,111,Hibernating,155.35,13.454545454545455,11,372,372.0,0,0,0,At Risk (used to be loyal)
12739,78,2,1013.04,2,2,4,8,224,Others,506.52000000000004,12.789473684210526,38,99,49.5,2,1,0,Need Attention
12740,64,1,427.6,3,1,2,6,312,Need Attention,427.59999999999997,12.666666666666666,27,64,64.0,2,2,0,Need Attention
12743,134,2,546.43,2,2,3,7,223,Others,273.21500000000003,2.3805970149253732,114,134,67.0,0,0,0,At Risk (used to be loyal)
12744,52,7,21279.29,3,5,5,13,355,Loyal,3039.8985714285714,23.60810810810811,178,318,45.42857142857143,1,1,-1,Champions
12747,2,11,4196.01,5,5,5,15,555,Champions,381.4554545454545,12.37864077669903,42,369,33.54545454545455,1,1,0,Champions
12748,1,209,33719.73,5,5,5,15,555,Champions,161.3384210526316,5.603264417845484,1768,374,1.7894736842105263,1,1,-1,Champions
12749,4,5,4090.88,5,4,5,14,545,Champions,818.176,7.391959798994975,160,213,42.6,1,1,0,Champions
12750,129,1,275.88,2,1,2,5,212,Hibernating,275.88,9.133333333333333,15,129,129.0,0,2,0,At Risk (used to be loyal)
12752,81,1,4366.78,2,1,5,8,215,Others,4366.780000000001,42.679245283018865,53,81,81.0,1,0,-1,Champions
12753,23,6,21429.39,4,5,5,14,455,Champions,3571.565,57.974619289340104,132,363,60.5,1,1,-1,Champions
12754,236,3,3010.74,1,3,5,9,135,Others,1003.58,102.87301587301587,49,309,103.0,1,0,-1,Champions
12755,281,2,3811.95,1,2,5,8,125,Others,1905.9749999999997,372.75,4,366,183.0,0,0,-1,At Risk (used to be loyal)
12756,87,1,112.07999999999998,2,1,1,4,211,Hibernating,112.08000000000001,36.0,4,87,87.0,0,0,0,At Risk (used to be loyal)
12757,16,13,7857.1,4,5,5,14,455,Champions,604.3923076923077,6.474393530997305,237,211,16.23076923076923,1,1,0,Champions
12758,117,2,2791.59,2,2,5,9,225,Others,1395.795,22.010309278350515,84,277,138.5,1,0,0,Champions
12759,52,3,1531.44,3,3,4,10,334,Need Attention,510.4800000000001,9.494736842105263,81,276,92.0,1,0,0,Champions
12762,8,2,1898.52,5,2,4,11,524,New / Promising,949.2600000000002,17.782608695652176,62,25,12.5,2,2,-1,Need Attention
12763,138,2,494.08,2,2,3,7,223,Others,247.04000000000002,17.555555555555557,16,369,184.5,0,0,0,At Risk (used to be loyal)
12764,317,1,1693.88,1,1,4,6,114,Others,1693.88,8.577777777777778,45,317,317.0,0,0,0,At Risk (used to be loyal)
12766,4,7,6989.63,5,5,5,15,555,Champions,998.5185714285715,11.761290322580646,205,366,52.285714285714285,1,1,0,Champions
12769,239,1,1143.6,1,1,4,6,114,Others,1143.6,11.125,32,239,239.0,0,0,0,At Risk (used to be loyal)
12770,211,1,1351.45,1,1,4,6,114,Others,1351.4499999999998,61.916666666666664,12,211,211.0,0,0,-1,At Risk (used to be loyal)
12772,60,1,892.47,3,1,3,7,313,Need Attention,892.4700000000001,10.10909090909091,55,60,60.0,2,2,0,Need Attention
12775,17,5,1386.04,4,4,4,12,444,Champions,277.208,13.287878787878787,47,311,62.2,1,1,0,Champions
12778,20,6,822.23,4,5,3,12,453,Loyal,137.03833333333333,16.5,40,312,52.0,1,1,0,Champions
12779,38,8,3981.36,3,5,5,13,355,Loyal,497.66999999999996,13.583892617449665,88,371,46.375,1,1,0,Champions
12781,64,2,826.74,3,2,3,8,323,Need Attention,413.37,26.84,25,285,142.5,0,0,0,At Risk (used to be loyal)
12782,5,5,2330.92,5,4,5,14,545,Champions,466.1840000000001,10.54368932038835,81,358,71.6,1,1,0,Champions
12783,2,6,2225.91,5,5,5,15,555,Champions,370.98499999999996,7.428571428571429,76,75,12.5,1,1,0,Champions
12784,9,2,574.42,5,2,3,10,523,New / Promising,287.21000000000004,5.084745762711864,54,15,7.5,2,2,0,Need Attention
12785,364,1,311.95,1,1,2,4,112,Hibernating,311.95,9.357142857142858,14,364,364.0,0,0,0,At Risk (used to be loyal)
12787,10,3,463.66,5,3,2,10,532,Others,154.5533333333333,13.05,17,193,64.33333333333333,2,0,0,Need Attention
12789,65,1,91.85,3,1,1,5,311,Need Attention,91.85000000000001,1.0,4,65,65.0,2,2,0,Need Attention
12790,192,1,324.92,1,1,2,4,112,Hibernating,324.9200000000001,7.904761904761905,21,192,192.0,0,0,0,At Risk (used to be loyal)
12791,374,1,192.60000000000002,1,1,1,3,111,Hibernating,192.60000000000002,48.5,2,374,374.0,0,0,0,At Risk (used to be loyal)
12792,257,1,400.53999999999996,1,1,2,4,112,Hibernating,400.53999999999996,8.68,25,257,257.0,0,0,0,At Risk (used to be loyal)
12793,335,2,545.48,1,2,3,6,123,Others,272.74,12.291666666666666,21,371,185.5,0,0,0,At Risk (used to be loyal)
12794,53,2,860.41,3,2,3,8,323,Need Attention,430.205,13.155555555555555,43,99,49.5,2,1,0,Need Attention
12795,19,1,430.48,4,1,2,7,412,New / Promising,430.48,4.857142857142857,14,19,19.0,2,2,0,Need Attention
12797,366,1,254.03,1,1,2,4,112,Hibernating,254.03,9.076923076923077,13,366,366.0,0,0,0,At Risk (used to be loyal)
12798,10,3,6977.04,5,3,5,13,535,Others,2325.68,657.0,6,171,57.0,1,0,-1,Champions
12802,187,1,427.58,1,1,2,4,112,Hibernating,427.58,12.56,25,187,187.0,0,0,0,At Risk (used to be loyal)
12808,37,3,483.65000000000003,3,3,2,8,332,Need Attention,161.21666666666667,6.714285714285714,27,369,123.0,0,0,0,At Risk (used to be loyal)
12809,178,1,489.31,2,1,2,5,212,Hibernating,489.31,8.8,25,178,178.0,0,0,0,At Risk (used to be loyal)
12811,261,3,514.85,1,3,3,7,133,Others,171.61666666666665,7.419354838709677,27,284,94.66666666666667,0,0,0,At Risk (used to be loyal)
12812,45,1,229.64000000000001,3,1,1,5,311,Need Attention,229.64,10.933333333333334,15,45,45.0,2,2,0,Need Attention
12814,102,1,125.92,2,1,1,4,211,Hibernating,125.92,24.5,2,102,102.0,0,0,0,At Risk (used to be loyal)
12815,148,2,1063.46,2,2,4,8,224,Others,531.73,8.063829787234043,38,198,99.0,0,0,0,At Risk (used to be loyal)
12816,96,2,572.2,2,2,3,7,223,Others,286.1,4.413793103448276,27,176,88.0,0,0,0,At Risk (used to be loyal)
12817,281,1,166.04,1,1,1,3,111,Hibernating,166.04,13.25,4,281,281.0,0,0,0,At Risk (used to be loyal)
12818,262,1,1542.08,1,1,4,6,114,Others,1542.08,66.35714285714286,14,262,262.0,0,0,-1,At Risk (used to be loyal)
12820,3,4,942.34,5,4,4,13,544,Champions,235.585,12.23728813559322,55,327,81.75,1,1,0,Champions
12821,214,1,92.72,1,1,1,3,111,Hibernating,92.72,11.666666666666666,6,214,214.0,0,0,0,At Risk (used to be loyal)
12822,71,2,948.88,3,2,4,9,324,Need Attention,474.4400000000001,11.956521739130435,41,87,43.5,2,1,0,Need Attention
12823,75,5,1759.5,2,4,4,10,244,At Risk,351.9,46.0,1,297,59.4,0,0,0,At Risk (used to be loyal)
12824,60,1,397.12,3,1,2,6,312,Need Attention,397.11999999999995,9.28,25,60,60.0,2,2,0,Need Attention
12826,3,7,1474.72,5,5,4,14,554,Champions,210.67428571428573,11.626373626373626,58,365,52.142857142857146,1,1,0,Champions
12827,6,3,430.15000000000003,5,3,2,10,532,Others,143.38333333333333,7.88,19,44,14.666666666666666,2,1,0,Need Attention
12828,3,6,1018.71,5,5,4,14,554,Champions,169.785,8.821428571428571,46,130,21.666666666666668,1,1,0,Champions
12829,337,2,293.0,1,2,2,5,122,Hibernating,146.5,34.18181818181818,9,360,180.0,0,0,0,At Risk (used to be loyal)
12830,38,6,6814.64,3,5,5,13,355,Loyal,1135.7733333333335,259.1578947368421,13,172,28.666666666666668,1,0,-1,Champions
12831,262,1,215.05,1,1,1,3,111,Hibernating,215.05,15.0,9,262,262.0,0,0,0,At Risk (used to be loyal)
12832,32,2,383.03,4,2,2,8,422,New / Promising,191.51500000000001,7.222222222222222,27,98,49.0,2,1,0,Need Attention
12833,145,1,417.38,2,1,2,5,212,Hibernating,417.38,6.5,24,145,145.0,0,2,0,At Risk (used to be loyal)
12834,283,1,312.38,1,1,2,4,112,Hibernating,312.38,6.111111111111111,18,283,283.0,0,0,0,At Risk (used to be loyal)
12836,59,4,2612.86,3,4,5,12,345,Loyal,653.2149999999999,6.08,148,312,78.0,1,1,0,Champions
12837,173,1,134.1,2,1,1,4,211,Hibernating,134.1,2.0,12,173,173.0,0,0,0,At Risk (used to be loyal)
12838,34,2,683.13,3,2,3,8,323,Need Attention,341.565,2.9186991869918697,115,374,187.0,0,0,0,At Risk (used to be loyal)
12839,3,14,5591.42,5,5,5,15,555,Champions,399.38714285714286,12.124203821656051,95,367,26.214285714285715,1,1,0,Champions
12840,144,4,2726.77,2,4,5,11,245,At Risk,681.6925,13.371681415929203,67,227,56.75,1,0,0,Champions
12841,5,25,4022.35,5,5,5,15,555,Champions,160.894,6.564285714285714,229,372,14.88,1,1,0,Champions
12842,70,2,1118.99,3,2,4,9,324,Need Attention,559.495,16.08823529411765,34,309,154.5,0,0,0,At Risk (used to be loyal)
12843,66,8,1702.26,3,5,4,12,354,Loyal,212.78250000000003,7.58252427184466,69,264,33.0,1,1,0,Champions
12844,29,2,325.96000000000004,4,2,2,8,422,New / Promising,162.98,2.4038461538461537,47,130,65.0,2,0,0,Need Attention
12845,267,4,354.09,1,4,2,7,142,At Risk,88.5225,7.555555555555555,26,290,72.5,0,0,0,At Risk (used to be loyal)
12847,22,1,871.54,4,1,3,8,413,New / Promising,871.5399999999998,9.989010989010989,72,22,22.0,2,2,0,Need Attention
12849,31,2,1050.8899999999999,4,2,4,10,424,New / Promising,525.4449999999999,12.215686274509803,47,269,134.5,0,0,0,At Risk (used to be loyal)
12851,97,1,135.18,2,1,1,4,211,Hibernating,135.18,2.18,43,97,97.0,0,2,0,At Risk (used to be loyal)
12852,295,1,311.55,1,1,2,4,112,Hibernating,311.55,8.764705882352942,17,295,295.0,0,0,0,At Risk (used to be loyal)
12853,135,6,1957.1000000000001,2,5,4,11,254,At Risk,326.1833333333334,10.256410256410257,66,316,52.666666666666664,1,0,0,Champions
12854,79,3,1324.5,2,3,4,9,234,Others,441.50000000000006,5.7,95,318,106.0,1,0,0,Champions
12855,373,1,38.1,1,1,1,3,111,Hibernating,38.1,10.0,3,373,373.0,0,0,0,At Risk (used to be loyal)
12856,8,6,2179.93,5,5,5,15,555,Champions,363.32166666666666,3.4363057324840764,155,64,10.666666666666666,1,1,0,Champions
12857,211,2,1106.4,1,2,4,7,124,Others,553.2,7.456521739130435,37,303,151.5,0,0,0,At Risk (used to be loyal)
12863,52,1,521.2,3,1,3,7,313,Need Attention,521.2,37.6,5,52,52.0,2,2,0,Need Attention
12864,138,1,147.12,2,1,1,4,211,Hibernating,147.12,72.0,3,138,138.0,0,0,0,At Risk (used to be loyal)
12865,26,2,1568.23,4,2,4,10,424,New / Promising,784.115,9.736842105263158,86,124,62.0,1,1,0,Champions
12866,283,1,559.12,1,1,3,5,113,Others,559.12,6.576923076923077,26,283,283.0,0,0,0,At Risk (used to be loyal)
12867,26,7,4036.82,4,5,5,14,455,Champions,576.6885714285714,7.988847583643123,240,360,51.42857142857143,1,1,0,Champions
12868,186,6,1607.0600000000002,1,5,4,10,154,At Risk,267.84333333333336,8.672897196261681,72,374,62.333333333333336,1,0,0,Champions
12871,84,2,380.64,2,2,2,6,222,Hibernating,190.32000000000002,18.181818181818183,8,207,103.5,0,0,0,At Risk (used to be loyal)
12872,327,2,599.97,1,2,3,6,123,Others,299.98500000000007,4.833333333333333,58,365,182.5,0,0,0,At Risk (used to be loyal)
12873,282,1,374.0,1,1,2,4,112,Hibernating,374.0,32.0,4,282,282.0,0,0,0,At Risk (used to be loyal)
12875,143,2,343.2300000000001,2,2,2,6,222,Hibernating,171.61500000000004,1009.5,1,363,181.5,0,0,-1,At Risk (used to be loyal)
12876,58,2,2218.02,3,2,5,10,325,Need Attention,1109.0100000000004,22.83529411764706,67,196,98.0,1,0,0,Champions
12877,4,12,1535.77,5,5,4,14,554,Champions,127.98083333333335,7.64935064935065,100,359,29.916666666666668,1,1,0,Champions
12878,236,2,854.99,1,2,3,6,123,Others,427.495,11.638297872340425,38,266,133.0,0,0,0,At Risk (used to be loyal)
12879,45,3,573.22,3,3,3,9,333,Need Attention,191.07333333333335,37.0,7,92,30.666666666666668,2,2,0,Need Attention
12881,276,1,298.0,1,1,2,4,112,Hibernating,298.0,3.0,7,276,276.0,0,0,0,At Risk (used to be loyal)
12882,9,2,1463.04,5,2,4,11,524,New / Promising,731.5199999999999,18.923076923076923,12,34,17.0,2,2,0,Need Attention
12883,25,4,703.47,4,4,3,11,443,Loyal,175.8675,4.666666666666667,39,89,22.25,2,1,0,Need Attention
12884,88,1,309.05,2,1,2,5,212,Hibernating,309.05000000000007,6.142857142857143,7,88,88.0,0,2,0,At Risk (used to be loyal)
12885,63,3,1175.22,3,3,4,10,334,Need Attention,391.73999999999995,9.225352112676056,66,124,41.333333333333336,1,1,0,Champions
12886,68,2,1378.4,3,2,4,9,324,Need Attention,689.1999999999999,9.390243902439025,75,220,110.0,1,0,0,Champions
12888,214,2,354.12,1,2,2,5,122,Hibernating,177.06,15.2,4,255,127.5,0,0,0,At Risk (used to be loyal)
12890,24,1,380.46999999999997,4,1,2,7,412,New / Promising,380.47,3.158536585365854,78,24,24.0,2,2,0,Need Attention
12891,186,3,331.0,1,3,2,6,132,Others,110.33333333333333,316.6666666666667,2,293,97.66666666666667,0,0,-1,At Risk (used to be loyal)
12893,31,1,188.14,4,1,1,6,411,New / Promising,188.14000000000001,2.823529411764706,27,31,31.0,2,2,0,Need Attention
12895,42,2,372.8,3,2,2,7,322,Need Attention,186.4,9.545454545454545,22,87,43.5,2,1,0,Need Attention
12897,205,2,216.5,1,2,1,4,121,Hibernating,108.25,27.5,3,302,151.0,0,0,0,At Risk (used to be loyal)
12901,9,28,17654.54,5,5,5,15,555,Champions,630.5192857142856,198.92241379310346,30,271,9.678571428571429,1,1,-1,Champions
12902,265,1,138.68,1,1,1,3,111,Hibernating,138.67999999999998,6.6,10,265,265.0,0,0,0,At Risk (used to be loyal)
12904,18,2,509.58,4,2,3,9,423,New / Promising,254.79,4.194444444444445,59,172,86.0,0,0,0,At Risk (used to be loyal)
12906,12,5,2919.81,5,4,5,14,545,Champions,583.962,27.761904761904763,55,78,15.6,1,1,0,Champions
12908,176,2,750.0,2,2,3,7,223,Others,375.0,600.0,1,313,156.5,0,0,-1,At Risk (used to be loyal)
12909,40,5,2178.67,3,4,5,12,345,Loyal,435.73400000000004,14.065934065934066,78,253,50.6,1,0,0,Champions
12910,23,8,3075.04,4,5,5,14,455,Champions,384.38000000000005,22.56,48,242,30.25,1,1,0,Champions
12912,3,5,1662.3,5,4,4,13,544,Champions,332.46,27.916666666666668,17,41,8.2,2,2,-1,Need Attention
12913,5,5,2483.63,5,4,5,14,545,Champions,496.72599999999994,28.38,37,368,73.6,1,1,0,Champions
12915,149,2,363.65,2,2,2,6,222,Hibernating,181.825,4.2272727272727275,19,373,186.5,0,0,0,At Risk (used to be loyal)
12916,139,4,3006.15,2,4,5,11,245,At Risk,751.5374999999999,10.457943925233645,53,321,80.25,1,1,0,Champions
12917,128,1,594.0,2,1,3,6,213,Others,594.0,60.0,2,128,128.0,0,0,0,At Risk (used to be loyal)
12919,8,6,1335.19,5,5,4,14,554,Champions,222.53166666666667,13.46,34,170,28.333333333333332,1,1,0,Champions
12920,17,1,164.23,4,1,1,6,411,New / Promising,164.23000000000002,4.607142857142857,27,17,17.0,2,2,0,Need Attention
12921,9,37,16587.09,5,5,5,15,555,Champions,448.29972972972973,13.230555555555556,233,373,10.08108108108108,1,1,0,Champions
12922,161,1,405.38,2,1,2,5,212,Hibernating,405.38,13.214285714285714,28,161,161.0,0,0,0,At Risk (used to be loyal)
12923,64,1,176.97,3,1,1,5,311,Need Attention,176.97,2.3793103448275863,28,64,64.0,2,2,0,Need Attention
12924,88,4,933.7,2,4,3,9,243,At Risk,233.42500000000004,16.033333333333335,22,328,82.0,0,0,0,At Risk (used to be loyal)
12925,5,2,694.05,5,2,3,10,523,New / Promising,347.025,12.022222222222222,42,75,37.5,2,2,0,Need Attention
12928,35,5,2062.7000000000003,3,4,5,12,345,Loyal,412.53999999999996,17.523809523809526,59,359,71.8,1,0,0,Champions
12929,312,1,117.85,1,1,1,3,111,Hibernating,117.85,4.625,8,312,312.0,0,0,0,At Risk (used to be loyal)
12930,78,2,415.8,2,2,2,6,222,Hibernating,207.9,10.08,20,171,85.5,0,0,0,At Risk (used to be loyal)
12931,22,15,42055.96,4,5,5,14,455,Champions,2803.730666666667,341.5121951219512,28,358,23.866666666666667,1,1,-1,Champions
12933,24,3,607.53,4,3,3,10,433,Others,202.51,4.7075471698113205,102,284,94.66666666666667,1,0,0,Champions
12935,2,7,2160.7,5,5,5,15,555,Champions,308.6714285714285,14.364341085271318,80,319,45.57142857142857,1,1,0,Champions
12936,17,4,1063.9,4,4,4,12,444,Champions,265.97499999999997,9.016129032258064,56,78,19.5,2,1,0,Need Attention
12937,15,4,1504.27,4,4,4,12,444,Champions,376.06750000000005,8.391666666666667,81,267,66.75,1,0,0,Champions
12938,26,1,114.14,4,1,1,6,411,New / Promising,114.13999999999999,15.555555555555555,9,26,26.0,2,2,0,Need Attention
12939,64,8,11581.8,3,5,5,13,355,Loyal,1447.7250000000001,103.74468085106383,21,335,41.875,1,0,-1,Champions
12940,55,2,913.54,3,2,3,8,323,Need Attention,456.77,4.151515151515151,87,88,44.0,2,2,0,Need Attention
12942,131,3,683.9,2,3,3,8,233,Others,227.9666666666667,2.7066666666666666,68,366,122.0,0,0,0,At Risk (used to be loyal)
12944,36,2,604.51,3,2,3,8,323,Need Attention,302.25499999999994,9.633333333333333,29,355,177.5,0,0,0,At Risk (used to be loyal)
12945,288,1,462.95,1,1,2,4,112,Hibernating,462.95000000000005,7.173913043478261,23,288,288.0,0,0,0,At Risk (used to be loyal)
12947,144,6,1603.99,2,5,4,11,254,At Risk,267.33166666666665,12.010309278350515,83,373,62.166666666666664,1,0,0,Champions
12948,16,7,2064.95,4,5,5,14,455,Champions,294.99285714285713,9.310344827586206,82,265,37.857142857142854,1,1,0,Champions
12949,31,8,4167.22,4,5,5,14,455,Champions,520.9025,11.074418604651163,166,252,31.5,1,1,0,Champions
12950,2,3,1843.0,5,3,4,12,534,Others,614.3333333333334,60.0,13,24,8.0,2,2,-1,Need Attention
12951,9,6,1064.07,5,5,4,14,554,Champions,177.345,7.984126984126984,53,331,55.166666666666664,1,1,0,Champions
12952,6,4,1387.79,5,4,4,13,544,Champions,346.9475,8.265822784810126,64,78,19.5,1,1,0,Champions
12953,10,1,329.85,5,1,2,8,512,New / Promising,329.85,4.9411764705882355,17,10,10.0,2,2,0,Need Attention
12955,1,11,4757.16,5,5,5,15,555,Champions,432.469090909091,20.355555555555554,81,268,24.363636363636363,1,1,0,Champions
12956,306,1,108.07,1,1,1,3,111,Hibernating,108.07,1.7894736842105263,19,306,306.0,0,0,0,At Risk (used to be loyal)
12957,10,8,4017.54,5,5,5,15,555,Champions,502.1925,10.710084033613445,208,340,42.5,1,1,0,Champions
12962,7,2,266.39,5,2,2,9,522,New / Promising,133.195,8.0625,15,113,56.5,2,1,0,Need Attention
12963,8,8,1856.63,5,5,4,14,554,Champions,232.07875,9.273684210526316,75,366,45.75,1,1,0,Champions
12965,89,1,771.91,2,1,3,6,213,Others,771.91,2.596330275229358,108,89,89.0,2,0,-1,Need Attention
12966,10,1,160.18,5,1,1,7,511,New / Promising,160.18,7.5,10,10,10.0,2,2,0,Need Attention
12967,358,2,1660.9,1,2,4,7,124,Others,830.45,23.05263157894737,19,372,186.0,0,0,0,At Risk (used to be loyal)
12968,112,1,135.95,2,1,1,4,211,Hibernating,135.95,14.6,5,112,112.0,0,2,0,At Risk (used to be loyal)
12970,7,4,452.24,5,4,2,11,542,Loyal,113.06000000000002,2.052980132450331,116,322,80.5,1,0,0,Champions
12971,4,86,11189.91,5,5,5,15,555,Champions,130.11523255813952,30.455737704918032,94,372,4.325581395348837,1,1,-1,Champions
12974,198,1,144.8,1,1,1,3,111,Hibernating,144.8,3.0,8,198,198.0,0,0,0,At Risk (used to be loyal)
12976,212,1,738.6,1,1,3,5,113,Others,738.6,25.5,22,212,212.0,0,0,0,At Risk (used to be loyal)
12977,156,1,39.239999999999995,2,1,1,4,211,Hibernating,39.24,1.3333333333333333,9,156,156.0,0,0,-1,At Risk (used to be loyal)
12980,158,9,7374.900000000001,2,5,5,12,255,At Risk,819.4333333333333,44.3,6,359,39.888888888888886,1,0,0,Champions
12981,30,2,372.21999999999997,4,2,2,8,422,New / Promising,186.10999999999996,12.1,12,133,66.5,0,0,0,At Risk (used to be loyal)
12982,243,1,390.54,1,1,2,4,112,Hibernating,390.53999999999996,10.285714285714286,28,243,243.0,0,0,0,At Risk (used to be loyal)
12984,19,1,97.5,4,1,1,6,411,New / Promising,97.5,6.5,4,19,19.0,2,2,0,Need Attention
12985,1,2,1239.38,5,2,4,11,524,New / Promising,619.6899999999999,20.17105263157895,73,29,14.5,2,2,0,Need Attention
12987,74,2,558.7,2,2,3,7,223,Others,279.35,7.821428571428571,27,198,99.0,0,0,0,At Risk (used to be loyal)
12988,292,1,535.32,1,1,3,5,113,Others,535.3200000000002,1.4782608695652173,75,292,292.0,0,0,0,At Risk (used to be loyal)
12989,3,15,6924.110000000001,5,5,5,15,555,Champions,461.6073333333334,45.984375,41,364,24.266666666666666,1,1,0,Champions
12990,31,3,409.5,4,3,2,9,432,Others,136.50000000000003,15.384615384615385,8,310,103.33333333333333,0,0,0,At Risk (used to be loyal)
12991,23,2,503.76,4,2,3,9,423,New / Promising,251.88000000000002,13.064516129032258,31,112,56.0,2,1,0,Need Attention
12993,23,4,414.76,4,4,2,10,442,Loyal,103.68999999999998,8.88888888888889,26,298,74.5,0,1,0,At Risk (used to be loyal)
12994,4,3,974.4200000000001,5,3,4,12,534,Others,324.8066666666667,7.524590163934426,52,269,89.66666666666667,1,1,0,Champions
12995,85,1,211.32,2,1,1,4,211,Hibernating,211.32,36.0,3,85,85.0,0,0,0,At Risk (used to be loyal)
12997,22,4,1226.89,4,4,4,12,444,Champions,306.7225,11.254237288135593,45,317,79.25,1,1,0,Champions
12999,196,3,455.88,1,3,2,6,132,Others,151.96,12.214285714285714,25,246,82.0,0,0,0,At Risk (used to be loyal)
13000,107,3,534.85,2,3,3,8,233,Others,178.2833333333334,12.225806451612904,30,365,121.66666666666667,0,0,0,At Risk (used to be loyal)
13001,4,13,9818.82,5,5,5,15,555,Champions,755.2938461538462,16.238938053097346,166,327,25.153846153846153,1,1,0,Champions
13002,318,1,120.94999999999999,1,1,1,3,111,Hibernating,120.94999999999999,10.428571428571429,7,318,318.0,0,0,0,At Risk (used to be loyal)
13003,106,3,149.05,2,3,1,6,231,Others,49.68333333333334,17.166666666666668,4,215,71.66666666666667,0,0,0,At Risk (used to be loyal)
13004,12,18,5655.91,5,5,5,15,555,Champions,314.21722222222223,11.935643564356436,277,358,19.88888888888889,1,1,0,Champions
13005,174,2,513.7,2,2,3,7,223,Others,256.84999999999997,6.615384615384615,21,246,123.0,0,0,0,At Risk (used to be loyal)
13006,56,1,81.57,3,1,1,5,311,Need Attention,81.57,13.75,4,56,56.0,2,0,0,Need Attention
13008,323,1,229.46999999999997,1,1,1,3,111,Hibernating,229.47000000000003,12.5,14,323,323.0,0,0,0,At Risk (used to be loyal)
13011,372,1,50.550000000000004,1,1,1,3,111,Hibernating,50.550000000000004,4.333333333333333,3,372,372.0,0,0,0,At Risk (used to be loyal)
13012,9,8,1661.8400000000001,5,5,4,14,554,Champions,207.73000000000002,9.258426966292134,67,295,36.875,1,1,0,Champions
13013,1,13,4810.9400000000005,5,5,5,15,555,Champions,370.0723076923077,10.155251141552512,155,372,28.615384615384617,1,1,0,Champions
13014,11,10,3466.2799999999997,5,5,5,15,555,Champions,346.628,8.302752293577981,67,281,28.1,1,1,0,Champions
13015,53,5,3346.28,3,4,5,12,345,Loyal,669.256,9.1875,156,249,49.8,1,1,0,Champions
13016,73,3,789.89,2,3,3,8,233,Others,263.2966666666666,11.212765957446809,39,123,41.0,2,0,0,Need Attention
13017,7,1,204.0,5,1,1,7,511,New / Promising,204.0,48.0,1,7,7.0,2,2,-1,Need Attention
13018,16,28,7277.7,4,5,5,14,455,Champions,259.91785714285714,11.866812227074236,313,296,10.571428571428571,1,1,0,Champions
13021,4,9,2616.38,5,5,5,15,555,Champions,290.7088888888889,10.320610687022901,101,359,39.888888888888886,1,1,0,Champions
13023,64,2,689.9,3,2,3,8,323,Need Attention,344.95000000000005,7.15,36,130,65.0,0,0,0,At Risk (used to be loyal)
13026,1,5,975.36,5,4,4,13,544,Champions,195.072,40.5,32,276,55.2,1,0,0,Champions
13027,114,6,6912.0,2,5,5,12,255,At Risk,1152.0,664.6153846153846,6,355,59.166666666666664,1,0,-1,Champions
13028,23,2,661.3199999999999,4,2,3,9,423,New / Promising,330.6600000000001,17.733333333333334,40,45,22.5,2,2,0,Need Attention
13029,31,3,1247.5,4,3,4,11,434,Others,415.8333333333333,13.4,8,353,117.66666666666667,0,0,0,At Risk (used to be loyal)
13030,11,2,799.48,5,2,3,10,523,New / Promising,399.74000000000007,3.9797979797979797,76,368,184.0,1,0,0,Champions
13032,52,2,1010.18,3,2,4,9,324,Need Attention,505.0900000000001,5.28169014084507,55,87,43.5,2,1,0,Need Attention
13033,357,1,190.55,1,1,1,3,111,Hibernating,190.54999999999998,7.545454545454546,11,357,357.0,0,0,0,At Risk (used to be loyal)
13034,55,2,642.77,3,2,3,8,323,Need Attention,321.38500000000005,9.972972972972974,37,369,184.5,0,0,0,At Risk (used to be loyal)
13035,74,2,921.88,2,2,3,7,223,Others,460.94,23.85185185185185,23,261,130.5,0,0,0,At Risk (used to be loyal)
13037,138,3,881.07,2,3,3,8,233,Others,293.69,8.979166666666666,44,256,85.33333333333333,0,0,0,At Risk (used to be loyal)
13038,80,3,908.46,2,3,3,8,233,Others,302.82,12.857142857142858,24,291,97.0,0,0,0,At Risk (used to be loyal)
13040,9,2,676.99,5,2,3,10,523,New / Promising,338.495,8.255813953488373,38,33,16.5,2,2,0,Need Attention
13043,273,1,516.42,1,1,3,5,113,Others,516.4200000000001,19.53846153846154,13,273,273.0,0,0,0,At Risk (used to be loyal)
13044,291,1,560.47,1,1,3,5,113,Others,560.47,13.0,33,291,291.0,0,0,0,At Risk (used to be loyal)
13045,99,1,305.28000000000003,2,1,2,5,212,Hibernating,305.28,12.277777777777779,18,99,99.0,0,2,0,At Risk (used to be loyal)
13046,31,2,629.31,4,2,3,9,423,New / Promising,314.655,7.542857142857143,33,266,133.0,0,0,0,At Risk (used to be loyal)
13047,32,10,3237.54,4,5,5,14,455,Champions,323.754,8.087209302325581,106,374,37.4,1,1,0,Champions
13048,14,4,1835.91,4,4,4,12,444,Champions,458.97749999999996,9.102941176470589,77,327,81.75,1,0,0,Champions
13049,64,2,656.6800000000001,3,2,3,8,323,Need Attention,328.3400000000001,19.142857142857142,14,318,159.0,0,0,0,At Risk (used to be loyal)
13050,15,17,5836.86,4,5,5,14,455,Champions,343.34470588235297,9.300248138957816,246,367,21.58823529411765,1,1,0,Champions
13052,212,1,348.15000000000003,1,1,2,4,112,Hibernating,348.15000000000003,12.333333333333334,18,212,212.0,0,0,0,At Risk (used to be loyal)
13055,78,3,1214.41,2,3,4,9,234,Others,404.80333333333334,11.763157894736842,74,214,71.33333333333333,1,0,0,Champions
13058,25,3,271.40000000000003,4,3,2,9,432,Others,90.46666666666665,6.5,5,152,50.666666666666664,0,0,0,At Risk (used to be loyal)
13059,250,1,183.4,1,1,1,3,111,Hibernating,183.4,4.375,8,250,250.0,0,0,0,At Risk (used to be loyal)
13060,254,1,307.53,1,1,2,4,112,Hibernating,307.53000000000003,8.2,15,254,254.0,0,0,0,At Risk (used to be loyal)
13061,72,1,248.61,3,1,1,5,311,Need Attention,248.61,10.7,10,72,72.0,2,2,0,Need Attention
13062,191,1,346.98,1,1,2,4,112,Hibernating,346.98,31.181818181818183,11,191,191.0,0,0,0,At Risk (used to be loyal)
13064,13,4,1119.49,5,4,4,13,544,Champions,279.87250000000006,7.478260869565218,51,327,81.75,1,1,0,Champions
13065,373,1,205.86,1,1,1,3,111,Hibernating,205.85999999999999,5.285714285714286,14,373,373.0,0,0,0,At Risk (used to be loyal)
13066,24,2,470.8,4,2,2,8,422,New / Promising,235.39999999999998,6.708333333333333,48,32,16.0,2,2,0,Need Attention
13067,82,1,115.46000000000001,2,1,1,4,211,Hibernating,115.46000000000001,2.1333333333333333,14,82,82.0,0,2,0,At Risk (used to be loyal)
13068,10,2,344.0,5,2,2,9,522,New / Promising,172.0,100.0,1,320,160.0,0,0,-1,At Risk (used to be loyal)
13069,1,24,4436.12,5,5,5,15,555,Champions,184.83833333333334,13.847058823529412,281,370,15.416666666666666,1,1,0,Champions
13070,192,1,228.8,1,1,1,3,111,Hibernating,228.8,12.222222222222221,9,192,192.0,0,0,0,At Risk (used to be loyal)
13072,267,1,177.15,1,1,1,3,111,Hibernating,177.14999999999998,9.857142857142858,7,267,267.0,0,0,0,At Risk (used to be loyal)
13075,130,1,919.61,2,1,3,6,213,Others,919.6100000000001,22.045454545454547,22,130,130.0,0,0,0,At Risk (used to be loyal)
13077,1,4,729.27,5,4,3,12,543,Loyal,182.31750000000002,7.705357142857143,99,366,91.5,1,1,0,Champions
13078,3,26,12627.94,5,5,5,15,555,Champions,485.68999999999994,15.726256983240223,95,367,14.115384615384615,1,1,0,Champions
13079,4,5,220.10000000000002,5,4,1,10,541,Loyal,44.019999999999996,10.333333333333334,2,140,28.0,2,0,-1,Need Attention
13080,179,1,58.08,2,1,1,4,211,Hibernating,58.08,20.0,6,179,179.0,0,0,0,At Risk (used to be loyal)
13081,12,11,28337.38,5,5,5,15,555,Champions,2576.1254545454544,18.62109375,503,371,33.72727272727273,1,1,-1,Champions
13082,126,9,3613.63,2,5,5,12,255,At Risk,401.5144444444444,59.23287671232877,63,338,37.55555555555556,1,0,0,Champions
13083,4,2,303.75,5,2,2,9,522,New / Promising,151.875,10.38888888888889,15,76,38.0,2,1,0,Need Attention
13085,158,2,416.08000000000004,2,2,2,6,222,Hibernating,208.04000000000002,9.818181818181818,17,295,147.5,0,0,0,At Risk (used to be loyal)
13089,3,97,58825.83,5,5,5,15,555,Champions,606.4518556701031,17.09020902090209,636,370,3.814432989690722,1,1,-1,Champions
13090,9,14,8910.82,5,5,5,15,555,Champions,636.4871428571427,14.6,98,373,26.642857142857142,1,1,0,Champions
13091,28,1,345.82,4,1,2,7,412,New / Promising,345.82000000000005,22.19047619047619,21,28,28.0,2,2,0,Need Attention
13092,71,5,477.83,3,4,2,9,342,Loyal,95.566,11.16,19,360,72.0,0,0,0,At Risk (used to be loyal)
13093,276,8,7832.47,1,5,5,11,155,At Risk,979.0587500000001,24.91194968553459,97,373,46.625,1,1,0,Champions
13094,21,12,1927.3200000000002,4,5,4,13,454,Champions,160.61,71.5,4,369,30.75,1,0,-1,Champions
13095,71,1,74.39999999999999,3,1,1,5,311,Need Attention,74.4,24.0,6,71,71.0,0,0,0,At Risk (used to be loyal)
13097,33,10,6010.42,4,5,5,14,455,Champions,601.0419999999999,5.58628841607565,214,360,36.0,1,1,0,Champions
13098,1,28,28882.44,5,5,5,15,555,Champions,1031.5157142857142,27.916083916083917,156,317,11.321428571428571,1,1,0,Champions
13099,99,1,207.35999999999999,2,1,1,4,211,Hibernating,207.35999999999999,288.0,1,99,99.0,0,0,-1,At Risk (used to be loyal)
13101,234,1,101.19,1,1,1,3,111,Hibernating,101.19,14.125,8,234,234.0,0,0,0,At Risk (used to be loyal)
13102,1,24,6424.09,5,5,5,15,555,Champions,267.67041666666665,13.828947368421053,140,365,15.208333333333334,1,1,0,Champions
13103,40,1,243.94,3,1,1,5,311,Need Attention,243.94,10.25,8,40,40.0,2,2,0,Need Attention
13104,3,6,1098.48,5,5,4,14,554,Champions,183.08,25.2,14,355,59.166666666666664,1,1,0,Champions
13106,133,1,76.5,2,1,1,4,211,Hibernating,76.5,18.0,1,133,133.0,0,0,0,At Risk (used to be loyal)
13107,44,4,1531.6200000000001,3,4,4,11,344,Loyal,382.9050000000001,22.29310344827586,54,334,83.5,1,0,0,Champions
13108,373,1,350.06,1,1,2,4,112,Hibernating,350.05999999999995,29.8,10,373,373.0,0,0,0,At Risk (used to be loyal)
13109,60,2,786.54,3,2,3,8,323,Need Attention,393.27,11.063829787234043,41,157,78.5,0,0,0,At Risk (used to be loyal)
13110,31,7,1488.67,4,5,4,13,454,Champions,212.66714285714286,2.6758620689655173,109,311,44.42857142857143,1,1,0,Champions
13113,1,24,12245.960000000001,5,5,5,15,555,Champions,510.2483333333333,15.225,95,366,15.25,1,1,0,Champions
13115,12,4,2294.78,5,4,5,14,545,Champions,573.6949999999999,13.058333333333334,88,184,46.0,1,1,0,Champions
13116,138,1,501.14,2,1,3,6,213,Others,501.14,9.7,30,138,138.0,0,2,0,At Risk (used to be loyal)
13117,22,8,984.91,4,5,4,13,454,Champions,123.11375000000001,12.43421052631579,66,372,46.5,1,1,0,Champions
13118,20,5,1197.81,4,4,4,12,444,Champions,239.56199999999998,5.189873417721519,68,289,57.8,1,1,0,Champions
13120,239,1,30.599999999999998,1,1,1,3,111,Hibernating,30.599999999999998,12.0,1,239,239.0,0,0,0,At Risk (used to be loyal)
13121,269,1,283.73,1,1,2,4,112,Hibernating,283.72999999999996,5.04,50,269,269.0,0,0,0,At Risk (used to be loyal)
13122,94,2,922.39,2,2,3,7,223,Others,461.195,10.636363636363637,54,240,120.0,0,0,0,At Risk (used to be loyal)
13124,90,3,3866.33,2,3,5,10,235,Others,1288.7766666666666,9.136170212765958,185,359,119.66666666666667,1,1,0,Champions
13126,5,8,2099.64,5,5,5,15,555,Champions,262.455,15.307142857142857,124,367,45.875,1,1,0,Champions
13127,78,1,259.17,2,1,2,5,212,Hibernating,259.16999999999996,8.466666666666667,15,78,78.0,2,2,0,Need Attention
13130,94,1,64.0,2,1,1,4,211,Hibernating,64.0,16.0,2,94,94.0,0,0,0,At Risk (used to be loyal)
13131,23,3,1073.3,4,3,4,11,434,Others,357.7666666666666,10.159090909090908,30,188,62.666666666666664,1,0,0,Champions
13132,262,1,77.3,1,1,1,3,111,Hibernating,77.3,6.666666666666667,3,262,262.0,0,0,0,At Risk (used to be loyal)
13133,274,2,109.8,1,2,1,4,121,Hibernating,54.900000000000006,4.571428571428571,7,304,152.0,0,0,0,At Risk (used to be loyal)
13134,86,4,1793.58,2,4,4,10,244,At Risk,448.39500000000004,10.806122448979592,94,240,60.0,1,0,0,Champions
13135,197,1,3096.0,1,1,5,7,115,Others,3096.0,4300.0,1,197,197.0,0,0,-1,At Risk (used to be loyal)
13136,56,5,2607.61,3,4,5,12,345,Loyal,521.5219999999999,10.456692913385826,94,213,42.6,1,1,0,Champions
13137,11,8,3650.41,5,5,5,15,555,Champions,456.30125,3.1619318181818183,345,309,38.625,1,1,0,Champions
13138,22,6,962.39,4,5,4,13,454,Champions,160.39833333333334,7.507936507936508,31,372,62.0,1,1,0,Champions
13139,16,7,5064.94,4,5,5,14,455,Champions,723.5628571428572,14.264705882352942,132,260,37.142857142857146,1,1,0,Champions
13140,108,3,423.72,2,3,2,7,232,Others,141.24,4.043478260869565,40,366,122.0,0,0,0,At Risk (used to be loyal)
13141,85,5,2388.75,2,4,5,11,245,At Risk,477.75,11.466666666666667,113,315,63.0,1,0,0,Champions
13142,19,1,307.09,4,1,2,7,412,New / Promising,307.0899999999999,11.217391304347826,23,19,19.0,2,2,0,Need Attention
13144,333,1,110.95,1,1,1,3,111,Hibernating,110.94999999999999,7.0,3,333,333.0,0,0,0,At Risk (used to be loyal)
13145,40,4,618.52,3,4,3,10,343,Loyal,154.63,24.166666666666668,5,372,93.0,0,0,0,At Risk (used to be loyal)
13146,26,1,228.91,4,1,1,6,411,New / Promising,228.91,9.058823529411764,16,26,26.0,2,2,0,Need Attention
13147,10,4,712.8000000000001,5,4,3,12,543,Loyal,178.20000000000002,36.0,1,100,25.0,2,0,-1,Need Attention
13148,29,12,3707.12,4,5,5,14,455,Champions,308.9266666666667,6.191222570532916,231,364,30.333333333333332,1,1,0,Champions
13149,14,4,1676.06,4,4,4,12,444,Champions,419.01500000000004,14.883720930232558,76,289,72.25,1,0,0,Champions
13151,296,1,1257.8700000000001,1,1,4,6,114,Others,1257.8700000000003,4.905405405405405,73,296,296.0,0,0,0,At Risk (used to be loyal)
13153,6,1,486.22,5,1,2,8,512,New / Promising,486.22,27.866666666666667,15,6,6.0,2,2,-1,Need Attention
13155,33,4,971.76,4,4,4,12,444,Champions,242.94000000000005,5.847058823529411,67,369,92.25,1,0,0,Champions
13157,49,4,1741.22,3,4,4,11,344,Loyal,435.30499999999995,16.54022988505747,69,298,74.5,1,0,0,Champions
13158,95,4,1201.06,2,4,4,10,244,At Risk,300.265,9.924050632911392,59,319,79.75,1,0,0,Champions
13159,9,4,1437.85,5,4,4,13,544,Champions,359.4625,8.75206611570248,114,116,29.0,1,1,0,Champions
13160,22,1,91.8,4,1,1,6,411,New / Promising,91.8,14.0,4,22,22.0,2,2,0,Need Attention
13161,313,1,112.75,1,1,1,3,111,Hibernating,112.75,3.625,8,313,313.0,0,0,0,At Risk (used to be loyal)
13162,122,4,1688.29,2,4,4,10,244,At Risk,422.07249999999993,21.68354430379747,74,335,83.75,1,0,0,Champions
13165,46,2,1021.48,3,2,4,9,324,Need Attention,510.74,32.76190476190476,40,351,175.5,0,0,0,At Risk (used to be loyal)
13166,283,1,417.2,1,1,2,4,112,Hibernating,417.20000000000005,5.2682926829268295,39,283,283.0,0,0,0,At Risk (used to be loyal)
13167,19,4,791.33,4,4,3,11,443,Loyal,197.83249999999998,12.076923076923077,51,144,36.0,1,1,0,Champions
13168,36,4,1319.19,3,4,4,11,344,Loyal,329.7975,5.206106870229007,102,318,79.5,1,1,0,Champions
13169,64,2,712.88,3,2,3,8,323,Need Attention,356.44,20.923076923076923,11,252,126.0,0,0,0,At Risk (used to be loyal)
13170,27,1,116.00999999999999,4,1,1,6,411,New / Promising,116.00999999999999,4.59375,29,27,27.0,2,2,0,Need Attention
13171,22,3,468.41,4,3,2,9,432,Others,156.13666666666666,4.978260869565218,37,299,99.66666666666667,0,0,0,At Risk (used to be loyal)
13173,4,2,353.65,5,2,2,9,522,New / Promising,176.82500000000002,6.441860465116279,41,367,183.5,0,0,0,At Risk (used to be loyal)
13174,16,3,2817.03,4,3,5,12,435,Others,939.0099999999999,4.442675159235669,228,369,123.0,1,1,0,Champions
13176,46,1,492.84,3,1,3,7,313,Need Attention,492.84000000000003,6.291666666666667,66,46,46.0,2,2,0,Need Attention
13177,65,1,282.45,3,1,2,6,312,Need Attention,282.45,5.352941176470588,17,65,65.0,2,2,0,Need Attention
13178,26,11,5725.47,4,5,5,14,455,Champions,520.4972727272726,13.471698113207546,95,361,32.81818181818182,1,1,0,Champions
13182,45,1,121.18,3,1,1,5,311,Need Attention,121.18,18.272727272727273,11,45,45.0,2,2,0,Need Attention
13183,8,9,3957.78,5,5,5,15,555,Champions,439.7533333333334,23.48936170212766,51,335,37.22222222222222,1,1,0,Champions
13184,15,10,1701.29,4,5,4,13,454,Champions,170.129,9.348066298342541,138,290,29.0,1,1,0,Champions
13185,268,1,71.4,1,1,1,3,111,Hibernating,71.4,12.0,1,268,268.0,0,0,0,At Risk (used to be loyal)
13186,40,3,1575.89,3,3,4,10,334,Need Attention,525.2966666666667,10.379746835443038,69,129,43.0,1,1,0,Champions
13187,337,1,236.02,1,1,1,3,111,Hibernating,236.01999999999998,2.5675675675675675,37,337,337.0,0,0,0,At Risk (used to be loyal)
13188,11,1,114.60000000000001,5,1,1,7,511,New / Promising,114.60000000000001,12.5,2,11,11.0,2,2,0,Need Attention
13189,19,2,260.68,4,2,2,8,422,New / Promising,130.33999999999997,29.03448275862069,29,115,57.5,2,0,0,Need Attention
13192,95,2,911.94,2,2,3,7,223,Others,455.9700000000001,9.444444444444445,57,205,102.5,0,0,0,At Risk (used to be loyal)
13193,61,1,117.88,3,1,1,5,311,Need Attention,117.88000000000001,1.7241379310344827,22,61,61.0,2,2,0,Need Attention
13194,136,1,60.7,2,1,1,4,211,Hibernating,60.7,8.666666666666666,3,136,136.0,0,0,0,At Risk (used to be loyal)
13196,11,4,1797.78,5,4,4,13,544,Champions,449.445,11.127272727272727,97,262,65.5,1,1,0,Champions
13198,10,6,3401.2400000000002,5,5,5,15,555,Champions,566.8733333333333,11.716814159292035,199,362,60.333333333333336,1,1,0,Champions
13199,4,38,9817.12,5,5,5,15,555,Champions,258.3452631578947,51.89915966386555,48,367,9.657894736842104,1,1,-1,Champions
13200,19,4,870.09,4,4,3,11,443,Loyal,217.52250000000004,11.217391304347826,42,126,31.5,1,1,0,Champions
13203,10,4,869.46,5,4,3,12,543,Loyal,217.36499999999998,14.035087719298245,56,242,60.5,1,1,0,Champions
13207,15,2,250.26000000000002,4,2,2,8,422,New / Promising,125.13000000000001,16.25,7,151,75.5,0,0,0,At Risk (used to be loyal)
13208,59,6,1223.9,3,5,4,12,354,Loyal,203.98333333333335,5.395973154362416,124,309,51.5,1,1,0,Champions
13209,30,8,5891.61,4,5,5,14,455,Champions,736.45125,13.249221183800623,255,362,45.25,1,1,0,Champions
13210,94,1,353.48,2,1,2,5,212,Hibernating,353.48,14.363636363636363,22,94,94.0,0,2,0,At Risk (used to be loyal)
13211,10,3,1197.42,5,3,4,12,534,Others,399.14000000000004,15.607142857142858,45,361,120.33333333333333,1,0,0,Champions
13212,20,3,788.08,4,3,3,10,433,Others,262.6933333333333,2.183098591549296,128,61,20.333333333333332,2,1,0,Need Attention
13213,57,5,1520.58,3,4,4,11,344,Loyal,304.116,15.11111111111111,82,200,40.0,1,0,0,Champions
13216,268,1,333.74,1,1,2,4,112,Hibernating,333.74,59.4,5,268,268.0,0,0,0,At Risk (used to be loyal)
13217,122,3,533.98,2,3,3,8,233,Others,177.99333333333334,65.5,3,157,52.333333333333336,0,0,0,At Risk (used to be loyal)
13218,127,1,62.63999999999999,2,1,1,4,211,Hibernating,62.64,17.6,5,127,127.0,0,0,0,At Risk (used to be loyal)
13220,78,4,819.2900000000001,2,4,3,9,243,At Risk,204.8225,9.333333333333334,18,237,59.25,0,0,0,At Risk (used to be loyal)
13221,240,2,847.41,1,2,3,6,123,Others,423.70500000000004,3.696969696969697,62,359,179.5,0,0,0,At Risk (used to be loyal)
13223,200,2,163.20000000000002,1,2,1,4,121,Hibernating,81.60000000000001,17.6,5,232,116.0,0,0,0,At Risk (used to be loyal)
13224,60,2,2155.95,3,2,5,10,325,Need Attention,1077.9749999999997,14.055555555555555,101,151,75.5,1,1,0,Champions
13225,3,7,6463.84,5,5,5,15,555,Champions,923.4057142857143,106.75,23,362,51.714285714285715,1,0,0,Champions
13226,273,1,108.21000000000001,1,1,1,3,111,Hibernating,108.21,5.0,16,273,273.0,0,0,0,At Risk (used to be loyal)
13227,202,1,257.7,1,1,2,4,112,Hibernating,257.7,11.0,9,202,202.0,0,0,0,At Risk (used to be loyal)
13228,81,1,358.0,2,1,2,5,212,Hibernating,358.0,100.0,2,81,81.0,0,0,-1,At Risk (used to be loyal)
13229,226,1,160.95,1,1,1,3,111,Hibernating,160.95,6.3,10,226,226.0,0,0,0,At Risk (used to be loyal)
13230,4,14,2806.97,5,5,5,15,555,Champions,200.49785714285716,2.7250409165302782,393,365,26.071428571428573,1,1,0,Champions
13232,13,7,1357.6,5,5,4,14,554,Champions,193.94285714285715,3.758454106280193,147,243,34.714285714285715,1,1,0,Champions
13233,74,2,605.12,2,2,3,7,223,Others,302.55999999999995,23.348837209302324,43,336,168.0,0,0,0,At Risk (used to be loyal)
13235,212,1,1031.07,1,1,4,6,114,Others,1031.0700000000002,7.603448275862069,53,212,212.0,0,0,0,At Risk (used to be loyal)
13236,25,2,744.85,4,2,3,9,423,New / Promising,372.425,11.555555555555555,34,107,53.5,2,1,0,Need Attention
13238,17,4,700.73,4,4,3,11,443,Loyal,175.18249999999998,9.612903225806452,20,360,90.0,0,0,0,At Risk (used to be loyal)
13239,262,1,329.56,1,1,2,4,112,Hibernating,329.56,15.571428571428571,21,262,262.0,0,0,0,At Risk (used to be loyal)
13240,96,4,663.65,2,4,3,9,243,At Risk,165.91250000000002,4.447761194029851,59,366,91.5,0,0,0,At Risk (used to be loyal)
13242,112,3,270.40000000000003,2,3,2,7,232,Others,90.13333333333334,10.0,12,214,71.33333333333333,0,0,0,At Risk (used to be loyal)
13243,203,1,600.07,1,1,3,5,113,Others,600.0700000000002,4.017241379310345,56,203,203.0,0,0,0,At Risk (used to be loyal)
13244,93,1,121.74000000000001,2,1,1,4,211,Hibernating,121.74,1.4074074074074074,27,93,93.0,0,2,0,At Risk (used to be loyal)
13245,51,1,430.5,3,1,2,6,312,Need Attention,430.5,7.8125,16,51,51.0,2,2,0,Need Attention
13246,18,6,1987.3,4,5,4,13,454,Champions,331.21666666666664,11.361702127659575,110,330,55.0,1,1,0,Champions
13247,18,4,501.12,4,4,3,11,443,Loyal,125.27999999999999,13.12,18,83,20.75,2,1,0,Need Attention
13248,125,2,465.68,2,2,2,6,222,Hibernating,232.83999999999997,11.73076923076923,25,189,94.5,0,0,0,At Risk (used to be loyal)
13249,92,3,711.41,2,3,3,8,233,Others,237.13666666666666,23.73913043478261,21,261,87.0,0,0,0,At Risk (used to be loyal)
13253,157,2,1030.4,2,2,4,8,224,Others,515.1999999999999,43.666666666666664,35,339,169.5,0,0,0,At Risk (used to be loyal)
13255,9,2,399.51,5,2,2,9,522,New / Promising,199.755,13.615384615384615,13,374,187.0,0,0,0,At Risk (used to be loyal)
13258,12,3,698.58,5,3,3,11,533,Others,232.85999999999999,7.552631578947368,28,205,68.33333333333333,1,0,0,Champions
13259,62,1,292.32,3,1,2,6,312,Need Attention,292.31999999999994,1.5172413793103448,77,62,62.0,2,2,0,Need Attention
13260,61,1,557.62,3,1,3,7,313,Need Attention,557.62,17.75,8,61,61.0,2,2,0,Need Attention
13261,269,2,944.1,1,2,4,7,124,Others,472.05,23.333333333333332,8,286,143.0,0,0,0,At Risk (used to be loyal)
13262,263,1,200.29,1,1,1,3,111,Hibernating,200.29,11.363636363636363,11,263,263.0,0,0,0,At Risk (used to be loyal)
13263,1,35,7454.07,5,5,5,15,555,Champions,212.97342857142857,2.8503279666070362,450,325,9.285714285714286,1,1,0,Champions
13265,53,5,2107.66,3,4,5,12,345,Loyal,421.53200000000004,19.252747252747252,66,274,54.8,1,0,0,Champions
13266,11,12,3834.2599999999998,5,5,5,15,555,Champions,319.5216666666667,23.67914438502674,82,257,21.416666666666668,1,1,0,Champions
13267,3,19,4521.49,5,5,5,15,555,Champions,237.97315789473683,9.33175355450237,88,367,19.31578947368421,1,1,0,Champions
13268,18,11,3214.69,4,5,5,14,455,Champions,292.24454545454546,8.313636363636364,257,267,24.272727272727273,1,1,0,Champions
13269,1,15,5346.2300000000005,5,5,5,15,555,Champions,356.4153333333333,11.120253164556962,177,370,24.666666666666668,1,1,0,Champions
13270,366,1,590.0,1,1,3,5,113,Others,590.0,200.0,1,366,366.0,0,0,-1,At Risk (used to be loyal)
13271,37,1,217.38,3,1,1,5,311,Need Attention,217.38,2.6354166666666665,79,37,37.0,2,2,0,Need Attention
13272,31,2,276.56,4,2,2,8,422,New / Promising,138.28000000000003,6.4,15,90,45.0,2,0,0,Need Attention
13273,113,1,138.98,2,1,1,4,211,Hibernating,138.98,9.5625,16,113,113.0,0,2,0,At Risk (used to be loyal)
13276,64,2,590.9300000000001,3,2,3,8,323,Need Attention,295.465,5.366666666666666,30,100,50.0,2,1,0,Need Attention
13277,16,4,258.4,4,4,2,10,442,Loyal,64.6,22.0,5,134,33.5,2,0,-1,Need Attention
13278,41,1,542.73,3,1,3,7,313,Need Attention,542.73,11.673913043478262,46,41,41.0,2,2,0,Need Attention
13279,78,1,137.75,2,1,1,4,211,Hibernating,137.75,8.11111111111111,9,78,78.0,0,2,0,At Risk (used to be loyal)
13280,122,3,814.86,2,3,3,8,233,Others,271.62,6.141176470588236,67,337,112.33333333333333,0,0,0,At Risk (used to be loyal)
13282,18,3,1132.14,4,3,4,11,434,Others,377.38000000000005,8.297297297297296,29,221,73.66666666666667,1,0,0,Champions
13283,60,2,93.66,3,2,1,6,321,Need Attention,46.83,12.857142857142858,7,186,93.0,0,0,0,At Risk (used to be loyal)
13284,331,1,201.19,1,1,1,3,111,Hibernating,201.19,7.0,13,331,331.0,0,0,0,At Risk (used to be loyal)
13285,23,4,2709.12,4,4,5,13,445,Champions,677.2800000000001,10.967914438502675,157,290,72.5,1,1,0,Champions
13291,156,1,361.11,2,1,2,5,212,Hibernating,361.11,5.5476190476190474,41,156,156.0,0,2,0,At Risk (used to be loyal)
13292,39,2,578.9399999999999,3,2,3,8,323,Need Attention,289.46999999999997,11.193548387096774,29,284,142.0,0,0,0,At Risk (used to be loyal)
13294,190,2,873.74,1,2,3,6,123,Others,436.87,8.38888888888889,48,250,125.0,0,0,0,At Risk (used to be loyal)
13295,360,1,201.20000000000002,1,1,1,3,111,Hibernating,201.2,8.2,10,360,360.0,0,0,0,At Risk (used to be loyal)
13296,137,1,87.4,2,1,1,4,211,Hibernating,87.4,15.6,5,137,137.0,0,0,0,At Risk (used to be loyal)
13297,8,4,2089.85,5,4,5,14,545,Champions,522.4625,16.322033898305083,52,67,16.75,1,1,0,Champions
13298,1,1,360.0,5,1,2,8,512,New / Promising,360.0,48.0,2,1,1.0,2,2,-1,Need Attention
13299,268,1,142.5,1,1,1,3,111,Hibernating,142.5,6.0,5,268,268.0,0,0,0,At Risk (used to be loyal)
13300,169,1,371.89,2,1,2,5,212,Hibernating,371.89,10.15,20,169,169.0,0,0,0,At Risk (used to be loyal)
13301,104,4,618.09,2,4,3,9,243,At Risk,154.5225,4.2592592592592595,75,292,73.0,0,0,0,At Risk (used to be loyal)
13302,155,1,63.75,2,1,1,4,211,Hibernating,63.75,5.0,1,155,155.0,0,0,0,At Risk (used to be loyal)
13304,351,1,300.42,1,1,2,4,112,Hibernating,300.41999999999996,11.333333333333334,21,351,351.0,0,0,0,At Risk (used to be loyal)
13305,4,10,2000.86,5,5,4,14,554,Champions,200.08599999999996,15.209876543209877,50,373,37.3,1,1,0,Champions
13307,120,1,15.0,2,1,1,4,211,Hibernating,15.0,4.0,1,120,120.0,0,0,-1,At Risk (used to be loyal)
13308,23,3,1385.51,4,3,4,11,434,Others,461.83666666666664,15.61111111111111,49,203,67.66666666666667,1,0,0,Champions
13309,7,5,1456.79,5,4,4,13,544,Champions,291.358,14.429906542056075,82,309,61.8,1,1,0,Champions
13310,28,3,1132.03,4,3,4,11,434,Others,377.3433333333334,8.152777777777779,65,324,108.0,1,0,0,Champions
13311,4,2,598.57,5,2,3,10,523,New / Promising,299.285,11.73076923076923,25,150,75.0,2,1,0,Need Attention
13313,22,5,1555.32,4,4,4,12,444,Champions,311.06399999999996,10.91025641025641,47,340,68.0,1,1,0,Champions
13314,2,3,775.94,5,3,3,11,533,Others,258.6466666666667,9.03225806451613,55,74,24.666666666666668,2,1,0,Need Attention
13316,37,4,5977.7300000000005,3,4,5,12,345,Loyal,1494.4325000000001,79.86206896551724,66,254,63.5,1,1,0,Champions
13317,66,6,2273.68,3,5,5,13,355,Loyal,378.9466666666667,8.346774193548388,100,359,59.833333333333336,1,0,0,Champions
13318,1,3,640.76,5,3,3,11,533,Others,213.5866666666667,15.2,14,37,12.333333333333334,2,2,0,Need Attention
13319,5,26,10845.550000000001,5,5,5,15,555,Champions,417.1365384615384,9.92436974789916,209,366,14.076923076923077,1,1,0,Champions
13320,78,4,1548.7,2,4,4,10,244,At Risk,387.17499999999995,10.339622641509434,77,214,53.5,1,0,0,Champions
13321,72,2,567.36,3,2,3,8,323,Need Attention,283.68,33.81818181818182,10,86,43.0,2,2,0,Need Attention
13322,17,1,199.48000000000002,4,1,1,6,411,New / Promising,199.48,4.68,25,17,17.0,2,2,0,Need Attention
13323,3,5,787.85,5,4,3,12,543,Loyal,157.57,8.333333333333334,6,84,16.8,2,1,0,Need Attention
13324,36,10,7121.95,3,5,5,13,355,Loyal,712.1949999999999,69.4,25,361,36.1,1,0,0,Champions
13325,82,1,675.3,2,1,3,6,213,Others,675.3,20.0,12,82,82.0,2,2,0,Need Attention
13327,39,8,3627.77,3,5,5,13,355,Loyal,453.47125,14.814814814814815,74,365,45.625,1,1,0,Champions
13328,316,1,1308.48,1,1,4,6,114,Others,1308.48,40.0,17,316,316.0,0,0,-1,At Risk (used to be loyal)
13329,32,2,789.0,4,2,3,9,423,New / Promising,394.5,27.235294117647058,16,367,183.5,0,0,0,At Risk (used to be loyal)
13330,93,3,1140.93,2,3,4,9,234,Others,380.31,14.169811320754716,37,316,105.33333333333333,0,0,0,At Risk (used to be loyal)
13332,14,1,350.9,4,1,2,7,412,New / Promising,350.9,8.523809523809524,21,14,14.0,2,2,0,Need Attention
13334,82,3,3536.82,2,3,5,10,235,Others,1178.9400000000003,6.619402985074627,207,306,102.0,1,1,0,Champions
13336,77,1,795.12,2,1,3,6,213,Others,795.1200000000001,10.96078431372549,51,77,77.0,2,2,0,Need Attention
13338,158,1,487.02,2,1,2,5,212,Hibernating,487.02000000000004,13.473684210526315,19,158,158.0,0,0,0,At Risk (used to be loyal)
13339,201,1,860.12,1,1,3,5,113,Others,860.12,6.037037037037037,54,201,201.0,0,2,0,At Risk (used to be loyal)
13340,45,7,10736.48,3,5,5,13,355,Loyal,1533.782857142857,43.059701492537314,128,277,39.57142857142857,1,1,0,Champions
13341,261,1,775.85,1,1,3,5,113,Others,775.8499999999999,7.166666666666667,42,261,261.0,0,0,0,At Risk (used to be loyal)
13343,178,1,353.43,2,1,2,5,212,Hibernating,353.43,7.105263157894737,19,178,178.0,0,0,0,At Risk (used to be loyal)
13344,68,3,2543.72,3,3,5,11,335,Need Attention,847.9066666666669,8.159663865546218,115,278,92.66666666666667,1,1,0,Champions
13345,288,1,389.5,1,1,2,4,112,Hibernating,389.5,7.05,20,288,288.0,0,0,0,At Risk (used to be loyal)
13347,70,1,341.36,3,1,2,6,312,Need Attention,341.36,25.625,8,70,70.0,2,2,0,Need Attention
13348,64,1,233.76,3,1,1,5,311,Need Attention,233.76,9.714285714285714,14,64,64.0,2,2,0,Need Attention
13349,11,1,247.32,5,1,1,7,511,New / Promising,247.32,14.0625,16,11,11.0,2,2,0,Need Attention
13350,16,2,979.12,4,2,4,10,424,New / Promising,489.56,7.175,36,79,39.5,2,1,0,Need Attention
13351,66,1,373.94,3,1,2,6,312,Need Attention,373.94,7.3125,16,66,66.0,2,2,0,Need Attention
13352,60,1,397.97999999999996,3,1,2,6,312,Need Attention,397.97999999999996,13.375,24,60,60.0,2,2,0,Need Attention
13354,71,1,743.53,3,1,3,7,313,Need Attention,743.5300000000001,11.843137254901961,51,71,71.0,2,2,0,Need Attention
13355,122,1,674.7,2,1,3,6,213,Others,674.7,9.8125,32,122,122.0,0,2,0,At Risk (used to be loyal)
13356,80,1,768.24,2,1,3,6,213,Others,768.2400000000001,7.738095238095238,42,80,80.0,2,2,0,Need Attention
13357,257,1,609.95,1,1,3,5,113,Others,609.95,3.577777777777778,85,257,257.0,0,0,0,At Risk (used to be loyal)
13358,269,1,439.03,1,1,2,4,112,Hibernating,439.03000000000003,9.827586206896552,29,269,269.0,0,0,0,At Risk (used to be loyal)
13359,64,1,439.56,3,1,2,6,312,Need Attention,439.55999999999995,7.0,23,64,64.0,2,2,0,Need Attention
13362,9,4,3090.7400000000002,5,4,5,14,545,Champions,772.6850000000001,8.325301204819278,128,288,72.0,1,1,0,Champions
13363,18,2,992.5,4,2,4,10,424,New / Promising,496.25,11.833333333333334,47,44,22.0,2,2,0,Need Attention
13364,71,1,134.95999999999998,3,1,1,5,311,Need Attention,134.96,7.1,10,71,71.0,2,2,0,Need Attention
13365,34,2,2225.37,3,2,5,10,325,Need Attention,1112.685,9.7421875,122,218,109.0,1,1,0,Champions
13366,50,1,56.160000000000004,3,1,1,5,311,Need Attention,56.160000000000004,144.0,1,50,50.0,2,0,-1,Need Attention
13368,257,2,623.4,1,2,3,6,123,Others,311.7,11.275862068965518,29,338,169.0,0,0,0,At Risk (used to be loyal)
13369,366,1,308.28000000000003,1,1,2,4,112,Hibernating,308.28,10.642857142857142,14,366,366.0,0,0,0,At Risk (used to be loyal)
13370,372,1,754.87,1,1,3,5,113,Others,754.8700000000001,8.794871794871796,39,372,372.0,0,0,0,At Risk (used to be loyal)
13372,90,1,378.64,2,1,2,5,212,Hibernating,378.63999999999993,6.913043478260869,23,90,90.0,0,2,0,At Risk (used to be loyal)
13373,61,3,3312.25,3,3,5,11,335,Need Attention,1104.0833333333335,10.449367088607595,135,276,92.0,1,1,0,Champions
13375,89,1,778.65,2,1,3,6,213,Others,778.65,11.945945945945946,37,89,89.0,0,2,0,At Risk (used to be loyal)
13376,99,3,1019.76,2,3,4,9,234,Others,339.92,9.30188679245283,45,234,78.0,0,0,0,At Risk (used to be loyal)
13379,26,3,572.56,4,3,3,10,433,Others,190.85333333333332,6.195876288659794,85,137,45.666666666666664,2,1,0,Need Attention
13381,32,6,3639.31,4,5,5,14,455,Champions,606.5516666666666,11.796511627906977,77,299,49.833333333333336,1,1,0,Champions
13382,281,1,222.99,1,1,1,3,111,Hibernating,222.99,8.733333333333333,15,281,281.0,0,0,0,At Risk (used to be loyal)
13384,31,7,4151.93,4,5,5,14,455,Champions,593.1328571428572,15.93421052631579,123,179,25.571428571428573,1,1,0,Champions
13385,330,1,534.57,1,1,3,5,113,Others,534.5699999999999,8.028571428571428,35,330,330.0,0,0,0,At Risk (used to be loyal)
13388,131,2,677.1,2,2,3,7,223,Others,338.55,8.057142857142857,35,131,65.5,0,0,0,At Risk (used to be loyal)
13389,11,3,797.96,5,3,3,11,533,Others,265.9866666666666,8.411764705882353,50,233,77.66666666666667,1,1,0,Champions
13390,75,1,544.08,2,1,3,6,213,Others,544.08,17.23076923076923,13,75,75.0,2,2,0,Need Attention
13391,204,1,59.8,1,1,1,3,111,Hibernating,59.8,4.0,1,204,204.0,0,0,0,At Risk (used to be loyal)
13394,2,8,2520.02,5,5,5,15,555,Champions,315.00250000000005,15.432258064516128,124,310,38.75,1,1,0,Champions
13395,185,1,307.72,1,1,2,4,112,Hibernating,307.71999999999997,16.0,21,185,185.0,0,0,0,At Risk (used to be loyal)
13396,29,2,1360.99,4,2,4,10,424,New / Promising,680.495,13.953488372093023,42,319,159.5,1,0,0,Champions
13397,73,5,1544.13,2,4,4,10,244,At Risk,308.82599999999996,11.31578947368421,28,339,67.8,1,0,0,Champions
13398,192,1,457.34,1,1,2,4,112,Hibernating,457.34000000000003,10.807692307692308,26,192,192.0,0,0,0,At Risk (used to be loyal)
13402,127,2,621.23,2,2,3,7,223,Others,310.6150000000001,12.282051282051283,32,372,186.0,0,0,0,At Risk (used to be loyal)
13403,18,1,75.0,4,1,1,6,411,New / Promising,75.0,14.666666666666666,3,18,18.0,2,2,0,Need Attention
13404,1,2,252.49,5,2,2,9,522,New / Promising,126.245,10.090909090909092,11,213,106.5,2,0,0,Need Attention
13405,74,3,572.451,2,3,3,8,233,Others,190.81699999999998,6.111111111111111,25,318,106.0,0,0,0,At Risk (used to be loyal)
13408,2,62,28117.04,5,5,5,15,555,Champions,453.5006451612903,33.9581589958159,234,374,6.032258064516129,1,1,-1,Champions
13410,24,5,1003.06,4,4,4,12,444,Champions,200.61200000000002,18.5,15,291,58.2,1,0,0,Champions
13411,107,1,213.55,2,1,1,4,211,Hibernating,213.55,4.0,17,107,107.0,0,0,0,At Risk (used to be loyal)
13414,134,3,1390.5,2,3,4,9,234,Others,463.5,65.58333333333333,23,297,99.0,0,0,0,At Risk (used to be loyal)
13416,44,2,712.5,3,2,3,8,323,Need Attention,356.25,7.473684210526316,11,81,40.5,2,1,0,Need Attention
13417,5,2,640.83,5,2,3,10,523,New / Promising,320.415,5.785714285714286,26,205,102.5,2,0,0,Need Attention
13418,12,18,6127.43,5,5,5,15,555,Champions,340.4127777777778,12.888157894736842,223,373,20.72222222222222,1,1,0,Champions
13419,64,1,221.06,3,1,1,5,311,Need Attention,221.06,17.1875,16,64,64.0,2,2,0,Need Attention
13420,150,2,159.85,2,2,1,5,221,Hibernating,79.925,12.625,8,171,85.5,0,0,0,At Risk (used to be loyal)
13421,40,2,1851.08,3,2,4,9,324,Need Attention,925.54,11.35576923076923,88,290,145.0,1,1,0,Champions
13422,64,1,2626.3,3,1,5,9,315,Need Attention,2626.3,10.440944881889763,127,64,64.0,1,2,0,Champions
13425,108,3,1624.21,2,3,4,9,234,Others,541.4033333333334,14.397435897435898,66,295,98.33333333333333,1,0,0,Champions
13426,1,10,3641.32,5,5,5,15,555,Champions,364.13199999999995,14.299363057324841,103,360,36.0,1,1,0,Champions
13427,19,3,582.6,4,3,3,10,433,Others,194.20000000000002,18.79310344827586,25,215,71.66666666666667,0,0,0,At Risk (used to be loyal)
13428,10,1,218.47,5,1,1,7,511,New / Promising,218.46999999999997,2.108108108108108,70,10,10.0,2,2,0,Need Attention
13429,11,4,1006.8,5,4,4,13,544,Champions,251.69999999999996,20.746268656716417,55,75,18.75,2,2,0,Need Attention
13430,19,2,679.45,4,2,3,9,423,New / Promising,339.72499999999997,15.326530612244898,48,86,43.0,2,1,0,Need Attention
13431,67,2,1269.1,3,2,4,9,324,Need Attention,634.55,14.608695652173912,44,89,44.5,2,1,0,Need Attention
13434,74,2,534.24,2,2,3,7,223,Others,267.12,30.0,9,97,48.5,2,2,0,Need Attention
13435,5,7,3809.8900000000003,5,5,5,15,555,Champions,544.27,21.07920792079208,68,189,27.0,1,1,0,Champions
13436,2,1,196.89,5,1,1,7,511,New / Promising,196.88999999999996,6.333333333333333,12,2,2.0,2,2,-1,Need Attention
13437,14,7,3408.06,4,5,5,14,455,Champions,486.8657142857143,7.682634730538922,143,190,27.142857142857142,1,1,0,Champions
13439,255,1,283.71,1,1,2,4,112,Hibernating,283.71,4.481481481481482,54,255,255.0,0,0,0,At Risk (used to be loyal)
13441,92,1,296.64,2,1,2,5,212,Hibernating,296.64000000000004,15.692307692307692,13,92,92.0,0,2,0,At Risk (used to be loyal)
13447,23,3,1129.14,4,3,4,11,434,Others,376.3800000000001,9.898305084745763,55,36,12.0,2,2,0,Need Attention
13448,17,6,3539.37,4,5,5,14,455,Champions,589.8950000000001,8.512820512820513,137,374,62.333333333333336,1,1,0,Champions
13449,24,1,291.88,4,1,2,7,412,New / Promising,291.88000000000005,11.68421052631579,19,24,24.0,2,2,0,Need Attention
13450,27,6,2043.7199999999998,4,5,4,13,454,Champions,340.62,27.91549295774648,32,218,36.333333333333336,1,0,0,Champions
13451,26,5,2976.15,4,4,5,13,445,Champions,595.23,4.851015801354402,315,334,66.8,1,1,0,Champions
13452,259,2,590.0,1,2,3,6,123,Others,295.0,1.0,1,271,135.5,0,0,0,At Risk (used to be loyal)
13453,166,2,356.97999999999996,2,2,2,6,222,Hibernating,178.48999999999998,7.882352941176471,16,290,145.0,0,0,0,At Risk (used to be loyal)
13455,25,2,1058.34,4,2,4,10,424,New / Promising,529.1700000000001,7.695652173913044,42,366,183.0,0,0,0,At Risk (used to be loyal)
13456,18,6,1766.72,4,5,4,13,454,Champions,294.4533333333333,12.142857142857142,43,207,34.5,1,1,0,Champions
13458,7,14,9646.57,5,5,5,15,555,Champions,689.0407142857142,14.418848167539267,242,360,25.714285714285715,1,1,0,Champions
13460,29,2,183.44,4,2,1,7,421,New / Promising,91.72,16.823529411764707,16,50,25.0,2,2,0,Need Attention
13461,39,3,1445.0,3,3,4,10,334,Need Attention,481.66666666666674,43.333333333333336,14,164,54.666666666666664,1,2,0,Champions
13462,253,1,151.5,1,1,1,3,111,Hibernating,151.5,6.888888888888889,9,253,253.0,0,0,0,At Risk (used to be loyal)
13464,58,1,674.68,3,1,3,7,313,Need Attention,674.6800000000001,9.829268292682928,41,58,58.0,2,2,0,Need Attention
13466,184,1,307.9,1,1,2,4,112,Hibernating,307.90000000000003,15.235294117647058,17,184,184.0,0,0,0,At Risk (used to be loyal)
13467,11,2,1083.71,5,2,4,11,524,New / Promising,541.855,5.898989898989899,89,36,18.0,2,2,0,Need Attention
13468,2,37,5704.97,5,5,5,15,555,Champions,154.18837837837836,8.572847682119205,184,373,10.08108108108108,1,1,0,Champions
13470,99,2,165.0,2,2,1,5,221,Hibernating,82.5,10.0,7,115,57.5,0,0,0,At Risk (used to be loyal)
13471,1,4,2531.58,5,4,5,14,545,Champions,632.895,6.115384615384615,214,47,11.75,1,1,-1,Champions
13473,61,2,422.64,3,2,2,7,322,Need Attention,211.32000000000002,12.666666666666666,21,333,166.5,0,0,0,At Risk (used to be loyal)
13474,236,1,229.59,1,1,1,3,111,Hibernating,229.59,2.0625,59,236,236.0,0,0,0,At Risk (used to be loyal)
13475,191,4,1431.78,1,4,4,9,144,At Risk,357.94500000000005,11.767441860465116,64,299,74.75,1,0,0,Champions
13476,179,2,1238.47,2,2,4,8,224,Others,619.235,7.189655172413793,56,281,140.5,0,0,0,At Risk (used to be loyal)
13477,38,6,1454.58,3,5,4,12,354,Loyal,242.43000000000004,12.924050632911392,57,292,48.666666666666664,1,1,0,Champions
13479,201,2,300.95,1,2,2,5,122,Hibernating,150.475,8.933333333333334,14,235,117.5,0,0,0,At Risk (used to be loyal)
13481,46,5,1804.56,3,4,4,11,344,Loyal,360.91200000000003,10.477064220183486,98,257,51.4,1,0,0,Champions
13482,232,1,184.64,1,1,1,3,111,Hibernating,184.64,10.545454545454545,11,232,232.0,0,0,0,At Risk (used to be loyal)
13483,66,1,140.34,3,1,1,5,311,Need Attention,140.34,16.0,10,66,66.0,2,2,0,Need Attention
13484,241,1,313.8,1,1,2,4,112,Hibernating,313.8,5.5,8,241,241.0,0,0,0,At Risk (used to be loyal)
13485,233,1,454.24,1,1,2,4,112,Hibernating,454.24,12.043478260869565,23,233,233.0,0,0,0,At Risk (used to be loyal)
13486,78,3,1122.41,2,3,4,9,234,Others,374.1366666666666,9.695652173913043,69,155,51.666666666666664,1,0,0,Champions
13487,58,3,575.4,3,3,3,9,333,Need Attention,191.80000000000004,7.794117647058823,26,353,117.66666666666667,0,0,0,At Risk (used to be loyal)
13488,17,13,8968.31,4,5,5,14,455,Champions,689.87,10.706161137440759,271,367,28.23076923076923,1,1,0,Champions
13489,105,4,449.52,2,4,2,8,242,At Risk,112.38,40.0,11,295,73.75,0,0,0,At Risk (used to be loyal)
13491,52,10,1215.82,3,5,4,12,354,Loyal,121.58199999999997,10.5,73,372,37.2,1,1,0,Champions
13492,136,3,1269.84,2,3,4,9,234,Others,423.28,8.16,38,215,71.66666666666667,0,0,0,At Risk (used to be loyal)
13493,275,2,618.63,1,2,3,6,123,Others,309.315,47.5,6,287,143.5,0,0,0,At Risk (used to be loyal)
13494,312,1,316.26000000000005,1,1,2,4,112,Hibernating,316.26000000000005,9.0,18,312,312.0,0,0,0,At Risk (used to be loyal)
13495,8,5,2044.8700000000001,5,4,4,13,544,Champions,408.974,17.270833333333332,34,368,73.6,1,0,0,Champions
13496,11,2,653.33,5,2,3,10,523,New / Promising,326.66499999999996,9.742857142857142,28,360,180.0,0,0,0,At Risk (used to be loyal)
13497,283,2,348.05,1,2,2,5,122,Hibernating,174.02499999999998,8.578947368421053,19,369,184.5,0,0,0,At Risk (used to be loyal)
13499,18,5,1159.11,4,4,4,12,444,Champions,231.82199999999997,32.5,31,270,54.0,1,0,0,Champions
13500,23,3,1166.77,4,3,4,11,434,Others,388.92333333333335,9.36923076923077,60,123,41.0,1,1,0,Champions
13501,288,1,1340.32,1,1,4,6,114,Others,1340.32,10.76923076923077,52,288,288.0,0,0,0,At Risk (used to be loyal)
13502,17,3,292.0,4,3,2,9,432,Others,97.33333333333331,14.666666666666666,17,324,108.0,0,0,0,At Risk (used to be loyal)
13503,71,1,216.85,3,1,1,5,311,Need Attention,216.85000000000002,14.588235294117647,17,71,71.0,2,2,0,Need Attention
13504,64,1,295.93,3,1,2,6,312,Need Attention,295.93000000000006,8.090909090909092,22,64,64.0,2,2,0,Need Attention
13505,73,4,4393.63,2,4,5,11,245,At Risk,1098.4075,11.56279069767442,182,233,58.25,1,1,0,Champions
13506,316,2,458.52,1,2,2,5,122,Hibernating,229.26,12.461538461538462,26,370,185.0,0,0,0,At Risk (used to be loyal)
13507,3,4,2479.16,5,4,5,14,545,Champions,619.79,9.858024691358025,146,146,36.5,1,1,0,Champions
13508,244,1,110.97,1,1,1,3,111,Hibernating,110.97000000000003,2.0,12,244,244.0,0,0,0,At Risk (used to be loyal)
13509,9,7,979.72,5,5,4,14,554,Champions,139.96,25.136363636363637,27,284,40.57142857142857,1,1,0,Champions
13510,1,4,1791.56,5,4,4,13,544,Champions,447.89,12.052173913043479,86,184,46.0,1,1,0,Champions
13512,261,1,251.21,1,1,2,4,112,Hibernating,251.20999999999998,9.533333333333333,15,261,261.0,0,0,0,At Risk (used to be loyal)
13513,127,1,205.1,2,1,1,4,211,Hibernating,205.09999999999997,10.9,10,127,127.0,0,2,0,At Risk (used to be loyal)
13514,74,1,152.20000000000002,2,1,1,4,211,Hibernating,152.20000000000002,10.0,4,74,74.0,0,2,0,At Risk (used to be loyal)
13515,73,4,891.12,2,4,3,9,243,At Risk,222.78,11.542372881355933,50,248,62.0,1,0,0,Champions
13516,21,3,1389.41,4,3,4,11,434,Others,463.13666666666677,22.386363636363637,43,239,79.66666666666667,1,0,0,Champions
13517,60,3,2128.42,3,3,5,11,335,Need Attention,709.4733333333334,9.709219858156029,125,180,60.0,1,1,0,Champions
13518,86,1,659.4399999999999,2,1,3,6,213,Others,659.4399999999998,10.31578947368421,36,86,86.0,2,2,0,Need Attention
13519,78,1,122.75,2,1,1,4,211,Hibernating,122.75,2.875,8,78,78.0,0,2,0,At Risk (used to be loyal)
13520,59,6,3624.35,3,5,5,13,355,Loyal,604.0583333333333,17.731182795698924,49,372,62.0,1,0,0,Champions
13521,1,3,1093.65,5,3,4,12,534,Others,364.55,1.688073394495413,313,10,3.3333333333333335,2,2,-1,Need Attention
13522,30,1,125.80000000000001,4,1,1,6,411,New / Promising,125.80000000000001,8.8,5,30,30.0,2,2,0,Need Attention
13523,33,5,3964.88,4,4,5,13,445,Champions,792.976,10.186046511627907,157,366,73.2,1,1,0,Champions
13524,41,5,680.1800000000001,3,4,3,10,343,Loyal,136.036,12.0,17,220,44.0,0,0,0,At Risk (used to be loyal)
13525,15,2,628.78,4,2,3,9,423,New / Promising,314.39,65.66666666666667,5,248,124.0,0,0,0,At Risk (used to be loyal)
13527,34,7,2287.51,3,5,5,13,355,Loyal,326.7871428571429,7.5874439461883405,153,327,46.714285714285715,1,1,0,Champions
13529,79,2,307.76,2,2,2,6,222,Hibernating,153.88,4.933333333333334,15,205,102.5,0,0,0,At Risk (used to be loyal)
13531,205,2,483.8,1,2,2,5,122,Hibernating,241.90000000000003,7.909090909090909,17,366,183.0,0,0,0,At Risk (used to be loyal)
13532,34,1,210.31,3,1,1,5,311,Need Attention,210.30999999999995,1.9545454545454546,66,34,34.0,2,2,0,Need Attention
13533,183,3,270.79,1,3,2,6,132,Others,90.26333333333334,2.6842105263157894,61,268,89.33333333333333,0,0,0,At Risk (used to be loyal)
13534,2,25,5870.08,5,5,5,15,555,Champions,234.8032,10.003378378378379,119,358,14.32,1,1,0,Champions
13536,1,7,3448.29,5,5,5,15,555,Champions,492.61285714285714,11.932960893854748,91,75,10.714285714285714,1,1,0,Champions
13538,43,7,1280.85,3,5,4,12,354,Loyal,182.97857142857146,7.0,10,316,45.142857142857146,1,1,0,Champions
13539,86,3,631.34,2,3,3,8,233,Others,210.4466666666667,8.64864864864865,35,309,103.0,0,0,0,At Risk (used to be loyal)
13544,40,2,291.41,3,2,2,7,322,Need Attention,145.70499999999998,1.4597701149425288,76,241,120.5,0,0,0,At Risk (used to be loyal)
13546,12,3,626.99,5,3,3,11,533,Others,208.99666666666667,3.663265306122449,72,201,67.0,1,1,0,Champions
13548,96,2,682.41,2,2,3,7,223,Others,341.20500000000004,3.556451612903226,114,244,122.0,0,0,0,At Risk (used to be loyal)
13549,26,7,918.2,4,5,3,12,453,Loyal,131.17142857142855,8.980392156862745,37,242,34.57142857142857,1,1,0,Champions
13551,319,1,91.80000000000001,1,1,1,3,111,Hibernating,91.80000000000001,3.0,4,319,319.0,0,0,0,At Risk (used to be loyal)
13552,66,12,3740.07,3,5,5,13,355,Loyal,311.67249999999996,13.0,82,316,26.333333333333332,1,1,0,Champions
13555,74,4,4149.28,2,4,5,11,245,At Risk,1037.3200000000002,19.558823529411764,128,202,50.5,1,1,0,Champions
13557,28,2,584.06,4,2,3,9,423,New / Promising,292.03,16.058823529411764,31,281,140.5,0,0,0,At Risk (used to be loyal)
13558,6,4,605.06,5,4,3,12,543,Loyal,151.265,1.9657142857142857,123,68,17.0,2,1,0,Need Attention
13560,7,1,174.37,5,1,1,7,511,New / Promising,174.36999999999998,1.9393939393939394,32,7,7.0,2,2,0,Need Attention
13561,216,1,141.85999999999999,1,1,1,3,111,Hibernating,141.86,5.928571428571429,14,216,216.0,0,0,0,At Risk (used to be loyal)
13562,82,3,1799.33,2,3,4,9,234,Others,599.7766666666666,9.231707317073171,50,246,82.0,1,0,0,Champions
13563,84,2,777.53,2,2,3,7,223,Others,388.765,4.26530612244898,49,140,70.0,0,0,0,At Risk (used to be loyal)
13564,144,3,1749.02,2,3,4,9,234,Others,583.0066666666668,7.963855421686747,68,368,122.66666666666667,1,0,0,Champions
13565,19,2,240.22,4,2,1,7,421,New / Promising,120.11,4.526315789473684,35,334,167.0,0,0,0,At Risk (used to be loyal)
13566,41,2,874.71,3,2,3,8,323,Need Attention,437.355,3.2670454545454546,134,83,41.5,2,2,0,Need Attention
13568,173,1,192.85,2,1,1,4,211,Hibernating,192.85,1.5909090909090908,41,173,173.0,0,0,0,At Risk (used to be loyal)
13569,17,2,373.75,4,2,2,8,422,New / Promising,186.87499999999997,1.9294117647058824,73,368,184.0,0,0,0,At Risk (used to be loyal)
13570,243,1,239.49,1,1,1,3,111,Hibernating,239.49000000000004,5.962962962962963,27,243,243.0,0,0,0,At Risk (used to be loyal)
13571,13,12,2092.32,5,5,5,15,555,Champions,174.35999999999999,5.158357771260997,157,254,21.166666666666668,1,1,0,Champions
13572,206,1,1384.25,1,1,4,6,114,Others,1384.2499999999998,16.181818181818183,32,206,206.0,0,0,0,At Risk (used to be loyal)
13573,50,2,294.4,3,2,2,7,322,Need Attention,147.2,11.653846153846153,24,253,126.5,0,0,0,At Risk (used to be loyal)
13575,23,5,732.0699999999999,4,4,3,11,443,Loyal,146.41400000000002,9.76086956521739,41,176,35.2,1,1,0,Champions
13576,10,18,6717.34,5,5,5,15,555,Champions,373.18555555555554,21.0,78,373,20.72222222222222,1,1,0,Champions
13577,25,4,1687.6000000000001,4,4,4,12,444,Champions,421.90000000000003,9.53012048192771,61,242,60.5,1,0,0,Champions
13579,15,2,467.04,4,2,2,8,422,New / Promising,233.52000000000004,7.6521739130434785,19,369,184.5,0,0,0,At Risk (used to be loyal)
13581,309,1,118.0,1,1,1,3,111,Hibernating,118.0,3.0,10,309,309.0,0,0,0,At Risk (used to be loyal)
13583,156,1,781.03,2,1,3,6,213,Others,781.03,13.679245283018869,53,156,156.0,0,2,0,At Risk (used to be loyal)
13584,307,1,142.4,1,1,1,3,111,Hibernating,142.4,1.5416666666666667,24,307,307.0,0,0,0,At Risk (used to be loyal)
13587,64,1,712.4,3,1,3,7,313,Need Attention,712.4,22.5,8,64,64.0,2,2,0,Need Attention
13588,16,9,2478.95,4,5,5,14,455,Champions,275.43888888888887,14.977011494252874,131,255,28.333333333333332,1,1,0,Champions
13589,15,2,379.65,4,2,2,8,422,New / Promising,189.82500000000002,5.428571428571429,21,180,90.0,0,0,0,At Risk (used to be loyal)
13590,11,6,1981.92,5,5,4,14,554,Champions,330.3199999999999,21.24137931034483,70,303,50.5,1,1,0,Champions
13591,65,3,1117.13,3,3,4,10,334,Need Attention,372.37666666666655,8.362068965517242,56,267,89.0,1,0,0,Champions
13592,36,4,247.95999999999998,3,4,1,8,341,Loyal,61.989999999999995,5.25,15,264,66.0,0,1,0,At Risk (used to be loyal)
13593,108,5,2037.0800000000002,2,4,4,10,244,At Risk,407.41600000000005,5.7109375,77,336,67.2,1,0,0,Champions
13594,53,1,396.97,3,1,2,6,312,Need Attention,396.97,13.807692307692308,26,53,53.0,2,2,0,Need Attention
13596,6,2,697.04,5,2,3,10,523,New / Promising,348.52000000000004,2.4457831325301207,133,13,6.5,2,2,-1,Need Attention
13598,47,1,180.17000000000002,3,1,1,5,311,Need Attention,180.17000000000002,1.45,33,47,47.0,2,2,0,Need Attention
13599,1,21,5153.67,5,5,5,15,555,Champions,245.41285714285715,13.336032388663968,171,367,17.476190476190474,1,1,0,Champions
13600,312,1,219.52,1,1,1,3,111,Hibernating,219.51999999999998,17.05263157894737,19,312,312.0,0,0,0,At Risk (used to be loyal)
13601,45,2,693.32,3,2,3,8,323,Need Attention,346.66,5.5353535353535355,90,211,105.5,0,0,0,At Risk (used to be loyal)
13602,65,1,428.89,3,1,2,6,312,Need Attention,428.89,11.608695652173912,23,65,65.0,2,2,0,Need Attention
13603,26,1,164.34,4,1,1,6,411,New / Promising,164.34,6.074074074074074,27,26,26.0,2,2,0,Need Attention
13606,29,3,280.53999999999996,4,3,2,9,432,Others,93.51333333333332,6.488372093023256,40,312,104.0,0,0,0,At Risk (used to be loyal)
13607,40,1,678.01,3,1,3,7,313,Need Attention,678.0100000000001,2.9591836734693877,93,40,40.0,2,2,0,Need Attention
13610,12,7,1131.88,5,5,4,14,554,Champions,161.69714285714286,2.2831858407079646,165,285,40.714285714285715,1,1,0,Champions
13611,89,3,1171.8,2,3,4,9,234,Others,390.5999999999999,10.35135135135135,67,360,120.0,0,0,0,At Risk (used to be loyal)
13614,24,4,1610.46,4,4,4,12,444,Champions,402.615,2.8358208955223883,171,331,82.75,1,1,0,Champions
13615,319,1,417.69,1,1,2,4,112,Hibernating,417.6900000000001,8.217391304347826,23,319,319.0,0,0,0,At Risk (used to be loyal)
13617,40,3,544.18,3,3,3,9,333,Need Attention,181.39333333333335,6.818181818181818,31,180,60.0,0,0,0,At Risk (used to be loyal)
13618,174,1,177.34,2,1,1,4,211,Hibernating,177.34,18.923076923076923,13,174,174.0,0,0,0,At Risk (used to be loyal)
13621,117,1,213.85,2,1,1,4,211,Hibernating,213.85,18.05263157894737,19,117,117.0,0,2,0,At Risk (used to be loyal)
13623,31,5,747.78,4,4,3,11,443,Loyal,149.556,3.6296296296296298,75,297,59.4,1,0,0,Champions
13626,253,1,257.23,1,1,2,4,112,Hibernating,257.22999999999996,11.0,19,253,253.0,0,0,0,At Risk (used to be loyal)
13627,59,5,1638.47,3,4,4,11,344,Loyal,327.694,13.793478260869565,84,358,71.6,1,0,0,Champions
13629,23,11,7792.36,4,5,5,14,455,Champions,708.3963636363637,74.10169491525424,28,339,30.818181818181817,1,0,0,Champions
13630,5,7,2031.78,5,5,4,14,554,Champions,290.25428571428574,19.591549295774648,51,286,40.857142857142854,1,1,0,Champions
13631,100,11,3070.42,2,5,5,12,255,At Risk,279.1290909090909,42.45454545454545,6,267,24.272727272727273,1,0,0,Champions
13632,25,5,2121.27,4,4,5,13,445,Champions,424.254,7.102739726027397,121,243,48.6,1,0,0,Champions
13634,33,5,1575.16,4,4,4,12,444,Champions,315.032,3.74468085106383,156,327,65.4,1,1,0,Champions
13635,68,1,1071.03,3,1,4,8,314,Need Attention,1071.03,10.919354838709678,62,68,68.0,2,2,0,Need Attention
13636,37,5,949.12,3,4,4,11,344,Loyal,189.824,9.396825396825397,57,285,57.0,1,1,0,Champions
13637,52,3,810.5,3,3,3,9,333,Need Attention,270.1666666666667,4.0495049504950495,79,226,75.33333333333333,1,0,0,Champions
13638,16,1,122.64,4,1,1,6,411,New / Promising,122.64,11.625,8,16,16.0,2,2,0,Need Attention
13639,74,1,1033.34,2,1,4,7,214,Others,1033.3400000000001,20.0,39,74,74.0,2,2,0,Need Attention
13642,216,1,354.8,1,1,2,4,112,Hibernating,354.8,2.621212121212121,57,216,216.0,0,0,0,At Risk (used to be loyal)
13643,31,3,519.44,4,3,3,10,433,Others,173.14666666666668,9.75,24,186,62.0,0,0,0,At Risk (used to be loyal)
13644,16,4,2624.26,4,4,5,13,445,Champions,656.065,14.157534246575343,144,106,26.5,1,1,0,Champions
13645,120,1,252.1,2,1,2,5,212,Hibernating,252.1,31.6,5,120,120.0,0,2,0,At Risk (used to be loyal)
13647,10,4,1678.1200000000001,5,4,4,13,544,Champions,419.53000000000003,11.329113924050633,65,235,58.75,1,0,0,Champions
13649,257,2,346.6,1,2,2,5,122,Hibernating,173.3,6.043478260869565,23,366,183.0,0,0,0,At Risk (used to be loyal)
13650,17,6,1836.34,4,5,4,13,454,Champions,306.0566666666667,9.604166666666666,79,268,44.666666666666664,1,1,0,Champions
13651,35,2,94.2,3,2,1,6,321,Need Attention,47.1,5.5,6,40,20.0,2,2,0,Need Attention
13652,46,3,1095.08,3,3,4,10,334,Need Attention,365.02666666666664,9.174603174603174,48,369,123.0,0,0,0,At Risk (used to be loyal)
13654,43,6,2707.33,3,5,5,13,355,Loyal,451.22166666666664,13.144578313253012,157,273,45.5,1,1,0,Champions
13655,114,2,932.97,2,2,3,7,223,Others,466.485,10.803571428571429,52,242,121.0,0,0,0,At Risk (used to be loyal)
13656,165,2,379.65,2,2,2,6,222,Hibernating,189.82500000000002,10.0,49,337,168.5,0,0,0,At Risk (used to be loyal)
13657,11,2,382.14,5,2,2,9,522,New / Promising,191.07,13.0625,16,202,101.0,0,0,0,At Risk (used to be loyal)
13658,10,5,2639.17,5,4,5,14,545,Champions,527.8340000000001,9.435185185185185,91,204,40.8,1,1,0,Champions
13659,206,2,1573.2,1,2,4,7,124,Others,786.5999999999999,8.596153846153847,92,321,160.5,0,0,0,At Risk (used to be loyal)
13662,86,3,897.76,2,3,3,8,233,Others,299.25333333333333,10.245283018867925,50,259,86.33333333333333,0,0,0,At Risk (used to be loyal)
13663,179,1,189.47,2,1,1,4,211,Hibernating,189.46999999999997,7.0,13,179,179.0,0,2,0,At Risk (used to be loyal)
13666,60,3,84.65,3,3,1,7,331,Need Attention,28.21666666666667,3.4166666666666665,12,287,95.66666666666667,0,0,-1,At Risk (used to be loyal)
13667,149,1,305.02,2,1,2,5,212,Hibernating,305.0199999999999,1.7701149425287357,82,149,149.0,0,0,0,At Risk (used to be loyal)
13668,3,21,6363.59,5,5,5,15,555,Champions,303.02809523809526,7.961702127659574,284,363,17.285714285714285,1,1,0,Champions
13669,51,2,218.55,3,2,1,6,321,Need Attention,109.275,26.333333333333332,9,150,75.0,0,0,0,At Risk (used to be loyal)
13670,75,1,349.7,2,1,2,5,212,Hibernating,349.7,11.28,25,75,75.0,2,2,0,Need Attention
13672,301,2,186.39000000000001,1,2,1,4,121,Hibernating,93.195,9.5,4,332,166.0,0,0,0,At Risk (used to be loyal)
13673,19,2,396.92,4,2,2,8,422,New / Promising,198.45999999999998,1.8307692307692307,47,32,16.0,2,2,0,Need Attention
13675,151,2,486.82000000000005,2,2,2,6,222,Hibernating,243.41000000000003,13.2,25,285,142.5,0,0,0,At Risk (used to be loyal)
13678,152,1,232.6,2,1,1,4,211,Hibernating,232.6,57.75,16,152,152.0,0,2,0,At Risk (used to be loyal)
13680,1,4,3722.42,5,4,5,14,545,Champions,930.605,9.928205128205128,164,339,84.75,1,1,0,Champions
13681,18,4,827.83,4,4,3,11,443,Loyal,206.9575,6.315789473684211,37,155,38.75,1,1,0,Champions
13682,187,1,59.5,1,1,1,3,111,Hibernating,59.5,3.3333333333333335,3,187,187.0,0,0,0,At Risk (used to be loyal)
13684,286,1,67.23,1,1,1,3,111,Hibernating,67.23,1.3,29,286,286.0,0,0,0,At Risk (used to be loyal)
13685,3,7,3119.44,5,5,5,15,555,Champions,445.63428571428574,129.64102564102564,29,60,8.571428571428571,1,2,-1,Champions
13686,183,1,72.0,1,1,1,3,111,Hibernating,72.0,8.75,8,183,183.0,0,0,0,At Risk (used to be loyal)
13689,63,1,910.0,3,1,3,7,313,Need Attention,910.0,85.33333333333333,6,63,63.0,2,0,-1,Need Attention
13690,59,1,172.25,3,1,1,5,311,Need Attention,172.25,7.444444444444445,9,59,59.0,2,2,0,Need Attention
13692,25,3,1488.32,4,3,4,11,434,Others,496.1066666666666,23.132075471698112,48,236,78.66666666666667,1,0,0,Champions
13694,4,50,65039.62,5,5,5,15,555,Champions,1300.7923999999998,111.46478873239437,366,374,7.48,1,1,-1,Champions
13695,31,15,2504.13,4,5,5,14,455,Champions,166.942,17.81111111111111,46,260,17.333333333333332,1,1,0,Champions
13697,39,1,151.29999999999998,3,1,1,5,311,Need Attention,151.3,14.75,12,39,39.0,2,2,0,Need Attention
13699,155,1,308.58000000000004,2,1,2,5,212,Hibernating,308.58,4.714285714285714,14,155,155.0,0,0,0,At Risk (used to be loyal)
13700,26,10,2265.12,4,5,5,14,455,Champions,226.512,11.695431472081218,139,327,32.7,1,1,0,Champions
13703,318,1,99.5,1,1,1,3,111,Hibernating,99.5,10.0,1,318,318.0,0,0,0,At Risk (used to be loyal)
13704,5,9,2308.06,5,5,5,15,555,Champions,256.4511111111112,11.425373134328359,111,88,9.777777777777779,1,1,0,Champions
13705,8,3,711.86,5,3,3,11,533,Others,237.28666666666666,12.964285714285714,25,374,124.66666666666667,0,0,0,At Risk (used to be loyal)
13706,303,1,330.79,1,1,2,4,112,Hibernating,330.79,9.45,20,303,303.0,0,0,0,At Risk (used to be loyal)
13707,267,2,806.41,1,2,3,6,123,Others,403.205,7.3125,48,315,157.5,0,0,0,At Risk (used to be loyal)
13708,271,1,296.88,1,1,2,4,112,Hibernating,296.88,6.0,49,271,271.0,0,0,0,At Risk (used to be loyal)
13709,4,13,6328.05,5,5,5,15,555,Champions,486.7730769230769,10.464285714285714,244,315,24.23076923076923,1,1,0,Champions
13710,32,1,180.48,4,1,1,6,411,New / Promising,180.48,22.0,8,32,32.0,2,2,0,Need Attention
13711,219,2,252.06,1,2,2,5,122,Hibernating,126.03000000000002,10.76923076923077,11,219,109.5,0,0,0,At Risk (used to be loyal)
13712,247,1,228.84,1,1,1,3,111,Hibernating,228.83999999999997,35.2,10,247,247.0,0,0,0,At Risk (used to be loyal)
13715,281,5,1079.34,1,4,4,9,144,At Risk,215.86800000000002,5.3619047619047615,89,373,74.6,0,0,0,At Risk (used to be loyal)
13716,269,1,138.28,1,1,1,3,111,Hibernating,138.28,6.571428571428571,21,269,269.0,0,0,0,At Risk (used to be loyal)
13717,32,6,1445.01,4,5,4,13,454,Champions,240.83500000000004,19.205882352941178,92,298,49.666666666666664,1,1,0,Champions
13718,246,2,306.55,1,2,2,5,122,Hibernating,153.275,14.416666666666666,9,296,148.0,0,0,0,At Risk (used to be loyal)
13719,15,5,1041.68,4,4,4,12,444,Champions,208.336,10.15,56,234,46.8,1,1,0,Champions
13720,117,4,799.9,2,4,3,9,243,At Risk,199.975,11.651162790697674,42,255,63.75,0,0,0,At Risk (used to be loyal)
13721,36,1,524.14,3,1,3,7,313,Need Attention,524.1400000000001,11.285714285714286,28,36,36.0,2,2,0,Need Attention
13722,132,3,2375.41,2,3,5,10,235,Others,791.8033333333333,16.48235294117647,75,283,94.33333333333333,1,0,0,Champions
13723,217,1,199.85000000000002,1,1,1,3,111,Hibernating,199.85000000000002,7.166666666666667,6,217,217.0,0,0,0,At Risk (used to be loyal)
13725,50,8,1980.56,3,5,4,12,354,Loyal,247.57,7.75,95,309,38.625,1,1,0,Champions
13726,39,2,1079.6599999999999,3,2,4,9,324,Need Attention,539.8299999999999,25.095238095238095,39,101,50.5,2,1,0,Need Attention
13727,29,2,333.48,4,2,2,8,422,New / Promising,166.74,8.1,19,34,17.0,2,1,0,Need Attention
13728,37,6,1016.14,3,5,4,12,354,Loyal,169.35666666666668,7.26984126984127,38,311,51.833333333333336,1,1,0,Champions
13730,136,2,752.6,2,2,3,7,223,Others,376.3,11.348837209302326,38,162,81.0,0,0,0,At Risk (used to be loyal)
13731,219,2,610.59,1,2,3,6,123,Others,305.295,7.315789473684211,36,247,123.5,0,0,0,At Risk (used to be loyal)
13732,28,1,491.86,4,1,3,8,413,New / Promising,491.86000000000007,15.090909090909092,33,28,28.0,2,2,0,Need Attention
13735,25,4,2885.2400000000002,4,4,5,13,445,Champions,721.3099999999998,5.76530612244898,158,234,58.5,1,1,0,Champions
13736,5,2,731.9,5,2,3,10,523,New / Promising,365.94999999999993,2.602094240837696,166,260,130.0,1,1,0,Champions
13737,200,1,339.59999999999997,1,1,2,4,112,Hibernating,339.6,4.166666666666667,29,200,200.0,0,0,0,At Risk (used to be loyal)
13739,18,1,216.9,4,1,1,6,411,New / Promising,216.9,18.0,3,18,18.0,2,2,0,Need Attention
13740,241,1,350.75,1,1,2,4,112,Hibernating,350.75,18.47826086956522,23,241,241.0,0,0,0,At Risk (used to be loyal)
13741,72,3,668.4300000000001,3,3,3,9,333,Need Attention,222.81000000000003,6.411764705882353,34,217,72.33333333333333,0,0,0,At Risk (used to be loyal)
13742,17,12,3131.02,4,5,5,14,455,Champions,260.9183333333333,3.501557632398754,200,320,26.666666666666668,1,1,0,Champions
13743,3,7,1341.6,5,5,4,14,554,Champions,191.65714285714284,43.31707317073171,8,259,37.0,1,0,0,Champions
13744,95,2,1156.36,2,2,4,8,224,Others,578.18,17.34722222222222,54,292,146.0,0,0,0,At Risk (used to be loyal)
13745,162,1,300.04,2,1,2,5,212,Hibernating,300.03999999999996,19.84,25,162,162.0,0,0,0,At Risk (used to be loyal)
13747,374,1,79.6,1,1,1,3,111,Hibernating,79.6,8.0,1,374,374.0,0,0,0,At Risk (used to be loyal)
13748,96,5,948.25,2,4,4,10,244,At Risk,189.64999999999998,15.678571428571429,24,374,74.8,0,0,0,At Risk (used to be loyal)
13750,54,5,1647.26,3,4,4,11,344,Loyal,329.452,21.5,20,337,67.4,1,0,0,Champions
13751,288,1,296.25,1,1,2,4,112,Hibernating,296.25,16.88888888888889,9,288,288.0,0,0,0,At Risk (used to be loyal)
13752,124,6,1186.28,2,5,4,11,254,At Risk,197.71333333333334,11.526315789473685,64,247,41.166666666666664,1,0,0,Champions
13753,288,1,741.26,1,1,3,5,113,Others,741.26,14.628571428571428,35,288,288.0,0,0,0,At Risk (used to be loyal)
13754,152,2,282.59999999999997,2,2,2,6,222,Hibernating,141.3,17.833333333333332,11,317,158.5,0,0,0,At Risk (used to be loyal)
13755,4,9,2161.35,5,5,5,15,555,Champions,240.14999999999998,3.695906432748538,232,63,7.0,1,1,-1,Champions
13756,2,14,5189.52,5,5,5,15,555,Champions,370.68,22.450704225352112,66,368,26.285714285714285,1,1,0,Champions
13758,12,7,3190.55,5,5,5,15,555,Champions,455.79285714285714,15.760683760683762,104,374,53.42857142857143,1,1,0,Champions
13759,33,2,659.4100000000001,4,2,3,9,423,New / Promising,329.705,11.48,24,71,35.5,2,1,0,Need Attention
13760,54,2,286.79,3,2,2,7,322,Need Attention,143.39499999999998,3.456140350877193,50,256,128.0,0,0,0,At Risk (used to be loyal)
13761,50,2,1070.65,3,2,4,9,324,Need Attention,535.325,9.17142857142857,68,180,90.0,1,0,0,Champions
13762,219,1,306.72,1,1,2,4,112,Hibernating,306.72,38.857142857142854,7,219,219.0,0,0,0,At Risk (used to be loyal)
13763,63,1,1714.96,3,1,4,8,314,Need Attention,1714.9599999999998,48.53333333333333,15,63,63.0,2,0,0,Need Attention
13764,71,3,1521.76,3,3,4,10,334,Need Attention,507.2533333333334,4.480769230769231,183,337,112.33333333333333,1,0,0,Champions
13767,2,37,17220.36,5,5,5,15,555,Champions,465.41513513513513,19.89673913043478,55,374,10.108108108108109,1,1,0,Champions
13769,2,10,2796.51,5,5,5,15,555,Champions,279.651,8.614814814814816,73,367,36.7,1,1,0,Champions
13771,64,4,2634.45,3,4,5,12,345,Loyal,658.6125,12.411764705882353,114,247,61.75,1,0,0,Champions
13772,34,3,1132.13,3,3,4,10,334,Need Attention,377.3766666666667,3.0847457627118646,141,240,80.0,1,1,0,Champions
13774,82,1,345.0,2,1,2,5,212,Hibernating,345.0,8.727272727272727,22,82,82.0,0,2,0,At Risk (used to be loyal)
13777,1,33,25977.16,5,5,5,15,555,Champions,787.1866666666667,65.46700507614213,36,373,11.303030303030303,1,1,-1,Champions
13778,103,1,178.7,2,1,1,4,211,Hibernating,178.7,7.777777777777778,9,103,103.0,0,2,0,At Risk (used to be loyal)
13780,7,2,360.01,5,2,2,9,522,New / Promising,180.00500000000002,5.578947368421052,56,171,85.5,2,1,0,Need Attention
13781,251,1,127.84,1,1,1,3,111,Hibernating,127.84,1.7647058823529411,17,251,251.0,0,0,0,At Risk (used to be loyal)
13782,13,6,912.0,5,5,3,13,553,Loyal,152.0,3.226086956521739,96,328,54.666666666666664,1,0,0,Champions
13784,10,11,2462.79,5,5,5,15,555,Champions,223.88999999999996,80.41935483870968,9,332,30.181818181818183,1,0,0,Champions
13786,367,1,230.39999999999998,1,1,1,3,111,Hibernating,230.4,19.428571428571427,7,367,367.0,0,0,0,At Risk (used to be loyal)
13787,76,2,309.04,2,2,2,6,222,Hibernating,154.52,10.870967741935484,24,364,182.0,0,0,0,At Risk (used to be loyal)
13790,4,1,348.8,5,1,2,8,512,New / Promising,348.79999999999995,16.622222222222224,45,4,4.0,2,2,1,Need Attention
13791,128,2,1516.0,2,2,4,8,224,Others,758.0,109.0909090909091,7,168,84.0,0,0,-1,At Risk (used to be loyal)
13792,66,2,195.55,3,2,1,6,321,Need Attention,97.77499999999998,7.076923076923077,13,287,143.5,0,0,0,At Risk (used to be loyal)
13798,1,57,37153.85,5,5,5,15,555,Champions,651.8219298245614,68.6189111747851,113,372,6.526315789473684,1,1,-1,Champions
13799,117,2,688.86,2,2,3,7,223,Others,344.43000000000006,10.307692307692308,32,294,147.0,0,0,0,At Risk (used to be loyal)
13800,310,1,558.32,1,1,3,5,113,Others,558.32,10.030303030303031,33,310,310.0,0,0,0,At Risk (used to be loyal)
13801,67,1,324.8,3,1,2,6,312,Need Attention,324.79999999999995,7.304347826086956,23,67,67.0,2,2,0,Need Attention
13802,139,3,4599.42,2,3,5,10,235,Others,1533.14,42.86666666666667,55,312,104.0,1,0,-1,Champions
13803,255,1,277.07,1,1,2,4,112,Hibernating,277.07000000000005,7.117647058823529,17,255,255.0,0,0,0,At Risk (used to be loyal)
13804,31,7,2635.79,4,5,5,14,455,Champions,376.5414285714286,10.934306569343066,124,290,41.42857142857143,1,1,0,Champions
13805,52,2,924.6,3,2,3,8,323,Need Attention,462.29999999999995,146.15384615384616,10,129,64.5,0,0,-1,At Risk (used to be loyal)
13806,64,1,256.38,3,1,2,6,312,Need Attention,256.38,5.6,10,64,64.0,2,2,0,Need Attention
13807,367,1,112.6,1,1,1,3,111,Hibernating,112.6,5.142857142857143,7,367,367.0,0,0,0,At Risk (used to be loyal)
13808,6,5,1747.66,5,4,4,13,544,Champions,349.53200000000004,10.289473684210526,70,97,19.4,1,1,0,Champions
13809,305,1,155.05,1,1,1,3,111,Hibernating,155.05,2.4166666666666665,11,305,305.0,0,0,0,At Risk (used to be loyal)
13810,29,3,1499.01,4,3,4,11,434,Others,499.6700000000001,8.914285714285715,32,56,18.666666666666668,2,2,0,Need Attention
13811,184,3,814.5,1,3,3,7,133,Others,271.5,5.230769230769231,7,239,79.66666666666667,0,0,0,At Risk (used to be loyal)
13812,42,3,539.0,3,3,3,9,333,Need Attention,179.66666666666666,9.25,33,105,35.0,2,1,0,Need Attention
13813,40,4,1366.8600000000001,3,4,4,11,344,Loyal,341.71500000000003,8.0,54,135,33.75,1,1,0,Champions
13814,92,2,1579.12,2,2,4,8,224,Others,789.5600000000001,15.157894736842104,37,137,68.5,1,0,0,Champions
13815,22,4,4027.36,4,4,5,13,445,Champions,1006.84,14.545454545454545,132,319,79.75,1,1,0,Champions
13816,24,2,571.6700000000001,4,2,3,9,423,New / Promising,285.83500000000004,9.607142857142858,25,64,32.0,2,1,0,Need Attention
13817,29,2,382.98,4,2,2,8,422,New / Promising,191.48999999999998,8.791666666666666,20,352,176.0,0,0,0,At Risk (used to be loyal)
13819,302,3,1140.35,1,3,4,8,134,Others,380.1166666666666,30.805555555555557,26,320,106.66666666666667,0,0,0,At Risk (used to be loyal)
13821,145,2,385.64,2,2,2,6,222,Hibernating,192.82,2.593220338983051,51,262,131.0,0,0,0,At Risk (used to be loyal)
13822,6,2,632.0,5,2,3,10,523,New / Promising,316.0,6.364583333333333,90,40,20.0,2,2,0,Need Attention
13823,19,2,957.66,4,2,4,10,424,New / Promising,478.83,10.975,39,92,46.0,2,1,0,Need Attention
13824,33,5,1698.94,4,4,4,12,444,Champions,339.788,16.695652173913043,34,310,62.0,1,0,0,Champions
13826,176,1,189.5,2,1,1,4,211,Hibernating,189.5,8.2,10,176,176.0,0,2,0,At Risk (used to be loyal)
13827,58,3,412.05,3,3,2,8,332,Need Attention,137.35,1.5161290322580645,83,143,47.666666666666664,2,0,0,Need Attention
13828,22,1,209.49,4,1,1,6,411,New / Promising,209.49000000000004,20.733333333333334,15,22,22.0,2,2,0,Need Attention
13831,16,6,2202.99,4,5,5,14,455,Champions,367.16499999999996,10.067567567567568,58,370,61.666666666666664,1,1,0,Champions
13832,19,1,52.199999999999996,4,1,1,6,411,New / Promising,52.199999999999996,9.333333333333334,3,19,19.0,2,2,0,Need Attention
13833,159,1,384.8,2,1,2,5,212,Hibernating,384.7999999999999,4.068965517241379,28,159,159.0,0,2,0,At Risk (used to be loyal)
13835,25,4,834.57,4,4,3,11,443,Loyal,208.6425,8.036363636363637,48,215,53.75,1,1,0,Champions
13837,212,2,271.24,1,2,2,5,122,Hibernating,135.62,9.631578947368421,17,318,159.0,0,0,0,At Risk (used to be loyal)
13838,6,4,691.73,5,4,3,12,543,Loyal,172.93249999999998,1.5114942528735633,144,370,92.5,1,0,0,Champions
13841,253,1,85.0,1,1,1,3,111,Hibernating,85.0,100.0,1,253,253.0,0,0,0,At Risk (used to be loyal)
13842,59,9,3385.62,3,5,5,13,355,Loyal,376.18000000000006,8.58252427184466,155,367,40.77777777777778,1,1,0,Champions
13844,11,1,361.62,5,1,2,8,512,New / Promising,361.62,9.8,20,11,11.0,2,2,0,Need Attention
13845,65,1,312.98,3,1,2,6,312,Need Attention,312.98,20.22222222222222,9,65,65.0,2,2,0,Need Attention
13846,25,3,865.0600000000001,4,3,3,10,433,Others,288.3533333333334,7.054545454545455,55,360,120.0,1,0,0,Champions
13848,92,3,1255.0,2,3,4,9,234,Others,418.3333333333333,740.0,3,366,122.0,0,0,-1,At Risk (used to be loyal)
13849,52,2,1537.95,3,2,4,9,324,Need Attention,768.975,10.05940594059406,97,171,85.5,1,0,0,Champions
13850,129,1,1595.48,2,1,4,7,214,Others,1595.4800000000002,10.150537634408602,93,129,129.0,0,2,0,At Risk (used to be loyal)
13851,96,3,2651.46,2,3,5,10,235,Others,883.8199999999998,21.049382716049383,77,288,96.0,1,0,0,Champions
13853,57,1,1090.14,3,1,4,8,314,Need Attention,1090.1399999999999,13.565217391304348,23,57,57.0,2,2,0,Need Attention
13854,9,25,8109.5199999999995,5,5,5,15,555,Champions,324.3808,20.87272727272727,39,366,14.64,1,1,0,Champions
13856,169,3,388.5,2,3,2,7,232,Others,129.5,35.285714285714285,10,203,67.66666666666667,0,0,0,At Risk (used to be loyal)
13858,57,1,216.17,3,1,1,5,311,Need Attention,216.17000000000002,6.818181818181818,11,57,57.0,2,2,0,Need Attention
13859,326,1,201.16,1,1,1,3,111,Hibernating,201.16,4.607142857142857,27,326,326.0,0,0,0,At Risk (used to be loyal)
13860,1,5,1245.9,5,4,4,13,544,Champions,249.18,7.776315789473684,58,87,17.4,1,1,0,Champions
13862,18,8,2209.36,4,5,5,14,455,Champions,276.17,12.143884892086332,97,332,41.5,1,1,0,Champions
13863,248,1,305.78,1,1,2,4,112,Hibernating,305.78,11.2,20,248,248.0,0,0,0,At Risk (used to be loyal)
13865,58,4,501.56,3,4,3,10,343,Loyal,125.39,6.8,26,290,72.5,0,0,0,At Risk (used to be loyal)
13866,74,1,145.67000000000002,2,1,1,4,211,Hibernating,145.67,8.142857142857142,7,74,74.0,0,2,0,At Risk (used to be loyal)
13867,31,3,1015.29,4,3,4,11,434,Others,338.43,8.40983606557377,51,218,72.66666666666667,1,0,0,Champions
13868,7,2,3192.54,5,2,5,12,525,New / Promising,1596.27,59.515151515151516,32,39,19.5,2,0,-1,Need Attention
13869,123,4,3104.95,2,4,5,11,245,At Risk,776.2375,5.605863192182411,234,357,89.25,1,1,0,Champions
13870,2,8,2770.94,5,5,5,15,555,Champions,346.3675,11.521739130434783,91,288,36.0,1,1,0,Champions
13871,23,13,6403.25,4,5,5,14,455,Champions,492.5576923076923,8.351190476190476,155,309,23.76923076923077,1,1,0,Champions
13873,120,3,389.6,2,3,2,7,232,Others,129.86666666666665,6.086956521739131,21,310,103.33333333333333,0,0,0,At Risk (used to be loyal)
13874,358,1,540.45,1,1,3,5,113,Others,540.45,10.0,18,358,358.0,0,0,0,At Risk (used to be loyal)
13875,54,5,1786.79,3,4,4,11,344,Loyal,357.358,12.653846153846153,79,301,60.2,1,0,0,Champions
13876,64,1,122.7,3,1,1,5,311,Need Attention,122.69999999999999,5.142857142857143,7,64,64.0,2,2,0,Need Attention
13877,86,1,117.24,2,1,1,4,211,Hibernating,117.24000000000001,36.0,3,86,86.0,0,0,0,At Risk (used to be loyal)
13878,55,1,1281.53,3,1,4,8,314,Need Attention,1281.53,13.194444444444445,35,55,55.0,2,2,0,Need Attention
13880,21,13,3219.77,4,5,5,14,455,Champions,247.6746153846154,11.163636363636364,125,367,28.23076923076923,1,1,0,Champions
13881,4,20,17159.52,5,5,5,15,555,Champions,857.976,56.842696629213485,72,312,15.6,1,1,-1,Champions
13882,3,5,1191.13,5,4,4,13,544,Champions,238.22600000000003,14.661538461538461,54,64,12.8,2,1,0,Need Attention
13883,11,5,2674.48,5,4,5,14,545,Champions,534.896,10.112676056338028,108,253,50.6,1,1,0,Champions
13884,7,5,787.6,5,4,3,12,543,Loyal,157.52000000000004,5.084745762711864,45,283,56.6,1,1,0,Champions
13885,189,2,506.8,1,2,3,6,123,Others,253.4,6.5,28,201,100.5,0,0,0,At Risk (used to be loyal)
13886,71,1,243.56,3,1,1,5,311,Need Attention,243.56,7.875,16,71,71.0,2,2,0,Need Attention
13887,204,1,349.55,1,1,2,4,112,Hibernating,349.54999999999995,7.7368421052631575,19,204,204.0,0,0,0,At Risk (used to be loyal)
13888,120,2,605.63,2,2,3,7,223,Others,302.815,6.45,38,218,109.0,0,0,0,At Risk (used to be loyal)
13889,93,1,416.90000000000003,2,1,2,5,212,Hibernating,416.9,9.733333333333333,15,93,93.0,0,2,0,At Risk (used to be loyal)
13890,1,10,1883.8100000000002,5,5,4,14,554,Champions,188.38100000000003,7.554545454545455,74,359,35.9,1,1,0,Champions
13892,27,4,632.97,4,4,3,11,443,Loyal,158.2425,36.407407407407405,26,247,61.75,0,0,0,At Risk (used to be loyal)
13893,298,1,821.1,1,1,3,5,113,Others,821.1000000000001,9.047619047619047,21,298,298.0,0,0,0,At Risk (used to be loyal)
13894,24,3,564.62,4,3,3,10,433,Others,188.2066666666667,13.11111111111111,25,310,103.33333333333333,0,0,0,At Risk (used to be loyal)
13895,28,4,2593.07,4,4,5,13,445,Champions,648.2674999999999,11.567796610169491,97,165,41.25,1,1,0,Champions
13897,50,1,311.16,3,1,2,6,312,Need Attention,311.15999999999997,11.764705882352942,17,50,50.0,2,2,0,Need Attention
13898,326,1,155.93,1,1,1,3,111,Hibernating,155.93,11.083333333333334,12,326,326.0,0,0,0,At Risk (used to be loyal)
13899,16,2,388.52,4,2,2,8,422,New / Promising,194.26,8.210526315789474,19,275,137.5,0,0,0,At Risk (used to be loyal)
13900,183,3,740.95,1,3,3,7,133,Others,246.98333333333332,10.0,42,263,87.66666666666667,0,0,0,At Risk (used to be loyal)
13901,72,5,2867.2,3,4,5,12,345,Loyal,573.4399999999999,11.671140939597315,144,319,63.8,1,1,0,Champions
13904,37,2,332.64,3,2,2,7,322,Need Attention,166.32000000000002,12.76923076923077,24,295,147.5,0,0,0,At Risk (used to be loyal)
13908,80,4,2369.55,2,4,5,11,245,At Risk,592.3875,12.114754098360656,104,277,69.25,1,0,0,Champions
13911,57,9,2580.91,3,5,5,13,355,Loyal,286.7677777777778,18.4527027027027,120,308,34.22222222222222,1,1,0,Champions
13914,12,2,626.45,5,2,3,10,523,New / Promising,313.225,11.515151515151516,28,36,18.0,2,2,0,Need Attention
13917,50,2,272.04,3,2,2,7,322,Need Attention,136.01999999999998,12.666666666666666,16,192,96.0,0,0,0,At Risk (used to be loyal)
13918,50,2,1212.8400000000001,3,2,4,9,324,Need Attention,606.4200000000002,38.0,30,253,126.5,0,0,0,At Risk (used to be loyal)
13919,59,2,384.81,3,2,2,7,322,Need Attention,192.40500000000003,16.928571428571427,24,122,61.0,0,0,0,At Risk (used to be loyal)
13922,352,1,172.25,1,1,1,3,111,Hibernating,172.24999999999997,13.285714285714286,7,352,352.0,0,0,0,At Risk (used to be loyal)
13923,54,1,351.13,3,1,2,6,312,Need Attention,351.13000000000005,9.25,20,54,54.0,2,2,0,Need Attention
13924,2,6,1838.8500000000001,5,5,4,14,554,Champions,306.47499999999997,13.461538461538462,90,72,12.0,1,1,0,Champions
13925,93,4,678.25,2,4,3,9,243,At Risk,169.5625,8.073170731707316,28,135,33.75,2,0,0,Need Attention
13926,23,1,223.85000000000002,4,1,1,6,411,New / Promising,223.85000000000002,9.454545454545455,11,23,23.0,2,2,0,Need Attention
13927,75,1,348.99,2,1,2,5,212,Hibernating,348.99000000000007,10.19047619047619,21,75,75.0,2,2,0,Need Attention
13928,11,4,464.57,5,4,2,11,542,Loyal,116.1425,4.777777777777778,23,133,33.25,2,1,0,Need Attention
13929,169,2,842.65,2,2,3,7,223,Others,421.325,15.88888888888889,8,326,163.0,0,0,0,At Risk (used to be loyal)
13930,58,2,337.34,3,2,2,7,322,Need Attention,168.67,16.11764705882353,15,137,68.5,0,0,0,At Risk (used to be loyal)
13931,96,2,1237.53,2,2,4,8,224,Others,618.765,12.5,56,281,140.5,0,0,0,At Risk (used to be loyal)
13932,295,1,307.4,1,1,2,4,112,Hibernating,307.4,4.5,16,295,295.0,0,0,0,At Risk (used to be loyal)
13933,109,2,608.7900000000001,2,2,3,7,223,Others,304.3949999999999,8.91304347826087,23,148,74.0,0,0,0,At Risk (used to be loyal)
13934,264,1,922.1,1,1,3,5,113,Others,922.0999999999999,12.580645161290322,31,264,264.0,0,0,0,At Risk (used to be loyal)
13936,180,1,376.58,1,1,2,4,112,Hibernating,376.5799999999999,12.692307692307692,26,180,180.0,0,0,0,At Risk (used to be loyal)
13937,169,1,158.85,2,1,1,4,211,Hibernating,158.85,13.666666666666666,9,169,169.0,0,0,0,At Risk (used to be loyal)
13938,35,1,71.66,3,1,1,5,311,Need Attention,71.66,10.0,7,35,35.0,2,2,0,Need Attention
13939,23,3,568.55,4,3,3,10,433,Others,189.51666666666665,18.822222222222223,43,312,104.0,0,0,0,At Risk (used to be loyal)
13940,17,4,839.14,4,4,3,11,443,Loyal,209.785,10.53061224489796,39,144,36.0,1,1,0,Champions
13941,22,5,5112.96,4,4,5,13,445,Champions,1022.592,52.53333333333333,24,373,74.6,1,0,0,Champions
13946,79,3,561.5699999999999,2,3,3,8,233,Others,187.19000000000003,40.27272727272727,11,268,89.33333333333333,0,0,0,At Risk (used to be loyal)
13947,65,1,90.6,3,1,1,5,311,Need Attention,90.6,8.8,5,65,65.0,2,2,0,Need Attention
13948,361,1,102.0,1,1,1,3,111,Hibernating,101.99999999999999,13.333333333333334,3,361,361.0,0,0,0,At Risk (used to be loyal)
13949,3,6,2427.32,5,5,5,15,555,Champions,404.5533333333333,15.4625,124,95,15.833333333333334,1,1,0,Champions
13950,11,4,745.06,5,4,3,12,543,Loyal,186.26500000000001,9.228571428571428,33,247,61.75,1,1,0,Champions
13951,176,3,674.45,2,3,3,8,233,Others,224.8166666666666,11.76923076923077,38,294,98.0,0,0,0,At Risk (used to be loyal)
13952,218,2,3251.071,1,2,5,8,125,Others,1625.5355,10.445255474452555,120,239,119.5,1,0,0,Champions
13953,7,7,3515.68,5,5,5,15,555,Champions,502.2399999999999,136.2,8,353,50.42857142857143,1,0,-1,Champions
13954,2,2,439.92,5,3,2,10,532,Others,219.96,6.0,24,71,35.5,2,1,0,Need Attention
13955,154,2,322.96,2,3,2,7,232,Others,161.48,4.666666666666667,33,306,153.0,0,0,0,At Risk (used to be loyal)
13956,5,5,1026.42,5,4,4,13,544,Champions,205.28400000000002,3.2302631578947367,123,271,54.2,1,1,0,Champions
13959,79,3,598.2,2,3,3,8,233,Others,199.39999999999998,3.880434782608696,79,362,120.66666666666667,0,0,0,At Risk (used to be loyal)
13960,21,2,230.22,4,3,1,8,431,Others,115.11,11.833333333333334,11,72,36.0,2,2,0,Need Attention
13962,22,2,169.55,4,3,1,8,431,Others,84.775,7.909090909090909,11,246,123.0,0,0,0,At Risk (used to be loyal)
13963,308,4,664.54,1,4,3,8,143,At Risk,166.13500000000002,13.142857142857142,35,368,92.0,0,0,0,At Risk (used to be loyal)
13967,146,1,80.7,2,1,1,4,211,Hibernating,80.7,21.0,2,146,146.0,0,0,0,At Risk (used to be loyal)
13969,7,18,9053.94,5,5,5,15,555,Champions,502.9966666666666,7.255591054313099,334,365,20.27777777777778,1,1,0,Champions
13971,19,8,2758.26,4,5,5,14,455,Champions,344.7825,12.375838926174497,118,286,35.75,1,1,0,Champions
13972,71,2,190.25,3,3,1,7,331,Need Attention,95.12500000000001,12.466666666666667,15,202,101.0,0,0,0,At Risk (used to be loyal)
13973,287,1,264.7,1,1,2,4,112,Hibernating,264.7,9.909090909090908,11,287,287.0,0,0,0,At Risk (used to be loyal)
13974,49,1,413.59000000000003,3,1,2,6,312,Need Attention,413.59,8.892857142857142,28,49,49.0,2,2,0,Need Attention
13975,31,6,2526.28,4,5,5,14,455,Champions,421.0466666666666,5.124260355029586,240,277,46.166666666666664,1,1,0,Champions
13976,207,1,357.98,1,1,2,4,112,Hibernating,357.98,15.4,10,207,207.0,0,0,0,At Risk (used to be loyal)
13978,15,2,196.79000000000002,4,3,1,8,431,Others,98.395,21.0,14,45,22.5,2,2,0,Need Attention
13979,73,1,869.87,2,1,3,6,213,Others,869.8699999999998,11.833333333333334,54,73,73.0,2,2,0,Need Attention
13980,60,1,200.14,3,1,1,5,311,Need Attention,200.14000000000001,15.636363636363637,11,60,60.0,2,2,0,Need Attention
13982,39,4,1871.81,3,4,4,11,344,Loyal,467.9525,10.234234234234235,72,365,91.25,1,0,0,Champions
13983,30,12,2603.43,4,5,5,14,455,Champions,216.95250000000001,11.05607476635514,91,367,30.583333333333332,1,1,0,Champions
13984,27,5,920.51,4,4,3,11,443,Loyal,184.102,42.4375,14,366,73.2,0,0,0,At Risk (used to be loyal)
13985,4,15,7060.13,5,5,5,15,555,Champions,470.67533333333336,9.87106017191977,108,264,17.6,1,1,0,Champions
13986,17,1,320.46,4,1,2,7,412,New / Promising,320.46000000000004,33.07692307692308,12,17,17.0,2,2,0,Need Attention
13988,20,6,4147.96,4,5,5,14,455,Champions,691.3266666666667,13.008547008547009,188,255,42.5,1,1,0,Champions
13989,66,2,1266.08,3,3,4,10,334,Need Attention,633.04,32.02439024390244,33,239,119.5,0,0,0,At Risk (used to be loyal)
13990,213,1,311.3,1,1,2,4,112,Hibernating,311.3,11.875,16,213,213.0,0,0,0,At Risk (used to be loyal)
13991,12,6,855.97,5,5,3,13,553,Loyal,142.6616666666667,11.880952380952381,58,143,23.833333333333332,1,1,0,Champions
13992,30,1,76.8,4,1,1,6,411,New / Promising,76.8,12.8,5,30,30.0,2,2,0,Need Attention
13993,43,9,3466.36,3,5,5,13,355,Loyal,385.15111111111116,7.43801652892562,66,331,36.77777777777778,1,1,0,Champions
13994,4,6,2313.14,5,5,5,15,555,Champions,385.52333333333337,6.064516129032258,122,148,24.666666666666668,1,1,0,Champions
13995,15,5,1393.69,4,4,4,12,444,Champions,278.738,10.220930232558139,55,246,49.2,1,1,0,Champions
13999,10,12,3901.81,5,5,5,15,555,Champions,325.1508333333333,10.783653846153847,102,362,30.166666666666668,1,1,0,Champions
14000,211,1,635.66,1,1,3,5,113,Others,635.6600000000001,47.333333333333336,15,211,211.0,0,0,0,At Risk (used to be loyal)
14001,46,3,2043.0800000000002,3,3,4,10,334,Need Attention,681.0266666666668,24.666666666666668,34,373,124.33333333333333,1,0,0,Champions
14002,134,2,529.73,2,3,3,8,233,Others,264.86499999999995,18.659574468085108,47,156,78.0,0,0,0,At Risk (used to be loyal)
14004,43,7,4582.64,3,5,5,13,355,Loyal,654.6628571428571,15.602339181286549,102,289,41.285714285714285,1,1,0,Champions
14005,10,5,2874.72,5,4,5,14,545,Champions,574.944,29.5,53,216,43.2,1,1,0,Champions
14006,116,3,962.19,2,3,4,9,234,Others,320.72999999999996,21.366666666666667,22,312,104.0,0,0,0,At Risk (used to be loyal)
14009,198,2,695.61,1,3,3,7,133,Others,347.80499999999995,8.69047619047619,42,205,102.5,0,0,0,At Risk (used to be loyal)
14012,278,1,328.8,1,1,2,4,112,Hibernating,328.8,14.545454545454545,11,278,278.0,0,0,0,At Risk (used to be loyal)
14013,110,3,473.02,2,3,2,7,232,Others,157.67333333333332,13.588235294117647,30,276,92.0,0,0,0,At Risk (used to be loyal)
14014,77,1,505.18,2,1,3,6,213,Others,505.18,27.58974358974359,39,77,77.0,2,2,0,Need Attention
14015,53,1,917.34,3,1,3,7,313,Need Attention,917.34,18.9,20,53,53.0,2,2,0,Need Attention
14016,162,4,4341.21,2,4,5,11,245,At Risk,1085.3025,13.198757763975156,154,357,89.25,1,1,0,Champions
14019,47,3,1421.61,3,3,4,10,334,Need Attention,473.86999999999995,15.712121212121213,37,138,46.0,1,1,0,Champions
14020,17,2,642.8,4,3,3,10,433,Others,321.40000000000003,11.307692307692308,37,88,44.0,2,1,0,Need Attention
14021,155,3,631.9,2,3,3,8,233,Others,210.63333333333335,8.727272727272727,22,256,85.33333333333333,0,0,0,At Risk (used to be loyal)
14022,225,1,440.0,1,1,2,4,112,Hibernating,440.0,17.392857142857142,28,225,225.0,0,0,0,At Risk (used to be loyal)
14023,7,2,584.07,5,3,3,11,533,Others,292.03499999999997,11.129032258064516,30,250,125.0,0,0,0,At Risk (used to be loyal)
14024,122,2,327.7,2,3,2,7,232,Others,163.85000000000002,9.375,16,124,62.0,0,0,0,At Risk (used to be loyal)
14027,61,1,104.82,3,1,1,5,311,Need Attention,104.82000000000002,10.333333333333334,6,61,61.0,2,2,0,Need Attention
14029,63,2,467.66,3,3,2,8,332,Need Attention,233.83,13.2,15,144,72.0,0,0,0,At Risk (used to be loyal)
14030,18,8,2360.09,4,5,5,14,455,Champions,295.01124999999996,6.08641975308642,210,366,45.75,1,1,0,Champions
14031,7,19,17286.86,5,5,5,15,555,Champions,909.8347368421053,23.152,119,372,19.57894736842105,1,1,0,Champions
14032,2,11,2975.59,5,5,5,15,555,Champions,270.5081818181818,14.20979020979021,53,367,33.36363636363637,1,1,0,Champions
14034,22,3,651.8199999999999,4,3,3,10,433,Others,217.2733333333333,4.752808988764045,82,157,52.333333333333336,1,1,0,Champions
14035,29,5,1428.02,4,4,4,12,444,Champions,285.60400000000004,11.196969696969697,41,298,59.6,1,1,0,Champions
14036,285,1,626.65,1,1,3,5,113,Others,626.65,7.052631578947368,38,285,285.0,0,0,0,At Risk (used to be loyal)
14037,176,2,147.20000000000002,2,3,1,6,231,Others,73.6,1.6428571428571428,27,365,182.5,0,0,0,At Risk (used to be loyal)
14038,78,3,1560.38,2,3,4,9,234,Others,520.1266666666664,10.48913043478261,64,207,69.0,1,0,0,Champions
14039,33,1,152.2,4,1,1,6,411,New / Promising,152.2,15.333333333333334,6,33,33.0,2,2,0,Need Attention
14040,41,12,3614.92,3,5,5,13,355,Loyal,301.24333333333334,6.6127659574468085,146,331,27.583333333333332,1,1,0,Champions
14041,266,1,141.41,1,1,1,3,111,Hibernating,141.41,4.476190476190476,21,266,266.0,0,0,0,At Risk (used to be loyal)
14044,27,4,652.82,4,4,3,11,443,Loyal,163.20499999999998,1.4736842105263157,165,310,77.5,1,0,0,Champions
14045,109,4,1659.75,2,4,4,10,244,At Risk,414.9375,89.16666666666667,4,374,93.5,0,0,0,At Risk (used to be loyal)
14046,284,1,154.99,1,1,1,3,111,Hibernating,154.99,32.857142857142854,14,284,284.0,0,0,0,At Risk (used to be loyal)
14047,9,5,1308.6100000000001,5,4,4,13,544,Champions,261.72200000000004,11.90625,22,373,74.6,1,1,0,Champions
14048,305,1,409.93,1,1,2,4,112,Hibernating,409.93,3.388235294117647,83,305,305.0,0,0,0,At Risk (used to be loyal)
14049,17,4,5681.72,4,4,5,13,445,Champions,1420.43,7.930327868852459,348,318,79.5,1,1,0,Champions
14050,32,2,746.36,4,3,3,10,433,Others,373.17999999999995,12.75925925925926,49,106,53.0,2,1,0,Need Attention
14051,1,23,15610.390000000001,5,5,5,15,555,Champions,678.7126086956523,17.885714285714286,52,367,15.956521739130435,1,1,0,Champions
14052,20,1,225.36,4,1,1,6,411,New / Promising,225.36,1.5892857142857142,56,20,20.0,2,2,0,Need Attention
14053,124,2,260.25,2,3,2,7,232,Others,130.125,53.75,2,160,80.0,0,0,0,At Risk (used to be loyal)
14054,65,1,92.46,3,1,1,5,311,Need Attention,92.46,10.333333333333334,6,65,65.0,2,2,0,Need Attention
14055,106,1,725.6400000000001,2,1,3,6,213,Others,725.6400000000001,21.6,10,106,106.0,0,2,0,At Risk (used to be loyal)
14056,1,23,8214.65,5,5,5,15,555,Champions,357.1586956521739,3.863471971066908,320,284,12.347826086956522,1,1,0,Champions
14057,24,17,6217.96,4,5,5,14,455,Champions,365.7623529411764,17.169014084507044,179,361,21.235294117647058,1,1,0,Champions
14059,267,1,183.6,1,1,1,3,111,Hibernating,183.6,16.0,8,267,267.0,0,0,0,At Risk (used to be loyal)
14060,5,19,6140.42,5,5,5,15,555,Champions,323.18,26.663366336633665,86,373,19.63157894736842,1,1,0,Champions
14062,10,12,10464.85,5,5,5,15,555,Champions,872.0708333333336,50.387387387387385,60,364,30.333333333333332,1,1,0,Champions
14064,29,5,1353.74,4,4,4,12,444,Champions,270.748,22.35,59,274,54.8,1,0,0,Champions
14066,267,1,152.55,1,1,1,3,111,Hibernating,152.55,6.428571428571429,7,267,267.0,0,0,0,At Risk (used to be loyal)
14067,64,2,374.7,3,3,2,8,332,Need Attention,187.35,6.9423076923076925,51,97,48.5,2,1,0,Need Attention
14068,320,1,265.85,1,1,2,4,112,Hibernating,265.85,3.0416666666666665,22,320,320.0,0,0,0,At Risk (used to be loyal)
14071,4,8,1438.82,5,5,4,14,554,Champions,179.85250000000002,3.0709876543209877,271,265,33.125,1,1,0,Champions
14073,32,1,151.04,4,1,1,6,411,New / Promising,151.04,10.0,13,32,32.0,2,2,0,Need Attention
14075,5,3,942.26,5,3,3,11,533,Others,314.08666666666664,17.53488372093023,33,261,87.0,1,0,0,Champions
14076,129,1,122.47,2,1,1,4,211,Hibernating,122.47,1.7608695652173914,43,129,129.0,0,0,0,At Risk (used to be loyal)
14077,41,5,499.41999999999996,3,4,3,10,343,Loyal,99.88400000000001,6.380952380952381,33,274,54.8,0,1,0,At Risk (used to be loyal)
14078,102,6,1049.37,2,5,4,11,254,At Risk,174.89499999999998,4.769230769230769,46,373,62.166666666666664,1,0,0,Champions
14079,125,1,375.1,2,1,2,5,212,Hibernating,375.0999999999999,25.083333333333332,12,125,125.0,0,2,0,At Risk (used to be loyal)
14080,33,1,45.599999999999994,4,1,1,6,411,New / Promising,45.599999999999994,12.0,4,33,33.0,2,2,0,Need Attention
14081,302,2,934.52,1,3,3,7,133,Others,467.26,3.895424836601307,126,369,184.5,0,0,0,At Risk (used to be loyal)
14082,365,1,182.25,1,1,1,3,111,Hibernating,182.24999999999997,3.793103448275862,28,365,365.0,0,0,0,At Risk (used to be loyal)
14083,4,9,1018.43,5,5,4,14,554,Champions,113.1588888888889,4.044198895027624,162,372,41.333333333333336,1,1,0,Champions
14085,2,18,4448.54,5,5,5,15,555,Champions,247.14111111111117,7.075555555555556,272,369,20.5,1,1,0,Champions
14087,3,1,194.42,5,1,1,7,511,New / Promising,194.42,3.63768115942029,61,3,3.0,2,2,-1,Need Attention
14088,10,13,50491.81,5,5,5,15,555,Champions,3883.9853846153846,21.502546689303905,379,322,24.76923076923077,1,1,-1,Champions
14089,57,1,161.0,3,1,1,5,311,Need Attention,161.0,9.571428571428571,13,57,57.0,2,2,0,Need Attention
14090,325,1,76.32000000000001,1,1,1,3,111,Hibernating,76.32000000000001,72.0,1,325,325.0,0,0,0,At Risk (used to be loyal)
14092,8,14,4076.91,5,5,5,15,555,Champions,291.2078571428571,9.654205607476635,117,358,25.571428571428573,1,1,0,Champions
14093,12,1,442.85,5,1,2,8,512,New / Promising,442.84999999999997,3.8666666666666667,95,12,12.0,2,2,0,Need Attention
14096,4,17,65164.79,5,5,5,15,555,Champions,3833.2229411764706,3.1993738994325964,1119,102,6.0,1,1,-1,Champions
14098,37,1,147.35,3,1,1,5,311,Need Attention,147.34999999999997,4.9523809523809526,21,37,37.0,2,2,0,Need Attention
14099,16,11,3104.17,4,5,5,14,455,Champions,282.1972727272727,8.716,167,355,32.27272727272727,1,1,0,Champions
14100,138,1,194.9,2,1,1,4,211,Hibernating,194.90000000000003,2.4615384615384617,24,138,138.0,0,0,0,At Risk (used to be loyal)
14101,74,6,5976.79,2,5,5,12,255,At Risk,996.1316666666668,198.34285714285716,15,326,54.333333333333336,1,0,-1,Champions
14102,5,5,1360.28,5,4,4,13,544,Champions,272.056,12.164556962025317,35,45,9.0,2,1,0,Need Attention
14104,155,2,216.20999999999998,2,3,1,6,231,Others,108.10499999999999,3.4285714285714284,21,166,83.0,0,0,0,At Risk (used to be loyal)
14105,239,1,1266.23,1,1,4,6,114,Others,1266.23,10.81081081081081,74,239,239.0,0,0,0,At Risk (used to be loyal)
14107,52,7,2703.23,3,5,5,13,355,Loyal,386.17571428571426,14.577235772357724,61,364,52.0,1,1,0,Champions
14108,31,2,597.91,4,3,3,10,433,Others,298.95500000000004,11.205882352941176,33,102,51.0,2,1,0,Need Attention
14109,73,1,144.2,2,1,1,4,211,Hibernating,144.2,9.777777777777779,9,73,73.0,2,2,0,Need Attention
14110,4,12,5683.15,5,5,5,15,555,Champions,473.5958333333335,15.774193548387096,94,267,22.25,1,1,0,Champions
14111,14,4,692.85,4,4,3,11,443,Loyal,173.2125,45.8,10,242,60.5,0,0,0,At Risk (used to be loyal)
14112,23,7,2915.15,4,5,5,14,455,Champions,416.45,10.31875,117,276,39.42857142857143,1,1,0,Champions
14113,4,4,1840.42,5,4,4,13,544,Champions,460.10499999999996,21.91176470588235,26,355,88.75,1,0,0,Champions
14114,274,2,386.53,1,3,2,6,132,Others,193.265,6.733333333333333,15,331,165.5,0,0,0,At Risk (used to be loyal)
14116,20,5,1382.74,4,4,4,12,444,Champions,276.54799999999994,9.819444444444445,61,122,24.4,1,1,0,Champions
14117,144,1,90.0,2,1,1,4,211,Hibernating,90.0,24.0,3,144,144.0,0,0,0,At Risk (used to be loyal)
14121,4,4,2780.15,5,4,5,14,545,Champions,695.0375,13.09433962264151,148,60,15.0,1,1,0,Champions
14124,84,1,419.58000000000004,2,1,2,5,212,Hibernating,419.58000000000004,323.6,4,84,84.0,0,0,-1,At Risk (used to be loyal)
14125,11,3,2740.43,5,3,5,13,535,Others,913.4766666666668,9.820359281437126,159,78,26.0,1,1,0,Champions
14126,8,3,706.1300000000001,5,3,3,11,533,Others,235.3766666666667,33.86666666666667,14,11,3.6666666666666665,2,2,-1,Need Attention
14127,123,3,709.71,2,3,3,8,233,Others,236.56999999999996,7.295454545454546,39,311,103.66666666666667,0,0,0,At Risk (used to be loyal)
14128,61,2,637.5,3,3,3,9,333,Need Attention,318.7500000000001,12.26086956521739,40,256,128.0,0,0,0,At Risk (used to be loyal)
14129,2,5,1123.8600000000001,5,4,4,13,544,Champions,224.77200000000002,11.384615384615385,31,261,52.2,1,1,0,Champions
14130,319,1,483.86,1,1,2,4,112,Hibernating,483.86,3.8507462686567164,66,319,319.0,0,0,0,At Risk (used to be loyal)
14132,2,11,3586.0299999999997,5,5,5,15,555,Champions,326.00272727272727,16.84,100,184,16.727272727272727,1,1,0,Champions
14133,130,3,605.64,2,3,3,8,233,Others,201.87999999999997,12.428571428571429,25,316,105.33333333333333,0,0,0,At Risk (used to be loyal)
14135,2,15,4690.31,5,5,5,15,555,Champions,312.6873333333333,28.73134328358209,95,373,24.866666666666667,1,1,0,Champions
14138,2,2,982.3800000000001,5,3,4,12,534,Others,491.1900000000001,12.97872340425532,40,64,32.0,2,2,0,Need Attention
14139,46,1,415.82,3,1,2,6,312,Need Attention,415.81999999999994,19.615384615384617,26,46,46.0,2,2,0,Need Attention
14140,4,2,935.05,5,3,3,11,533,Others,467.525,12.287878787878787,60,32,16.0,2,2,0,Need Attention
14141,3,4,915.13,5,4,3,12,543,Loyal,228.78250000000003,8.875,27,105,26.25,2,1,0,Need Attention
14142,373,1,311.81,1,1,2,4,112,Hibernating,311.81,14.227272727272727,22,373,373.0,0,0,0,At Risk (used to be loyal)
14143,134,1,115.8,2,1,1,4,211,Hibernating,115.8,4.285714285714286,7,134,134.0,0,0,0,At Risk (used to be loyal)
14145,47,4,3742.2,3,4,5,12,345,Loyal,935.55,68.72727272727273,6,217,54.25,1,0,-1,Champions
14146,9,5,4191.0,5,4,5,14,545,Champions,838.2,11.604761904761904,183,357,71.4,1,1,0,Champions
14147,78,2,483.4,2,3,2,7,232,Others,241.7,21.6,4,286,143.0,0,0,0,At Risk (used to be loyal)
14148,234,1,157.2,1,1,1,3,111,Hibernating,157.2,5.333333333333333,3,234,234.0,0,0,0,At Risk (used to be loyal)
14149,221,1,446.62,1,1,2,4,112,Hibernating,446.62000000000006,7.785714285714286,28,221,221.0,0,0,0,At Risk (used to be loyal)
14150,36,2,658.64,3,3,3,9,333,Need Attention,329.32,19.076923076923077,23,360,180.0,0,0,0,At Risk (used to be loyal)
14152,75,2,621.29,2,3,3,8,233,Others,310.645,14.510204081632653,47,234,117.0,0,0,0,At Risk (used to be loyal)
14154,239,2,1345.62,1,3,4,8,134,Others,672.81,8.942307692307692,52,239,119.5,0,0,0,At Risk (used to be loyal)
14155,266,1,118.75,1,1,1,3,111,Hibernating,118.75,4.166666666666667,6,266,266.0,0,0,0,At Risk (used to be loyal)
14156,10,55,117379.63,5,5,5,15,555,Champions,2134.175090909091,41.34642857142857,714,372,6.763636363636364,1,1,-1,Champions
14157,20,2,432.88,4,3,2,9,432,Others,216.44,5.916666666666667,45,285,142.5,0,0,0,At Risk (used to be loyal)
14158,40,1,507.66,3,1,3,7,313,Need Attention,507.65999999999997,19.048780487804876,41,40,40.0,2,2,0,Need Attention
14159,20,11,4693.01,4,5,5,14,455,Champions,426.6372727272728,3.661129568106312,501,363,33.0,1,1,0,Champions
14161,216,3,1110.52,1,3,4,8,134,Others,370.17333333333335,4.212962962962963,87,369,123.0,0,0,0,At Risk (used to be loyal)
14162,174,2,289.36,2,3,2,7,232,Others,144.68,5.68,25,293,146.5,0,0,0,At Risk (used to be loyal)
14163,87,4,2445.91,2,4,5,11,245,At Risk,611.4775000000001,17.173076923076923,36,239,59.75,1,0,0,Champions
14164,71,2,1631.77,3,3,4,10,334,Need Attention,815.8850000000002,35.62068965517241,28,81,40.5,2,2,0,Need Attention
14165,276,1,122.53999999999999,1,1,1,3,111,Hibernating,122.54,2.16,23,276,276.0,0,0,0,At Risk (used to be loyal)
14167,39,4,574.84,3,4,3,10,343,Loyal,143.71,2.8846153846153846,27,331,82.75,0,0,0,At Risk (used to be loyal)
14171,98,1,363.79,2,1,2,5,212,Hibernating,363.79,2.8793103448275863,57,98,98.0,0,0,0,At Risk (used to be loyal)
14173,11,4,450.84,5,4,2,11,542,Loyal,112.71000000000002,5.172413793103448,28,219,54.75,0,1,0,At Risk (used to be loyal)
14174,33,1,134.46,4,1,1,6,411,New / Promising,134.46,3.6153846153846154,26,33,33.0,2,2,0,Need Attention
14175,60,3,3222.3,3,3,5,11,335,Need Attention,1074.1000000000001,10.167785234899329,139,330,110.0,1,1,0,Champions
14176,297,4,576.9000000000001,1,4,3,8,143,At Risk,144.225,6.741935483870968,28,368,92.0,0,0,0,At Risk (used to be loyal)
14177,86,4,559.41,2,4,3,9,243,At Risk,139.85250000000002,4.880952380952381,37,180,45.0,0,0,0,At Risk (used to be loyal)
14178,9,7,1620.93,5,5,4,14,554,Champions,231.56142857142862,4.602446483180428,191,182,26.0,1,1,0,Champions
14179,41,2,719.78,3,3,3,9,333,Need Attention,359.89,2.0,135,52,26.0,2,1,0,Need Attention
14180,11,25,4748.52,5,5,5,15,555,Champions,189.94080000000002,2.995833333333333,112,372,14.88,1,1,0,Champions
14184,67,1,452.89,3,1,2,6,312,Need Attention,452.89,5.291666666666667,24,67,67.0,2,2,0,Need Attention
14185,331,1,197.65,1,1,1,3,111,Hibernating,197.65,2.0,3,331,331.0,0,0,0,At Risk (used to be loyal)
14188,31,6,2054.36,4,5,4,13,454,Champions,342.3933333333334,17.876923076923077,34,310,51.666666666666664,1,0,0,Champions
14189,2,15,4654.08,5,5,5,15,555,Champions,310.272,14.856603773584906,176,369,24.6,1,1,0,Champions
14191,2,13,4684.76,5,5,5,15,555,Champions,360.36615384615385,14.13899613899614,145,221,17.0,1,1,0,Champions
14193,68,2,853.39,3,3,3,9,333,Need Attention,426.69500000000005,10.595238095238095,35,270,135.0,0,0,0,At Risk (used to be loyal)
14194,5,21,11349.52,5,5,5,15,555,Champions,540.4533333333334,10.08635578583765,269,308,14.666666666666666,1,1,0,Champions
14195,202,2,1012.0,1,3,4,8,134,Others,505.9999999999999,108.57142857142857,7,252,126.0,0,0,0,At Risk (used to be loyal)
14196,107,1,335.52,2,1,2,5,212,Hibernating,335.52,23.666666666666668,6,107,107.0,0,2,0,At Risk (used to be loyal)
14198,18,4,701.4,4,4,3,11,443,Loyal,175.35,7.435897435897436,35,239,59.75,1,1,0,Champions
14199,218,1,185.39999999999998,1,1,1,3,111,Hibernating,185.39999999999998,14.0,2,218,218.0,0,0,0,At Risk (used to be loyal)
14201,60,7,747.44,3,5,3,11,353,Loyal,106.77714285714288,15.945945945945946,32,359,51.285714285714285,1,1,0,Champions
14204,2,1,161.03,5,1,1,7,511,New / Promising,161.02999999999994,1.8636363636363635,36,2,2.0,2,2,-1,Need Attention
14205,17,2,466.7,4,3,2,9,432,Others,233.35000000000002,8.5,23,264,132.0,0,0,0,At Risk (used to be loyal)
14206,239,1,328.15999999999997,1,1,2,4,112,Hibernating,328.15999999999997,13.8,20,239,239.0,0,0,0,At Risk (used to be loyal)
14208,95,1,151.74,2,1,1,4,211,Hibernating,151.73999999999998,11.4,10,95,95.0,0,2,0,At Risk (used to be loyal)
14209,11,6,2073.43,5,5,5,15,555,Champions,345.5716666666667,7.942528735632184,55,332,55.333333333333336,1,1,0,Champions
14210,106,6,1905.8400000000001,2,5,4,11,254,At Risk,317.64000000000004,7.450980392156863,66,372,62.0,1,0,0,Champions
14211,53,9,2241.1,3,5,5,13,355,Loyal,249.01111111111115,11.089285714285714,87,295,32.77777777777778,1,1,0,Champions
14212,90,1,1070.48,2,1,4,7,214,Others,1070.48,128.0,9,90,90.0,0,0,-1,At Risk (used to be loyal)
14214,31,5,1004.38,4,4,4,12,444,Champions,200.87600000000003,11.208955223880597,64,278,55.6,1,1,0,Champions
14215,12,6,1789.72,5,5,4,14,554,Champions,298.2866666666667,12.574074074074074,98,368,61.333333333333336,1,1,0,Champions
14216,3,4,1839.3,5,4,4,13,544,Champions,459.82500000000005,10.067796610169491,47,38,9.5,2,1,0,Need Attention
14217,2,17,2004.98,5,5,4,14,554,Champions,117.93999999999998,6.89,78,366,21.529411764705884,1,1,0,Champions
14218,43,1,169.48000000000002,3,1,1,5,311,Need Attention,169.48000000000002,13.333333333333334,12,43,43.0,2,2,0,Need Attention
14219,4,1,89.94,5,1,1,7,511,New / Promising,89.94,11.142857142857142,7,4,4.0,2,2,-1,Need Attention
14220,247,2,632.4,1,3,3,7,133,Others,316.19999999999993,12.952380952380953,21,358,179.0,0,0,0,At Risk (used to be loyal)
14221,42,9,3432.8,3,5,5,13,355,Loyal,381.4222222222222,11.352331606217616,123,339,37.666666666666664,1,1,0,Champions
14222,177,1,683.17,2,1,3,6,213,Others,683.1700000000001,14.804878048780488,41,177,177.0,0,2,0,At Risk (used to be loyal)
14223,92,3,991.13,2,3,4,9,234,Others,330.3766666666667,9.75,50,264,88.0,0,0,0,At Risk (used to be loyal)
14224,110,4,1050.12,2,4,4,10,244,At Risk,262.53000000000003,4.3559322033898304,105,320,80.0,1,0,0,Champions
14226,29,5,2232.19,4,4,5,13,445,Champions,446.438,19.52238805970149,64,269,53.8,1,0,0,Champions
14227,26,10,3350.96,4,5,5,14,455,Champions,335.096,10.4,117,285,28.5,1,1,0,Champions
14229,52,3,1547.2,3,3,4,10,334,Need Attention,515.7333333333333,15.25,29,334,111.33333333333333,1,0,0,Champions
14231,184,3,925.71,1,3,3,7,133,Others,308.57,8.18,47,289,96.33333333333333,0,0,0,At Risk (used to be loyal)
14232,43,5,2048.07,3,4,4,11,344,Loyal,409.61400000000003,16.878260869565217,81,265,53.0,1,0,0,Champions
14233,49,4,1462.72,3,4,4,11,344,Loyal,365.68000000000006,19.428571428571427,30,318,79.5,1,0,0,Champions
14234,22,4,775.46,4,4,3,11,443,Loyal,193.86500000000007,6.056603773584905,122,57,14.25,2,1,0,Need Attention
14235,75,5,3144.86,2,4,5,11,245,At Risk,628.972,24.79746835443038,65,260,52.0,1,0,0,Champions
14236,81,2,490.86,2,3,3,8,233,Others,245.43,20.666666666666668,15,372,186.0,0,0,0,At Risk (used to be loyal)
14237,373,1,161.0,1,1,1,3,111,Hibernating,161.00000000000003,4.222222222222222,9,373,373.0,0,0,0,At Risk (used to be loyal)
14238,326,1,146.85,1,1,1,3,111,Hibernating,146.85,13.875,8,326,326.0,0,0,0,At Risk (used to be loyal)
14239,43,11,2380.85,3,5,5,13,355,Loyal,216.44090909090912,8.866071428571429,83,316,28.727272727272727,1,1,0,Champions
14240,30,2,890.34,4,3,3,10,433,Others,445.1700000000001,9.952380952380953,37,226,113.0,0,0,0,At Risk (used to be loyal)
14241,184,1,213.70000000000002,1,1,1,3,111,Hibernating,213.70000000000005,14.6,10,184,184.0,0,0,0,At Risk (used to be loyal)
14242,235,2,280.55,1,3,2,6,132,Others,140.275,7.6875,13,326,163.0,0,0,0,At Risk (used to be loyal)
14243,9,10,2588.77,5,5,5,15,555,Champions,258.87699999999995,8.659574468085106,99,366,36.6,1,1,0,Champions
14245,220,2,1693.45,1,3,4,8,134,Others,846.7249999999999,9.037037037037036,107,264,132.0,0,0,0,At Risk (used to be loyal)
14246,111,3,1474.06,2,3,4,9,234,Others,491.3533333333334,10.72,57,246,82.0,1,0,0,Champions
14247,278,1,136.76999999999998,1,1,1,3,111,Hibernating,136.76999999999998,2.35,19,278,278.0,0,0,0,At Risk (used to be loyal)
14248,318,1,302.58,1,1,2,4,112,Hibernating,302.58,12.75,8,318,318.0,0,0,0,At Risk (used to be loyal)
14250,7,3,1904.05,5,3,4,12,534,Others,634.6833333333333,10.81081081081081,94,89,29.666666666666668,1,1,0,Champions
14251,2,5,2879.7000000000003,5,4,5,14,545,Champions,575.9399999999999,21.46153846153846,37,58,11.6,1,1,0,Champions
14256,260,2,969.0600000000001,1,3,4,8,134,Others,484.53,7.811320754716981,51,365,182.5,0,0,0,At Risk (used to be loyal)
14257,64,5,3099.7200000000003,3,4,5,12,345,Loyal,619.9440000000001,15.867924528301886,88,319,63.8,1,1,0,Champions
14258,9,9,12669.98,5,5,5,15,555,Champions,1407.7755555555555,63.96396396396396,58,338,37.55555555555556,1,1,0,Champions
14259,142,1,120.0,2,1,1,4,211,Hibernating,120.0,13.6,5,142,142.0,0,2,0,At Risk (used to be loyal)
14261,51,2,1163.45,3,3,4,10,334,Need Attention,581.725,7.8076923076923075,52,79,39.5,2,1,0,Need Attention
14262,8,8,2618.23,5,5,5,15,555,Champions,327.27874999999995,11.503496503496503,87,241,30.125,1,1,0,Champions
14264,155,2,333.97,2,3,2,7,232,Others,166.985,4.117647058823529,15,246,123.0,0,0,0,At Risk (used to be loyal)
14265,109,2,530.18,2,3,3,8,233,Others,265.09,10.64516129032258,31,149,74.5,0,0,0,At Risk (used to be loyal)
14267,163,3,1516.24,2,3,4,9,234,Others,505.41333333333336,9.636363636363637,25,261,87.0,0,0,0,At Risk (used to be loyal)
14270,332,1,492.65000000000003,1,1,3,5,113,Others,492.65,6.793103448275862,29,332,332.0,0,0,0,At Risk (used to be loyal)
14271,226,1,112.32,1,1,1,3,111,Hibernating,112.32,8.8,10,226,226.0,0,0,0,At Risk (used to be loyal)
14272,74,2,437.96,2,3,2,7,232,Others,218.98000000000002,18.151515151515152,33,254,127.0,0,0,0,At Risk (used to be loyal)
14273,51,4,559.97,3,4,3,10,343,Loyal,139.9925,9.10344827586207,22,242,60.5,0,0,0,At Risk (used to be loyal)
14276,99,3,1119.74,2,3,4,9,234,Others,373.2466666666667,11.625,52,290,96.66666666666667,0,0,0,At Risk (used to be loyal)
14277,15,3,4216.2,4,3,5,12,435,Others,1405.3999999999999,8.817777777777778,195,212,70.66666666666667,1,1,0,Champions
14280,197,1,134.04,1,1,1,3,111,Hibernating,134.04,6.5,8,197,197.0,0,0,0,At Risk (used to be loyal)
14282,3,15,3729.34,5,5,5,15,555,Champions,248.62266666666667,17.102564102564102,70,368,24.533333333333335,1,1,0,Champions
14284,31,2,595.25,4,3,3,10,433,Others,297.625,5.03125,24,86,43.0,2,1,0,Need Attention
14285,21,4,1910.01,4,4,4,12,444,Champions,477.50250000000005,20.037037037037038,18,177,44.25,1,0,0,Champions
14286,24,3,4628.75,4,3,5,12,435,Others,1542.9166666666667,15.492857142857142,220,243,81.0,1,1,0,Champions
14287,8,3,176.63,5,3,1,9,531,Others,58.876666666666665,29.0,9,199,66.33333333333333,0,0,-1,At Risk (used to be loyal)
14288,213,1,426.6,1,1,2,4,112,Hibernating,426.6,11.75,16,213,213.0,0,0,0,At Risk (used to be loyal)
14289,9,6,911.26,5,5,3,13,553,Loyal,151.87666666666667,6.212765957446808,33,290,48.333333333333336,1,1,0,Champions
14290,11,5,2314.65,5,4,5,14,545,Champions,462.92999999999995,9.05940594059406,89,362,72.4,1,1,0,Champions
14291,2,11,3883.25,5,5,5,15,555,Champions,353.02272727272725,11.59915611814346,145,275,25.0,1,1,0,Champions
14292,8,9,4871.93,5,5,5,15,555,Champions,541.3255555555555,16.63,64,283,31.444444444444443,1,1,0,Champions
14293,3,4,1046.56,5,4,4,13,544,Champions,261.64,11.62295081967213,51,369,92.25,1,1,0,Champions
14295,40,1,166.20000000000002,3,1,1,5,311,Need Attention,166.2,16.8,5,40,40.0,2,2,0,Need Attention
14297,18,4,1305.33,4,4,4,12,444,Champions,326.3324999999999,13.951612903225806,48,275,68.75,1,1,0,Champions
14298,8,44,51527.3,5,5,5,15,555,Champions,1171.0749999999998,35.640195479535734,884,360,8.181818181818182,1,1,-1,Champions
14299,8,9,3965.62,5,5,5,15,555,Champions,440.6244444444444,15.027972027972028,94,366,40.666666666666664,1,1,0,Champions
14300,19,1,43.2,4,1,1,6,411,New / Promising,43.2,10.666666666666666,3,19,19.0,2,2,0,Need Attention
14301,117,1,640.14,2,1,3,6,213,Others,640.1400000000001,46.61538461538461,13,117,117.0,0,2,0,At Risk (used to be loyal)
14304,223,1,383.45,1,1,2,4,112,Hibernating,383.45000000000005,8.176470588235293,17,223,223.0,0,0,0,At Risk (used to be loyal)
14305,71,3,1858.96,3,3,4,10,334,Need Attention,619.6533333333334,10.371428571428572,96,135,45.0,1,1,0,Champions
14306,51,2,2093.32,3,3,5,11,335,Need Attention,1046.6599999999999,32.57575757575758,33,86,43.0,1,2,0,Champions
14307,89,6,2995.72,2,5,5,12,255,At Risk,499.28666666666663,11.433333333333334,150,374,62.333333333333336,1,1,0,Champions
14309,8,9,2352.53,5,5,5,15,555,Champions,261.39222222222224,13.957264957264957,74,358,39.77777777777778,1,1,0,Champions
14311,243,1,310.26,1,1,2,4,112,Hibernating,310.26,7.3,20,243,243.0,0,0,0,At Risk (used to be loyal)
14312,47,6,1611.59,3,5,4,12,354,Loyal,268.5983333333333,11.632183908045977,74,337,56.166666666666664,1,0,0,Champions
14314,107,1,120.0,2,1,1,4,211,Hibernating,120.0,37.0,8,107,107.0,0,0,0,At Risk (used to be loyal)
14315,45,6,2481.13,3,5,5,13,355,Loyal,413.5216666666667,10.108910891089108,64,266,44.333333333333336,1,1,0,Champions
14317,65,1,508.58000000000004,3,1,3,7,313,Need Attention,508.58,10.625,24,65,65.0,2,2,0,Need Attention
14320,207,2,477.79,1,3,2,6,132,Others,238.89499999999998,10.483870967741936,29,333,166.5,0,0,0,At Risk (used to be loyal)
14321,11,5,1530.75,5,4,4,13,544,Champions,306.15000000000003,19.5609756097561,111,334,66.8,1,1,0,Champions
14323,115,2,605.0600000000001,2,3,3,8,233,Others,302.53000000000003,9.722222222222221,32,239,119.5,0,0,0,At Risk (used to be loyal)
14326,242,1,183.85,1,1,1,3,111,Hibernating,183.85000000000002,12.875,8,242,242.0,0,0,0,At Risk (used to be loyal)
14327,163,1,311.65,2,1,2,5,212,Hibernating,311.65000000000003,11.583333333333334,12,163,163.0,0,2,0,At Risk (used to be loyal)
14329,17,7,5014.84,4,5,5,14,455,Champions,716.4057142857142,11.94980694980695,218,329,47.0,1,1,0,Champions
14331,124,2,462.65999999999997,2,3,2,7,232,Others,231.32999999999998,9.0,27,135,67.5,0,0,0,At Risk (used to be loyal)
14332,23,3,866.31,4,3,3,10,433,Others,288.77000000000004,18.5,22,148,49.333333333333336,2,1,0,Need Attention
14333,68,1,415.2,3,1,2,6,312,Need Attention,415.2,3.8666666666666667,15,68,68.0,2,2,0,Need Attention
14334,17,8,2552.21,4,5,5,14,455,Champions,319.02625000000006,10.685185185185185,98,358,44.75,1,1,0,Champions
14335,16,2,468.26,4,3,2,9,432,Others,234.12999999999997,6.015873015873016,55,96,48.0,2,1,0,Need Attention
14336,17,4,1614.91,4,4,4,12,444,Champions,403.7275,19.544444444444444,77,276,69.0,1,0,0,Champions
14338,161,2,588.22,2,3,3,8,233,Others,294.10999999999996,10.806451612903226,30,196,98.0,0,0,0,At Risk (used to be loyal)
14339,243,1,309.52,1,1,2,4,112,Hibernating,309.52,12.0,14,243,243.0,0,0,0,At Risk (used to be loyal)
14340,219,1,134.7,1,1,1,3,111,Hibernating,134.7,9.666666666666666,6,219,219.0,0,0,0,At Risk (used to be loyal)
14341,45,8,2182.28,3,5,5,13,355,Loyal,272.785,10.875968992248062,109,318,39.75,1,1,0,Champions
14342,21,4,668.5600000000001,4,4,3,11,443,Loyal,167.14000000000004,16.523809523809526,18,210,52.5,0,0,0,At Risk (used to be loyal)
14344,127,8,889.9300000000001,2,5,3,10,253,At Risk,111.24125000000002,6.71830985915493,56,369,46.125,1,1,0,Champions
14345,39,1,108.97999999999999,3,1,1,5,311,Need Attention,108.97999999999999,8.333333333333334,6,39,39.0,2,2,0,Need Attention
14346,121,2,1021.58,2,3,4,9,234,Others,510.79,10.083333333333334,55,297,148.5,0,0,0,At Risk (used to be loyal)
14348,260,1,409.57,1,1,2,4,112,Hibernating,409.57,10.166666666666666,18,260,260.0,0,0,0,At Risk (used to be loyal)
14349,10,1,133.5,5,1,1,7,511,New / Promising,133.5,2.774193548387097,31,10,10.0,2,2,0,Need Attention
14350,274,1,282.93,1,1,2,4,112,Hibernating,282.92999999999995,10.166666666666666,18,274,274.0,0,0,0,At Risk (used to be loyal)
14351,165,1,51.0,2,1,1,4,211,Hibernating,51.0,12.0,1,165,165.0,0,0,0,At Risk (used to be loyal)
14352,157,4,1078.96,2,4,4,10,244,At Risk,269.74000000000007,11.446808510638299,44,273,68.25,0,0,0,At Risk (used to be loyal)
14353,215,1,90.6,1,1,1,3,111,Hibernating,90.6,10.666666666666666,6,215,215.0,0,0,0,At Risk (used to be loyal)
14354,6,2,163.62,5,3,1,9,531,Others,81.81,23.333333333333332,9,30,15.0,2,2,0,Need Attention
14355,366,1,174.4,1,1,1,3,111,Hibernating,174.4,8.363636363636363,11,366,366.0,0,0,0,At Risk (used to be loyal)
14356,80,2,701.23,2,3,3,8,233,Others,350.615,8.393939393939394,33,81,40.5,2,1,0,Need Attention
14357,43,1,225.77,3,1,1,5,311,Need Attention,225.76999999999998,3.6097560975609757,39,43,43.0,2,2,0,Need Attention
14359,19,3,912.18,4,3,3,10,433,Others,304.06,6.745454545454545,44,88,29.333333333333332,2,1,0,Need Attention
14360,32,4,2128.23,4,4,5,13,445,Champions,532.0575000000001,9.754237288135593,104,95,23.75,1,1,0,Champions
14362,22,1,161.2,4,1,1,6,411,New / Promising,161.2,2.4390243902439024,37,22,22.0,2,2,0,Need Attention
14364,109,8,3717.35,2,5,5,12,255,At Risk,464.66875,28.507246376811594,61,211,26.375,1,1,0,Champions
14367,8,16,9261.52,5,5,5,15,555,Champions,578.845,8.469465648854962,270,276,17.25,1,1,0,Champions
14368,320,1,155.0,1,1,1,3,111,Hibernating,155.0,4.5,8,320,320.0,0,0,0,At Risk (used to be loyal)
14371,295,1,100.5,1,1,1,3,111,Hibernating,100.5,8.5,4,295,295.0,0,0,0,At Risk (used to be loyal)
14373,358,1,76.55,1,1,1,3,111,Hibernating,76.55,4.25,4,358,358.0,0,0,0,At Risk (used to be loyal)
14375,185,1,257.68,1,1,2,4,112,Hibernating,257.68,2.5866666666666664,57,185,185.0,0,0,0,At Risk (used to be loyal)
14377,191,2,617.05,1,3,3,7,133,Others,308.525,19.90909090909091,11,262,131.0,0,0,0,At Risk (used to be loyal)
14379,44,2,348.1,3,3,2,8,332,Need Attention,174.05,6.3478260869565215,39,295,147.5,0,0,0,At Risk (used to be loyal)
14381,52,1,202.68,3,1,1,5,311,Need Attention,202.68,2.607142857142857,56,52,52.0,2,2,0,Need Attention
14382,26,1,626.0699999999999,4,1,3,8,413,New / Promising,626.07,9.442748091603054,121,26,26.0,2,2,0,Need Attention
14383,38,3,1247.69,3,3,4,10,334,Need Attention,415.8966666666667,13.847457627118644,49,164,54.666666666666664,1,0,0,Champions
14385,9,3,202.11,5,3,1,9,531,Others,67.36999999999999,11.357142857142858,13,24,8.0,2,2,0,Need Attention
14386,297,1,142.4,1,1,1,3,111,Hibernating,142.4,7.714285714285714,7,297,297.0,0,0,0,At Risk (used to be loyal)
14387,33,3,1770.56,4,3,4,11,434,Others,590.1866666666667,5.85,125,109,36.333333333333336,1,1,0,Champions
14388,10,8,3212.84,5,5,5,15,555,Champions,401.605,10.435483870967742,124,373,46.625,1,1,0,Champions
14389,65,2,1043.46,3,3,4,10,334,Need Attention,521.73,16.2,33,191,95.5,0,0,0,At Risk (used to be loyal)
14390,10,9,4652.82,5,5,5,15,555,Champions,516.98,7.468531468531468,135,373,41.44444444444444,1,1,0,Champions
14393,218,1,67.95,1,1,1,3,111,Hibernating,67.94999999999999,2.6,5,218,218.0,0,0,0,At Risk (used to be loyal)
14395,2,9,3507.71,5,5,5,15,555,Champions,389.74555555555554,4.837142857142857,181,372,41.333333333333336,1,1,0,Champions
14396,65,2,487.99,3,3,2,8,332,Need Attention,243.99500000000003,3.0821917808219177,71,371,185.5,0,0,0,At Risk (used to be loyal)
14397,3,19,2612.96,5,5,5,15,555,Champions,137.52421052631578,21.724137931034484,18,214,11.263157894736842,1,1,-1,Champions
14400,149,1,574.7,2,1,3,6,213,Others,574.6999999999999,18.16,25,149,149.0,0,0,0,At Risk (used to be loyal)
14401,4,13,4051.48,5,5,5,15,555,Champions,311.65230769230766,24.763736263736263,113,360,27.692307692307693,1,1,0,Champions
14403,130,4,1475.81,2,4,4,10,244,At Risk,368.95250000000004,25.95,17,247,61.75,0,0,0,At Risk (used to be loyal)
14404,34,6,1474.32,3,5,4,12,354,Loyal,245.72,8.145631067961165,70,369,61.5,1,1,0,Champions
14406,119,1,156.75,2,1,1,4,211,Hibernating,156.75,9.625,8,119,119.0,0,2,0,At Risk (used to be loyal)
14407,107,6,2157.73,2,5,5,12,255,At Risk,359.62166666666667,19.383561643835616,67,277,46.166666666666664,1,0,0,Champions
14408,11,7,2606.53,5,5,5,15,555,Champions,372.3614285714286,15.102803738317757,60,264,37.714285714285715,1,1,0,Champions
14409,71,6,2059.4500000000003,3,5,5,13,355,Loyal,343.24166666666673,22.77777777777778,40,368,61.333333333333336,1,0,0,Champions
14410,92,9,1105.07,2,5,4,11,254,At Risk,122.78555555555558,2.9585492227979273,153,306,34.0,1,1,0,Champions
14411,311,1,1063.0,1,1,4,6,114,Others,1063.0,14.0,14,311,311.0,0,0,0,At Risk (used to be loyal)
14412,43,2,770.03,3,3,3,9,333,Need Attention,385.01500000000004,18.27906976744186,43,73,36.5,2,1,0,Need Attention
14413,362,1,122.7,1,1,1,3,111,Hibernating,122.7,2.9565217391304346,22,362,362.0,0,0,0,At Risk (used to be loyal)
14414,92,7,1496.98,2,5,4,11,254,At Risk,213.8542857142857,25.896907216494846,79,359,51.285714285714285,1,0,0,Champions
14415,1,13,5900.28,5,5,5,15,555,Champions,453.8676923076924,5.103389830508474,283,360,27.692307692307693,1,1,0,Champions
14416,22,2,490.22,4,3,3,10,433,Others,245.11000000000004,23.285714285714285,13,42,21.0,2,2,0,Need Attention
14418,4,3,1937.25,5,3,4,12,534,Others,645.75,13.798387096774194,114,108,36.0,1,1,0,Champions
14419,11,6,1058.06,5,5,4,14,554,Champions,176.34333333333333,2.3640776699029127,112,365,60.833333333333336,1,1,0,Champions
14420,99,1,387.52,2,1,2,5,212,Hibernating,387.52,11.517241379310345,29,99,99.0,0,2,0,At Risk (used to be loyal)
14421,57,2,813.11,3,3,3,9,333,Need Attention,406.55500000000006,13.518518518518519,25,212,106.0,0,0,0,At Risk (used to be loyal)
14422,1,6,4263.64,5,5,5,15,555,Champions,710.6066666666666,13.09009009009009,189,267,44.5,1,1,0,Champions
14423,218,1,265.2,1,1,2,4,112,Hibernating,265.2,40.0,3,218,218.0,0,0,0,At Risk (used to be loyal)
14424,18,1,322.08,4,1,2,7,412,New / Promising,322.08,48.0,1,18,18.0,2,0,-1,Need Attention
14426,24,10,4481.67,4,5,5,14,455,Champions,448.16700000000003,12.049107142857142,183,313,31.3,1,1,0,Champions
14427,50,2,363.34000000000003,3,3,2,8,332,Need Attention,181.67000000000002,13.411764705882353,16,64,32.0,2,1,0,Need Attention
14428,7,5,1244.83,5,4,4,13,544,Champions,248.96599999999998,3.0277777777777777,108,325,65.0,1,1,0,Champions
14431,303,1,470.36,1,1,2,4,112,Hibernating,470.36,7.647058823529412,17,303,303.0,0,0,0,At Risk (used to be loyal)
14432,10,6,2255.51,5,5,5,15,555,Champions,375.91833333333335,5.4188481675392675,256,89,14.833333333333334,1,1,0,Champions
14434,22,6,1372.8,4,5,4,13,454,Champions,228.79999999999998,30.666666666666668,3,72,12.0,2,0,-1,Need Attention
14436,99,1,89.06,2,1,1,4,211,Hibernating,89.06,14.333333333333334,9,99,99.0,0,2,0,At Risk (used to be loyal)
14437,366,1,63.0,1,1,1,3,111,Hibernating,63.0,12.0,5,366,366.0,0,0,0,At Risk (used to be loyal)
14438,306,1,131.9,1,1,1,3,111,Hibernating,131.9,9.11111111111111,9,306,306.0,0,0,0,At Risk (used to be loyal)
14439,320,1,2661.24,1,1,5,7,115,Others,2661.24,16.4375,32,320,320.0,0,0,-1,At Risk (used to be loyal)
14440,8,5,2357.6800000000003,5,4,5,14,545,Champions,471.53600000000006,10.690909090909091,33,366,73.2,1,1,0,Champions
14441,1,4,1712.89,5,4,4,13,544,Champions,428.2225000000001,8.745098039215685,43,256,64.0,1,1,0,Champions
14442,205,2,1589.82,1,3,4,8,134,Others,794.91,7.650793650793651,58,317,158.5,0,0,0,At Risk (used to be loyal)
14443,54,4,1420.2,3,4,4,11,344,Loyal,355.05,10.086021505376344,84,369,92.25,1,0,0,Champions
14446,1,4,1039.58,5,4,4,13,544,Champions,259.895,3.1843003412969284,233,247,61.75,1,1,0,Champions
14447,19,5,1163.23,4,4,4,12,444,Champions,232.64600000000004,8.157142857142857,54,281,56.2,1,1,0,Champions
14448,9,2,375.35,5,3,2,10,532,Others,187.675,5.2,20,364,182.0,0,0,0,At Risk (used to be loyal)
14449,19,4,907.1,4,4,3,11,443,Loyal,226.775,2.934108527131783,201,372,93.0,1,1,0,Champions
14450,181,3,483.25,1,3,2,6,132,Others,161.08333333333331,6.025,32,321,107.0,0,0,0,At Risk (used to be loyal)
14451,60,2,662.59,3,3,3,9,333,Need Attention,331.295,3.5688073394495414,86,195,97.5,0,0,0,At Risk (used to be loyal)
14452,11,2,264.44,5,3,2,10,532,Others,132.22,1.9193548387096775,55,94,47.0,2,0,0,Need Attention
14453,190,1,119.93,1,1,1,3,111,Hibernating,119.93,2.227272727272727,22,190,190.0,0,0,0,At Risk (used to be loyal)
14456,5,9,3062.4,5,5,5,15,555,Champions,340.26666666666665,2.997938144329897,580,142,15.777777777777779,1,1,-1,Champions
14457,311,1,113.64,1,1,1,3,111,Hibernating,113.64,22.0,4,311,311.0,0,0,0,At Risk (used to be loyal)
14459,155,1,1837.92,2,1,4,7,214,Others,1837.92,20.54054054054054,37,155,155.0,0,0,0,At Risk (used to be loyal)
14460,110,3,434.34,2,3,2,7,232,Others,144.78,55.0625,14,311,103.66666666666667,0,0,0,At Risk (used to be loyal)
14461,148,3,2103.06,2,3,5,10,235,Others,701.0199999999999,4.2555555555555555,173,262,87.33333333333333,1,0,0,Champions
14462,66,11,2004.02,3,5,4,12,354,Loyal,182.18363636363637,4.016666666666667,150,340,30.90909090909091,1,1,0,Champions
14463,98,3,529.62,2,3,3,8,233,Others,176.54,29.833333333333332,6,205,68.33333333333333,0,0,0,At Risk (used to be loyal)
14465,247,3,1058.6200000000001,1,3,4,8,134,Others,352.8733333333333,3.1153846153846154,107,303,101.0,0,0,0,At Risk (used to be loyal)
14466,29,7,2272.4,4,5,5,14,455,Champions,324.62857142857143,13.972222222222221,35,372,53.142857142857146,1,1,0,Champions
14467,18,4,598.76,4,4,3,11,443,Loyal,149.69,3.088888888888889,67,313,78.25,1,0,0,Champions
14470,12,2,461.19,5,3,2,10,532,Others,230.59500000000003,4.488372093023256,43,288,144.0,0,0,0,At Risk (used to be loyal)
14472,104,8,1936.84,2,5,4,11,254,At Risk,242.105,4.128113879003559,153,355,44.375,1,1,0,Champions
14473,74,2,234.34000000000003,2,3,1,6,231,Others,117.17,12.571428571428571,7,282,141.0,0,0,0,At Risk (used to be loyal)
14474,46,1,547.66,3,1,3,7,313,Need Attention,547.6600000000001,4.827586206896552,29,46,46.0,2,2,0,Need Attention
14475,72,3,925.85,3,3,3,9,333,Need Attention,308.6166666666666,10.642857142857142,35,305,101.66666666666667,0,0,0,At Risk (used to be loyal)
14476,257,1,215.7,1,1,1,3,111,Hibernating,215.7,6.947368421052632,17,257,257.0,0,0,0,At Risk (used to be loyal)
14477,20,4,1309.6,4,4,4,12,444,Champions,327.40000000000003,72.0,7,297,74.25,1,0,0,Champions
14479,254,2,316.25,1,3,2,6,132,Others,158.12499999999997,6.5,18,365,182.5,0,0,0,At Risk (used to be loyal)
14480,11,1,279.05,5,1,2,8,512,New / Promising,279.05,11.0,13,11,11.0,2,2,0,Need Attention
14481,165,2,636.51,2,3,3,8,233,Others,318.255,16.3,25,287,143.5,0,0,0,At Risk (used to be loyal)
14482,18,6,2068.15,4,5,5,14,455,Champions,344.69166666666666,11.430555555555555,110,239,39.833333333333336,1,1,0,Champions
14483,282,1,137.1,1,1,1,3,111,Hibernating,137.1,10.777777777777779,9,282,282.0,0,0,0,At Risk (used to be loyal)
14484,50,1,321.92,3,1,2,6,312,Need Attention,321.92,15.0,14,50,50.0,2,2,0,Need Attention
14485,39,1,165.75,3,1,1,5,311,Need Attention,165.75,1.5106382978723405,44,39,39.0,2,2,0,Need Attention
14487,27,6,1196.33,4,5,4,13,454,Champions,199.38833333333332,5.104166666666667,112,368,61.333333333333336,1,1,0,Champions
14488,68,1,1064.28,3,1,4,8,314,Need Attention,1064.2800000000002,17.369565217391305,46,68,68.0,2,2,0,Need Attention
14489,207,1,463.38,1,1,2,4,112,Hibernating,463.38,9.966666666666667,30,207,207.0,0,0,0,At Risk (used to be loyal)
14491,175,2,340.93,2,3,2,7,232,Others,170.465,8.176470588235293,17,373,186.5,0,0,0,At Risk (used to be loyal)
14493,7,5,2383.2400000000002,5,4,5,14,545,Champions,476.648,10.708333333333334,95,155,31.0,1,1,0,Champions
14494,26,1,139.56,4,1,1,6,411,New / Promising,139.56,13.142857142857142,7,26,26.0,2,2,0,Need Attention
14495,51,2,123.8,3,3,1,7,331,Need Attention,61.89999999999999,10.333333333333334,6,121,60.5,0,0,0,At Risk (used to be loyal)
14496,312,2,538.8100000000001,1,3,3,7,133,Others,269.40500000000003,8.368421052631579,16,373,186.5,0,0,0,At Risk (used to be loyal)
14497,309,1,475.37,1,1,2,4,112,Hibernating,475.37,8.10344827586207,29,309,309.0,0,0,0,At Risk (used to be loyal)
14498,43,5,1957.32,3,4,4,11,344,Loyal,391.46400000000006,5.689119170984456,162,362,72.4,1,1,0,Champions
14499,26,3,815.32,4,3,3,10,433,Others,271.7733333333333,2.582474226804124,146,279,93.0,1,1,0,Champions
14500,88,3,356.85,2,3,2,7,232,Others,118.95,16.714285714285715,6,190,63.333333333333336,0,0,0,At Risk (used to be loyal)
14501,184,2,251.21,1,3,2,6,132,Others,125.605,16.1,9,320,160.0,0,0,0,At Risk (used to be loyal)
14502,20,11,2470.67,4,5,5,14,455,Champions,224.60636363636365,2.4006410256410255,368,313,28.454545454545453,1,1,0,Champions
14503,3,6,3543.26,5,5,5,15,555,Champions,590.5433333333334,12.21951219512195,113,179,29.833333333333332,1,1,0,Champions
14504,47,4,673.26,3,4,3,10,343,Loyal,168.315,2.878504672897196,85,278,69.5,1,0,0,Champions
14505,17,8,5905.64,4,5,5,14,455,Champions,738.205,3.453066332916145,540,362,45.25,1,1,0,Champions
14506,17,5,2012.17,4,4,4,12,444,Champions,402.434,2.310126582278481,204,369,73.8,1,1,0,Champions
14507,24,6,1383.18,4,5,4,13,454,Champions,230.53,6.25,79,276,46.0,1,1,0,Champions
14508,22,2,276.42,4,3,2,9,432,Others,138.21,2.2982456140350878,52,90,45.0,2,0,0,Need Attention
14511,11,5,1314.81,5,4,4,13,544,Champions,262.96200000000005,11.529411764705882,53,134,26.8,1,1,0,Champions
14512,188,2,275.28,1,3,2,6,132,Others,137.64,5.304347826086956,19,232,116.0,0,0,0,At Risk (used to be loyal)
14513,101,3,455.59000000000003,2,3,2,7,232,Others,151.86333333333334,30.083333333333332,11,289,96.33333333333333,0,0,0,At Risk (used to be loyal)
14514,61,3,1055.35,3,3,4,10,334,Need Attention,351.7833333333333,8.068493150684931,65,331,110.33333333333333,0,0,0,At Risk (used to be loyal)
14515,18,6,2102.09,4,5,5,14,455,Champions,350.3483333333333,11.227722772277227,68,219,36.5,1,1,0,Champions
14517,33,2,330.45,4,3,2,9,432,Others,165.22500000000002,5.055555555555555,17,142,71.0,0,0,0,At Risk (used to be loyal)
14518,64,1,174.37,3,1,1,5,311,Need Attention,174.37,17.375,16,64,64.0,2,2,0,Need Attention
14520,2,2,270.6,5,3,2,10,532,Others,135.3,36.5,3,291,145.5,0,0,-1,At Risk (used to be loyal)
14522,24,4,974.54,4,4,4,12,444,Champions,243.635,30.88235294117647,15,198,49.5,1,0,0,Champions
14523,108,1,241.09,2,1,1,4,211,Hibernating,241.09,20.916666666666668,12,108,108.0,0,2,0,At Risk (used to be loyal)
14524,32,9,1867.68,4,5,4,13,454,Champions,207.52000000000004,3.3300492610837438,161,361,40.111111111111114,1,1,0,Champions
14525,20,9,4332.2,4,5,5,14,455,Champions,481.35555555555555,9.264604810996564,217,361,40.111111111111114,1,1,0,Champions
14527,3,55,8508.82,5,5,5,15,555,Champions,154.7058181818182,2.14917695473251,330,369,6.709090909090909,1,1,0,Champions
14528,37,1,364.21999999999997,3,1,2,6,312,Need Attention,364.21999999999997,15.444444444444445,18,37,37.0,2,2,0,Need Attention
14529,60,3,620.04,3,3,3,9,333,Need Attention,206.67999999999998,1.519650655021834,177,110,36.666666666666664,2,1,0,Need Attention
14530,26,6,2925.91,4,5,5,14,455,Champions,487.6516666666667,6.527777777777778,140,297,49.5,1,1,0,Champions
14532,236,4,932.85,1,4,3,8,143,At Risk,233.21250000000003,4.4375,45,352,88.0,0,0,0,At Risk (used to be loyal)
14533,25,7,1949.72,4,5,4,13,454,Champions,278.5314285714286,64.8225806451613,53,353,50.42857142857143,1,0,0,Champions
14534,3,18,4447.05,5,5,5,15,555,Champions,247.0583333333334,3.9441233140655108,331,319,17.72222222222222,1,1,0,Champions
14535,60,3,2864.19,3,3,5,11,335,Need Attention,954.73,5.548484848484849,280,249,83.0,1,1,0,Champions
14536,260,1,171.8,1,1,1,3,111,Hibernating,171.8,2.1052631578947367,18,260,260.0,0,0,0,At Risk (used to be loyal)
14537,58,1,355.56,3,1,2,6,312,Need Attention,355.56000000000006,12.0,10,58,58.0,2,2,0,Need Attention
14538,65,2,388.25,3,3,2,8,332,Need Attention,194.12499999999997,8.157894736842104,19,256,128.0,0,0,0,At Risk (used to be loyal)
14539,16,2,537.48,4,3,3,10,433,Others,268.74,13.375,31,45,22.5,2,2,0,Need Attention
14540,10,3,996.26,5,3,4,12,534,Others,332.08666666666664,5.5394736842105265,64,309,103.0,1,0,0,Champions
14541,59,8,1461.65,3,5,4,12,354,Loyal,182.70625000000004,5.828828828828829,71,319,39.875,1,1,0,Champions
14542,186,1,103.25,1,1,1,3,111,Hibernating,103.25000000000001,3.8,5,186,186.0,0,0,0,At Risk (used to be loyal)
14543,29,16,3630.33,4,5,5,14,455,Champions,226.89562500000002,9.430555555555555,43,365,22.8125,1,1,0,Champions
14544,24,2,2024.45,4,3,4,11,434,Others,1012.225,13.535087719298245,97,362,181.0,1,1,0,Champions
14546,5,5,2578.09,5,4,5,14,545,Champions,515.618,3.300751879699248,250,249,49.8,1,1,0,Champions
14547,4,8,4007.54,5,5,5,15,555,Champions,500.9425,7.2896174863387975,198,54,6.75,1,1,0,Champions
14548,151,2,652.8,2,3,3,8,233,Others,326.4,64.0,2,318,159.0,0,0,0,At Risk (used to be loyal)
14549,311,1,289.24,1,1,2,4,112,Hibernating,289.24,2.4285714285714284,56,311,311.0,0,0,0,At Risk (used to be loyal)
14550,11,2,765.62,5,3,3,11,533,Others,382.81,8.208333333333334,38,45,22.5,2,2,0,Need Attention
14551,18,2,186.23,4,3,1,8,431,Others,93.11500000000001,10.6,9,204,102.0,0,0,0,At Risk (used to be loyal)
14552,152,1,165.07,2,1,1,4,211,Hibernating,165.07,1.5689655172413792,57,152,152.0,0,0,0,At Risk (used to be loyal)
14553,19,5,859.27,4,4,3,11,443,Loyal,171.854,4.3628318584070795,103,339,67.8,1,1,0,Champions
14554,10,4,2381.04,5,4,5,14,545,Champions,595.26,6.842592592592593,147,52,13.0,1,1,0,Champions
14555,57,2,324.14,3,3,2,8,332,Need Attention,162.07,6.190476190476191,18,302,151.0,0,0,0,At Risk (used to be loyal)
14557,85,1,788.38,2,1,3,6,213,Others,788.38,31.875,16,85,85.0,0,2,0,At Risk (used to be loyal)
14560,7,22,2237.77,5,5,5,15,555,Champions,101.71681818181816,17.027027027027028,39,358,16.272727272727273,1,1,-1,Champions
14561,76,3,1080.76,2,3,4,9,234,Others,360.25333333333333,14.695652173913043,67,184,61.333333333333336,1,0,0,Champions
14562,4,18,5074.77,5,5,5,15,555,Champions,281.9316666666667,4.335697399527187,187,304,16.88888888888889,1,1,0,Champions
14565,96,4,3099.12,2,4,5,11,245,At Risk,774.7800000000001,12.125984251968504,111,361,90.25,1,1,0,Champions
14566,111,1,1432.0,2,1,4,7,214,Others,1432.0,200.0,4,111,111.0,0,0,-1,At Risk (used to be loyal)
14567,57,2,1530.3600000000001,3,3,4,10,334,Need Attention,765.1800000000001,12.484848484848484,33,130,65.0,1,0,0,Champions
14569,1,1,227.39,5,1,1,7,511,New / Promising,227.38999999999996,6.583333333333333,10,1,1.0,2,2,-1,Need Attention
14570,281,2,218.06,1,3,1,5,131,Others,109.03,3.2758620689655173,29,281,140.5,0,0,0,At Risk (used to be loyal)
14572,3,7,2832.84,5,5,5,15,555,Champions,404.6914285714286,5.288888888888889,190,324,46.285714285714285,1,1,0,Champions
14573,180,9,1653.42,1,5,4,10,154,At Risk,183.71333333333334,2.3148936170212764,127,372,41.333333333333336,1,1,0,Champions
14576,372,1,35.400000000000006,1,1,1,3,111,Hibernating,35.400000000000006,12.0,1,372,372.0,0,0,0,At Risk (used to be loyal)
14577,13,4,859.71,5,4,3,12,543,Loyal,214.92750000000004,2.869918699186992,86,363,90.75,1,0,0,Champions
14578,3,1,168.63,5,1,1,7,511,New / Promising,168.63,10.0,24,3,3.0,2,2,1,Need Attention
14581,17,1,138.6,4,1,1,6,411,New / Promising,138.6,12.764705882352942,16,17,17.0,2,2,0,Need Attention
14582,41,1,114.11,3,1,1,5,311,Need Attention,114.11,12.166666666666666,6,41,41.0,2,2,0,Need Attention
14583,6,5,1052.55,5,4,4,13,544,Champions,210.51,2.4,243,206,41.2,1,1,0,Champions
14584,169,4,1042.26,2,4,4,10,244,At Risk,260.56500000000005,3.83,68,198,49.5,1,0,0,Champions
14585,50,1,157.05,3,1,1,5,311,Need Attention,157.05,3.1379310344827585,29,50,50.0,2,2,0,Need Attention
14586,277,1,237.36,1,1,1,3,111,Hibernating,237.36,23.36842105263158,19,277,277.0,0,0,0,At Risk (used to be loyal)
14587,19,9,1601.14,4,5,4,13,454,Champions,177.90444444444444,1.9869451697127938,170,331,36.77777777777778,1,1,0,Champions
14589,372,1,39.75,1,1,1,3,111,Hibernating,39.75,1.6666666666666667,3,372,372.0,0,0,0,At Risk (used to be loyal)
14591,15,4,1447.14,4,4,4,12,444,Champions,361.785,6.583756345177665,138,213,53.25,1,0,0,Champions
14592,35,3,570.46,3,3,3,9,333,Need Attention,190.1533333333333,2.5304878048780486,132,64,21.333333333333332,2,1,0,Need Attention
14593,22,3,617.99,4,3,3,10,433,Others,205.99666666666667,2.1842105263157894,127,199,66.33333333333333,1,0,0,Champions
14594,7,2,379.83,5,3,2,10,532,Others,189.91499999999996,3.490566037735849,48,373,186.5,0,0,0,At Risk (used to be loyal)
14595,20,6,1740.6,4,5,4,13,454,Champions,290.1,9.588235294117647,94,313,52.166666666666664,1,1,0,Champions
14597,11,2,883.15,5,3,3,11,533,Others,441.57500000000005,10.49090909090909,45,192,96.0,1,0,0,Champions
14598,44,1,221.97,3,1,1,5,311,Need Attention,221.97,3.78,49,44,44.0,2,2,0,Need Attention
14600,306,1,393.33000000000004,1,1,2,4,112,Hibernating,393.33,5.0,25,306,306.0,0,0,0,At Risk (used to be loyal)
14601,11,1,213.96,5,1,1,7,511,New / Promising,213.96000000000004,24.0,7,11,11.0,2,2,0,Need Attention
14603,275,1,660.0,1,1,3,5,113,Others,660.0,200.0,2,275,275.0,0,0,-1,At Risk (used to be loyal)
14606,1,93,12156.65,5,5,5,15,555,Champions,130.71666666666667,2.3051851851851852,819,373,4.010752688172043,1,1,-1,Champions
14607,16,14,16569.5,4,5,5,14,455,Champions,1183.5357142857142,136.8139534883721,38,261,18.642857142857142,1,1,0,Champions
14608,4,4,1785.15,5,4,4,13,544,Champions,446.28749999999997,21.85,8,362,90.5,1,0,0,Champions
14609,72,4,601.56,3,4,3,10,343,Loyal,150.39000000000001,1756.5,2,297,74.25,0,0,-1,At Risk (used to be loyal)
14616,243,3,406.08000000000004,1,3,2,6,132,Others,135.36,34.666666666666664,2,318,106.0,0,0,0,At Risk (used to be loyal)
14618,9,3,553.44,5,3,3,11,533,Others,184.48000000000002,16.5,10,338,112.66666666666667,0,0,0,At Risk (used to be loyal)
14619,246,1,394.44,1,1,2,4,112,Hibernating,394.43999999999994,7.6,20,246,246.0,0,0,0,At Risk (used to be loyal)
14620,206,2,412.78000000000003,1,3,2,6,132,Others,206.39000000000001,8.23076923076923,26,284,142.0,0,0,0,At Risk (used to be loyal)
14621,1,5,1788.3600000000001,5,4,4,13,544,Champions,357.6720000000001,10.793478260869565,80,358,71.6,1,1,0,Champions
14622,185,1,320.58000000000004,1,1,2,4,112,Hibernating,320.58,6.9523809523809526,21,185,185.0,0,0,0,At Risk (used to be loyal)
14623,32,5,889.25,4,4,3,11,443,Loyal,177.84999999999997,3.126865671641791,108,235,47.0,1,0,0,Champions
14624,57,2,225.85,3,3,1,7,331,Need Attention,112.92499999999998,12.461538461538462,13,59,29.5,2,2,0,Need Attention
14625,196,2,899.63,1,3,3,7,133,Others,449.815,6.320754716981132,51,361,180.5,0,0,0,At Risk (used to be loyal)
14626,24,4,2791.27,4,4,5,13,445,Champions,697.8175,11.5,108,233,58.25,1,1,0,Champions
14628,91,2,671.96,2,3,3,8,233,Others,335.97999999999996,11.333333333333334,22,242,121.0,0,0,0,At Risk (used to be loyal)
14629,4,2,959.01,5,3,4,12,534,Others,479.505,2.5,133,47,23.5,2,2,0,Need Attention
14631,51,3,1006.98,3,3,4,10,334,Need Attention,335.66,15.170731707317072,38,299,99.66666666666667,0,0,0,At Risk (used to be loyal)
14632,263,1,114.56,1,1,1,3,111,Hibernating,114.56,12.0,8,263,263.0,0,0,0,At Risk (used to be loyal)
14633,266,1,344.90000000000003,1,1,2,4,112,Hibernating,344.9000000000001,4.8,20,266,266.0,0,0,0,At Risk (used to be loyal)
14636,36,2,609.85,3,3,3,9,333,Need Attention,304.92500000000007,8.607142857142858,27,269,134.5,0,0,0,At Risk (used to be loyal)
14638,51,1,443.6,3,1,2,6,312,Need Attention,443.6,10.375,16,51,51.0,2,2,0,Need Attention
14639,52,6,2984.49,3,5,5,13,355,Loyal,497.41499999999996,8.319767441860465,138,361,60.166666666666664,1,1,0,Champions
14640,24,6,2125.08,4,5,5,14,455,Champions,354.18,8.358490566037736,87,228,38.0,1,1,0,Champions
14641,22,1,110.46,4,1,1,6,411,New / Promising,110.46,12.857142857142858,7,22,22.0,2,2,0,Need Attention
14642,59,1,96.12,3,1,1,5,311,Need Attention,96.12,38.0,2,59,59.0,2,0,0,Need Attention
14643,170,2,693.8100000000001,2,3,3,8,233,Others,346.905,26.29032258064516,30,358,179.0,0,0,0,At Risk (used to be loyal)
14644,68,2,830.76,3,3,3,9,333,Need Attention,415.38,9.923076923076923,26,298,149.0,0,0,0,At Risk (used to be loyal)
14645,157,2,597.09,2,3,3,8,233,Others,298.54499999999996,12.7,28,276,138.0,0,0,0,At Risk (used to be loyal)
14646,2,73,280206.02,5,5,5,15,555,Champions,3838.4386301369864,94.85308285163777,700,355,4.863013698630137,1,1,-1,Champions
14647,201,1,243.22,1,1,1,3,111,Hibernating,243.21999999999997,3.1666666666666665,24,201,201.0,0,0,0,At Risk (used to be loyal)
14649,5,4,1417.29,5,4,4,13,544,Champions,354.3225,5.115577889447236,148,212,53.0,1,1,0,Champions
14651,67,2,654.6,3,3,3,9,333,Need Attention,327.29999999999995,3.372549019607843,95,211,105.5,0,0,0,At Risk (used to be loyal)
14652,77,1,114.18,2,1,1,4,211,Hibernating,114.18,1.8275862068965518,29,77,77.0,2,2,0,Need Attention
14653,1,7,1947.55,5,5,4,14,554,Champions,278.22142857142853,4.008438818565401,154,338,48.285714285714285,1,1,0,Champions
14655,8,4,1932.23,5,4,4,13,544,Champions,483.0575,22.224489795918366,35,222,55.5,1,0,0,Champions
14656,169,2,291.05,2,3,2,7,232,Others,145.525,1.5,73,283,141.5,0,0,0,At Risk (used to be loyal)
14657,18,4,848.22,4,4,3,11,443,Loyal,212.055,3.6984126984126986,103,326,81.5,1,0,0,Champions
14658,5,2,247.15,5,3,1,9,531,Others,123.57499999999999,1.6206896551724137,27,117,58.5,2,0,0,Need Attention
14659,9,9,2529.93,5,5,5,15,555,Champions,281.1033333333333,4.723320158102767,147,316,35.111111111111114,1,1,0,Champions
14660,87,2,285.74,2,3,2,7,232,Others,142.86999999999998,7.6,24,101,50.5,0,0,0,At Risk (used to be loyal)
14661,27,1,107.95,4,1,1,6,411,New / Promising,107.95,8.75,4,27,27.0,2,2,0,Need Attention
14662,29,4,771.17,4,4,3,11,443,Loyal,192.79250000000002,3.5833333333333335,143,316,79.0,1,0,0,Champions
14664,20,2,637.89,4,3,3,10,433,Others,318.94500000000005,4.707070707070707,78,33,16.5,2,2,0,Need Attention
14665,61,5,1835.7,3,4,4,11,344,Loyal,367.14,8.222222222222221,63,311,62.2,1,0,0,Champions
14666,24,1,195.25,4,1,1,6,411,New / Promising,195.25,11.5,14,24,24.0,2,2,0,Need Attention
14667,11,25,9241.2,5,5,5,15,555,Champions,369.648,9.397905759162304,354,368,14.72,1,1,0,Champions
14669,242,3,1269.99,1,3,4,8,134,Others,423.3300000000001,4.5588235294117645,158,333,111.0,0,0,0,At Risk (used to be loyal)
14670,280,2,411.53,1,3,2,6,132,Others,205.76500000000001,2.553030303030303,107,280,140.0,0,0,0,At Risk (used to be loyal)
14672,235,2,765.55,1,3,3,7,133,Others,382.775,7.442622950819672,58,336,168.0,0,0,0,At Risk (used to be loyal)
14673,3,5,1736.4,5,4,4,13,544,Champions,347.28000000000003,13.567567567567568,39,368,73.6,1,1,0,Champions
14675,16,1,604.75,4,1,3,8,413,New / Promising,604.7500000000001,3.343137254901961,93,16,16.0,2,2,0,Need Attention
14676,31,6,2548.2400000000002,4,5,5,14,455,Champions,424.7066666666667,59.523809523809526,29,283,47.166666666666664,1,0,0,Champions
14680,25,16,28754.11,4,5,5,14,455,Champions,1797.131875,52.23255813953488,73,372,23.25,1,1,0,Champions
14681,71,3,498.95,3,3,3,9,333,Need Attention,166.31666666666666,10.857142857142858,6,212,70.66666666666667,0,0,0,At Risk (used to be loyal)
14682,188,2,52.0,1,3,1,5,131,Others,26.0,40.0,1,201,100.5,0,0,-1,At Risk (used to be loyal)
14684,26,5,1236.28,4,4,4,12,444,Champions,247.25599999999994,2.026128266033254,231,363,72.6,1,1,0,Champions
14687,107,1,628.38,2,1,3,6,213,Others,628.3799999999999,31.333333333333332,15,107,107.0,0,2,0,At Risk (used to be loyal)
14688,8,21,5630.87,5,5,5,15,555,Champions,268.1366666666667,11.073394495412844,148,374,17.80952380952381,1,1,0,Champions
14689,209,1,112.8,1,1,1,3,111,Hibernating,112.80000000000001,5.846153846153846,13,209,209.0,0,0,0,At Risk (used to be loyal)
14690,44,2,371.7,3,3,2,8,332,Need Attention,185.85,3.4,40,152,76.0,0,0,0,At Risk (used to be loyal)
14691,31,5,2114.33,4,4,5,13,445,Champions,422.866,9.95774647887324,50,213,42.6,1,0,0,Champions
14692,137,4,591.55,2,4,3,9,243,At Risk,147.88750000000002,3.8970588235294117,53,322,80.5,0,0,0,At Risk (used to be loyal)
14693,265,1,172.9,1,1,1,3,111,Hibernating,172.9,4.25,8,265,265.0,0,0,0,At Risk (used to be loyal)
14696,4,7,2078.95,5,5,5,15,555,Champions,296.99285714285713,12.538461538461538,117,373,53.285714285714285,1,1,0,Champions
14697,218,2,188.60999999999999,1,3,1,5,131,Others,94.30499999999998,8.227272727272727,22,218,109.0,0,0,0,At Risk (used to be loyal)
14698,2,5,1250.76,5,4,4,13,544,Champions,250.152,2.9285714285714284,148,51,10.2,1,1,0,Champions
14699,214,1,109.13000000000001,1,1,1,3,111,Hibernating,109.13000000000001,9.625,8,214,214.0,0,0,0,At Risk (used to be loyal)
14700,32,3,2235.3,4,3,5,12,435,Others,745.0999999999999,11.669565217391304,80,238,79.33333333333333,1,0,0,Champions
14701,11,9,2549.37,5,5,5,15,555,Champions,283.2633333333333,2.782089552238806,268,317,35.22222222222222,1,1,0,Champions
14702,1,17,3292.14,5,5,5,15,555,Champions,193.6552941176471,4.1902017291066285,196,365,21.470588235294116,1,1,0,Champions
14703,15,1,318.17,4,1,2,7,412,New / Promising,318.16999999999996,8.318181818181818,22,15,15.0,2,2,0,Need Attention
14704,11,9,1546.91,5,5,4,14,554,Champions,171.87888888888887,2.6072289156626507,288,180,20.0,1,1,0,Champions
14705,199,1,179.0,1,1,1,3,111,Hibernating,179.0,100.0,1,199,199.0,0,0,0,At Risk (used to be loyal)
14708,3,3,1126.37,5,3,4,12,534,Others,375.45666666666665,22.178571428571427,25,369,123.0,1,0,0,Champions
14709,15,13,4921.04,4,5,5,14,455,Champions,378.54153846153855,12.673469387755102,71,358,27.53846153846154,1,1,0,Champions
14710,14,4,606.13,4,4,3,11,443,Loyal,151.5325,2.7194244604316546,124,59,14.75,2,1,0,Need Attention
14711,10,11,2868.8,5,5,5,15,555,Champions,260.79999999999995,2.7394957983193278,221,262,23.818181818181817,1,1,0,Champions
14712,29,3,917.07,4,3,3,10,433,Others,305.69,12.6,21,112,37.333333333333336,2,1,0,Need Attention
14713,9,11,2666.36,5,5,5,15,555,Champions,242.39636363636365,4.76401179941003,146,365,33.18181818181818,1,1,0,Champions
14714,24,1,160.19,4,1,1,6,411,New / Promising,160.19,22.9,10,24,24.0,2,2,0,Need Attention
14715,25,4,867.38,4,4,3,11,443,Loyal,216.84500000000003,7.338028169014085,60,331,82.75,1,0,0,Champions
14716,43,2,329.68,3,3,2,8,332,Need Attention,164.83999999999997,10.981818181818182,46,149,74.5,0,0,0,At Risk (used to be loyal)
14719,2,5,1602.13,5,4,4,13,544,Champions,320.42600000000004,4.3544303797468356,177,249,49.8,1,1,0,Champions
14720,6,3,663.81,5,3,3,11,533,Others,221.27000000000007,5.918918918918919,34,127,42.333333333333336,2,1,0,Need Attention
14722,147,1,187.92000000000002,2,1,1,4,211,Hibernating,187.92,4.137931034482759,28,147,147.0,0,0,0,At Risk (used to be loyal)
14723,10,6,1158.3,5,5,4,14,554,Champions,193.04999999999998,2.5,193,371,61.833333333333336,1,1,0,Champions
14725,25,1,718.08,4,1,3,8,413,New / Promising,718.08,11.403846153846153,45,25,25.0,2,2,0,Need Attention
14727,274,1,268.58,1,1,2,4,112,Hibernating,268.58,6.2,10,274,274.0,0,0,0,At Risk (used to be loyal)
14729,374,1,313.49,1,1,2,4,112,Hibernating,313.49000000000007,2.7746478873239435,69,374,374.0,0,0,0,At Risk (used to be loyal)
14730,1,8,2005.06,5,5,4,14,554,Champions,250.6325,2.259481037924152,317,277,34.625,1,1,0,Champions
14731,47,3,380.02,3,3,2,8,332,Need Attention,126.67333333333335,5.688888888888889,38,212,70.66666666666667,0,0,0,At Risk (used to be loyal)
14732,8,8,2702.4900000000002,5,5,5,15,555,Champions,337.81125,9.5578231292517,105,339,42.375,1,1,0,Champions
14733,16,12,9585.91,4,5,5,14,455,Champions,798.8258333333333,18.633663366336634,102,368,30.666666666666668,1,1,0,Champions
14735,4,32,6065.69,5,5,5,15,555,Champions,189.55281250000002,11.670103092783505,99,358,11.1875,1,1,0,Champions
14737,4,3,1164.55,5,3,4,12,534,Others,388.18333333333334,20.294117647058822,15,353,117.66666666666667,1,0,0,Champions
14738,43,7,1314.45,3,5,4,12,354,Loyal,187.77857142857144,11.12962962962963,39,316,45.142857142857146,1,1,0,Champions
14739,4,7,3902.28,5,5,5,15,555,Champions,557.4685714285714,63.666666666666664,47,367,52.42857142857143,1,0,0,Champions
14740,197,3,1448.21,1,3,4,8,134,Others,482.7366666666666,8.258426966292134,85,284,94.66666666666667,0,0,0,At Risk (used to be loyal)
14741,12,6,1400.34,5,5,4,14,554,Champions,233.39000000000001,14.254237288135593,35,373,62.166666666666664,1,1,0,Champions
14744,16,7,1099.98,4,5,4,13,454,Champions,157.14000000000001,24.115384615384617,21,367,52.42857142857143,1,1,0,Champions
14745,113,5,1220.26,2,4,4,10,244,At Risk,244.05200000000005,15.043478260869565,46,285,57.0,1,0,0,Champions
14747,249,1,328.2,1,1,2,4,112,Hibernating,328.19999999999993,4.666666666666667,18,249,249.0,0,0,0,At Risk (used to be loyal)
14748,29,5,1415.75,4,4,4,12,444,Champions,283.15,13.741573033707866,87,369,73.8,1,0,0,Champions
14752,44,1,389.64,3,1,2,6,312,Need Attention,389.63999999999993,52.0,5,44,44.0,2,2,0,Need Attention
14753,87,1,563.15,2,1,3,6,213,Others,563.1499999999999,7.033333333333333,30,87,87.0,0,2,0,At Risk (used to be loyal)
14754,45,2,638.05,3,3,3,9,333,Need Attention,319.025,11.853658536585366,38,296,148.0,0,0,0,At Risk (used to be loyal)
14755,10,11,5010.28,5,5,5,15,555,Champions,455.4800000000001,9.442553191489361,128,334,30.363636363636363,1,1,0,Champions
14756,15,1,738.96,4,1,3,8,413,New / Promising,738.9599999999998,10.947368421052632,38,15,15.0,2,2,0,Need Attention
14757,75,1,420.5,2,1,2,5,212,Hibernating,420.50000000000006,8.421052631578947,19,75,75.0,2,2,0,Need Attention
14758,145,4,1484.06,2,4,4,10,244,At Risk,371.015,5.901408450704225,54,260,65.0,1,0,0,Champions
14759,5,3,1625.97,5,3,4,12,534,Others,541.99,5.578431372549019,92,233,77.66666666666667,1,0,0,Champions
14760,297,1,89.2,1,1,1,3,111,Hibernating,89.2,8.0,5,297,297.0,0,0,0,At Risk (used to be loyal)
14761,59,2,255.9,3,3,2,8,332,Need Attention,127.94999999999999,10.727272727272727,11,335,167.5,0,0,0,At Risk (used to be loyal)
14762,264,1,300.52,1,1,2,4,112,Hibernating,300.52,16.238095238095237,21,264,264.0,0,0,0,At Risk (used to be loyal)
14764,47,1,278.3,3,1,2,6,312,Need Attention,278.3,31.666666666666668,6,47,47.0,2,2,0,Need Attention
14765,29,3,254.11,4,3,2,9,432,Others,84.70333333333333,3.4615384615384617,38,176,58.666666666666664,0,0,0,At Risk (used to be loyal)
14766,8,6,2473.37,5,5,5,15,555,Champions,412.2283333333333,9.992592592592592,111,366,61.0,1,1,0,Champions
14768,17,2,192.60000000000002,4,3,1,8,431,Others,96.30000000000001,10.4,4,127,63.5,2,0,0,Need Attention
14769,3,8,10674.75,5,5,5,15,555,Champions,1334.34375,6.822018348623853,718,358,44.75,1,1,-1,Champions
14770,232,2,876.42,1,3,3,7,133,Others,438.21,9.423076923076923,49,323,161.5,0,0,0,At Risk (used to be loyal)
14772,112,1,139.26,2,1,1,4,211,Hibernating,139.26,9.11111111111111,9,112,112.0,0,2,0,At Risk (used to be loyal)
14775,58,3,1011.9,3,3,4,10,334,Need Attention,337.29999999999995,19.566666666666666,57,372,124.0,0,0,0,At Risk (used to be loyal)
14776,51,11,2538.3,3,5,5,13,355,Loyal,230.75454545454542,26.786324786324787,44,312,28.363636363636363,1,1,0,Champions
14778,127,2,730.86,2,3,3,8,233,Others,365.42999999999995,8.742857142857142,34,309,154.5,0,0,0,At Risk (used to be loyal)
14779,281,3,386.15,1,3,2,6,132,Others,128.71666666666667,2.048780487804878,40,324,108.0,0,0,0,At Risk (used to be loyal)
14780,55,2,447.68,3,3,2,8,332,Need Attention,223.84,11.481481481481481,26,79,39.5,2,1,0,Need Attention
14782,320,1,200.10000000000002,1,1,1,3,111,Hibernating,200.10000000000002,19.0,6,320,320.0,0,0,0,At Risk (used to be loyal)
14784,26,2,289.99,4,3,2,9,432,Others,144.995,15.8,15,324,162.0,0,0,0,At Risk (used to be loyal)
14785,10,2,77.4,5,3,1,9,531,Others,38.7,28.0,2,15,7.5,2,2,-1,Need Attention
14788,7,2,679.4399999999999,5,3,3,11,533,Others,339.7199999999999,14.033333333333333,26,26,13.0,2,2,0,Need Attention
14789,29,1,197.64,4,1,1,6,411,New / Promising,197.64000000000001,19.333333333333332,6,29,29.0,2,2,0,Need Attention
14790,17,4,745.06,4,4,3,11,443,Loyal,186.26500000000001,15.195652173913043,30,254,63.5,1,0,0,Champions
14792,64,1,6.2,3,1,1,5,311,Need Attention,6.2,1.0,2,64,64.0,0,0,-1,At Risk (used to be loyal)
14793,21,1,228.99,4,1,1,6,411,New / Promising,228.99,6.5,14,21,21.0,2,2,0,Need Attention
14794,3,7,1319.91,5,5,4,14,554,Champions,188.55857142857144,8.4125,68,334,47.714285714285715,1,1,0,Champions
14795,166,1,131.45000000000002,2,1,1,4,211,Hibernating,131.45,2.8333333333333335,6,166,166.0,0,0,0,At Risk (used to be loyal)
14796,1,17,8022.49,5,5,5,15,555,Champions,471.9111764705882,5.28045574057844,403,367,21.58823529411765,1,1,0,Champions
14798,53,3,173.74,3,3,1,7,331,Need Attention,57.913333333333334,12.5,11,310,103.33333333333333,0,0,0,At Risk (used to be loyal)
14799,51,1,157.7,3,1,1,5,311,Need Attention,157.70000000000002,11.23076923076923,13,51,51.0,2,2,0,Need Attention
14800,48,12,4339.74,3,5,5,13,355,Loyal,361.645,9.493506493506494,246,370,30.833333333333332,1,1,0,Champions
14801,61,1,193.14,3,1,1,5,311,Need Attention,193.13999999999996,2.9661016949152543,56,61,61.0,2,2,0,Need Attention
14803,162,3,845.55,2,3,3,8,233,Others,281.84999999999997,8.409090909090908,35,292,97.33333333333333,0,0,0,At Risk (used to be loyal)
14804,9,1,353.27,5,1,2,8,512,New / Promising,353.27,10.083333333333334,12,9,9.0,2,2,0,Need Attention
14805,15,4,554.65,4,4,3,11,443,Loyal,138.66250000000002,2.4468085106382977,30,314,78.5,0,0,0,At Risk (used to be loyal)
14806,75,1,193.39000000000001,2,1,1,4,211,Hibernating,193.39,30.0,11,75,75.0,0,2,0,At Risk (used to be loyal)
14808,40,8,2741.17,3,5,5,13,355,Loyal,342.64625,9.136170212765958,176,172,21.5,1,1,0,Champions
14810,41,11,2087.88,3,5,5,13,355,Loyal,189.80727272727273,3.984313725490196,106,370,33.63636363636363,1,1,0,Champions
14813,370,2,155.43,1,3,1,5,131,Others,77.71499999999999,2.2333333333333334,25,370,185.0,0,0,0,At Risk (used to be loyal)
14815,37,2,778.5,3,3,3,9,333,Need Attention,389.25,14.037735849056604,53,68,34.0,2,1,0,Need Attention
14816,197,1,271.85,1,1,2,4,112,Hibernating,271.85,1.25,4,197,197.0,0,0,0,At Risk (used to be loyal)
14817,200,2,1110.34,1,3,4,8,134,Others,555.1700000000001,10.396825396825397,52,277,138.5,0,0,0,At Risk (used to be loyal)
14818,74,3,657.8,2,3,3,8,233,Others,219.26666666666665,6.75,41,254,84.66666666666667,0,0,0,At Risk (used to be loyal)
14819,64,2,272.07,3,3,2,8,332,Need Attention,136.035,8.384615384615385,13,192,96.0,0,0,0,At Risk (used to be loyal)
14820,21,4,507.29,4,4,3,11,443,Loyal,126.82249999999999,8.724137931034482,24,173,43.25,2,1,0,Need Attention
14821,367,1,48.800000000000004,1,1,1,3,111,Hibernating,48.800000000000004,10.0,2,367,367.0,0,0,0,At Risk (used to be loyal)
14823,180,3,321.43,1,3,2,6,132,Others,107.14333333333332,1.2571428571428571,56,195,65.0,0,0,0,At Risk (used to be loyal)
14824,10,4,1127.71,5,4,4,13,544,Champions,281.92750000000007,18.103448275862068,19,91,22.75,2,2,0,Need Attention
14825,4,12,2226.91,5,5,5,15,555,Champions,185.57583333333335,8.190082644628099,82,369,30.75,1,1,0,Champions
14828,197,3,2139.76,1,3,5,9,135,Others,713.2533333333334,127.76470588235294,17,337,112.33333333333333,0,0,-1,At Risk (used to be loyal)
14829,29,4,697.55,4,4,3,11,443,Loyal,174.3875,10.761904761904763,39,372,93.0,0,1,0,At Risk (used to be loyal)
14830,53,1,197.13,3,1,1,5,311,Need Attention,197.13,4.225,39,53,53.0,2,2,0,Need Attention
14834,18,6,1720.3,4,5,4,13,454,Champions,286.71666666666664,10.955223880597014,43,240,40.0,1,1,0,Champions
14836,10,3,102.44999999999999,5,3,1,9,531,Others,34.15,7.5,5,30,10.0,2,2,-1,Need Attention
14837,90,4,1649.5,2,4,4,10,244,At Risk,412.37500000000006,13.296296296296296,96,202,50.5,1,0,0,Champions
14840,268,1,62.85,1,1,1,3,111,Hibernating,62.85,7.75,4,268,268.0,0,0,0,At Risk (used to be loyal)
14841,53,6,3295.76,3,5,5,13,355,Loyal,549.2933333333333,12.884057971014492,103,359,59.833333333333336,1,1,0,Champions
14842,44,4,2824.69,3,4,5,12,345,Loyal,706.1724999999999,8.041379310344828,128,308,77.0,1,1,0,Champions
14844,64,4,3189.81,3,4,5,12,345,Loyal,797.4525000000001,14.1,87,241,60.25,1,1,0,Champions
14847,149,1,309.4,2,1,2,5,212,Hibernating,309.4,9.23076923076923,13,149,149.0,0,2,0,At Risk (used to be loyal)
14849,22,25,7930.54,4,5,5,14,455,Champions,317.2216,14.675257731958762,159,374,14.96,1,1,0,Champions
14850,312,1,325.75,1,1,2,4,112,Hibernating,325.75,13.952380952380953,21,312,312.0,0,0,0,At Risk (used to be loyal)
14851,23,2,511.35,4,3,3,10,433,Others,255.67499999999995,11.607142857142858,28,256,128.0,0,0,0,At Risk (used to be loyal)
14852,58,6,2836.69,3,5,5,13,355,Loyal,472.7816666666667,12.216783216783217,96,252,42.0,1,1,0,Champions
14853,24,2,475.8,4,3,2,9,432,Others,237.89999999999998,9.11111111111111,8,211,105.5,0,0,0,At Risk (used to be loyal)
14854,78,7,2759.83,2,5,5,12,255,At Risk,394.2614285714286,14.4251968503937,110,275,39.285714285714285,1,1,0,Champions
14855,119,2,645.65,2,3,3,8,233,Others,322.825,13.35,13,135,67.5,0,0,0,At Risk (used to be loyal)
14856,36,3,1311.3799999999999,3,3,4,10,334,Need Attention,437.1266666666667,10.818181818181818,65,57,19.0,2,2,0,Need Attention
14857,60,2,1173.12,3,3,4,10,334,Need Attention,586.56,7.733333333333333,58,148,74.0,1,0,0,Champions
14859,13,4,1353.74,5,4,4,13,544,Champions,338.435,11.568965517241379,47,204,51.0,1,0,0,Champions
14860,19,1,170.32,4,1,1,6,411,New / Promising,170.32,21.09090909090909,11,19,19.0,2,2,0,Need Attention
14861,52,1,125.79,3,1,1,5,311,Need Attention,125.79000000000002,19.5,6,52,52.0,2,2,0,Need Attention
14862,26,2,841.1999999999999,4,3,3,10,433,Others,420.6,16.083333333333332,47,149,74.5,1,0,0,Champions
14863,29,1,266.76,4,1,2,7,412,New / Promising,266.76,12.0,11,29,29.0,2,2,0,Need Attention
14865,7,2,52.2,5,3,1,9,531,Others,26.1,27.0,4,372,186.0,0,0,-1,At Risk (used to be loyal)
14866,11,12,14389.9,5,5,5,15,555,Champions,1199.1583333333335,68.20202020202021,30,366,30.5,1,1,0,Champions
14867,186,3,710.28,1,3,3,7,133,Others,236.76,9.11111111111111,31,336,112.0,0,0,0,At Risk (used to be loyal)
14868,3,8,2953.59,5,5,5,15,555,Champions,369.19875,9.756944444444445,96,233,29.125,1,1,0,Champions
14869,9,2,725.7,5,3,3,11,533,Others,362.85,7.746478873239437,66,103,51.5,2,1,0,Need Attention
14870,262,1,327.25,1,1,2,4,112,Hibernating,327.24999999999994,9.153846153846153,13,262,262.0,0,0,0,At Risk (used to be loyal)
14871,3,4,522.38,5,4,3,12,543,Loyal,130.595,1.8877551020408163,68,361,90.25,1,0,0,Champions
14873,210,1,519.68,1,1,3,5,113,Others,519.6800000000001,6.0,28,210,210.0,0,0,0,At Risk (used to be loyal)
14875,108,2,1465.3200000000002,2,3,4,9,234,Others,732.6599999999999,11.872340425531915,46,263,131.5,0,0,0,At Risk (used to be loyal)
14878,13,9,1485.54,5,5,4,14,554,Champions,165.06000000000003,6.467741935483871,62,359,39.888888888888886,1,1,0,Champions
14880,77,3,706.19,2,3,3,8,233,Others,235.39666666666673,7.9361702127659575,45,289,96.33333333333333,0,0,0,At Risk (used to be loyal)
14881,20,1,255.4,4,1,2,7,412,New / Promising,255.4,18.58823529411765,17,20,20.0,2,2,0,Need Attention
14882,27,2,589.7,4,3,3,10,433,Others,294.85,14.363636363636363,6,34,17.0,2,2,0,Need Attention
14883,19,6,761.59,4,5,3,12,453,Loyal,126.93166666666666,14.90566037735849,39,212,35.333333333333336,1,1,0,Champions
14885,132,1,765.3199999999999,2,1,3,6,213,Others,765.3199999999999,48.266666666666666,15,132,132.0,0,2,0,At Risk (used to be loyal)
14886,253,1,364.8,1,1,2,4,112,Hibernating,364.79999999999995,8.88888888888889,18,253,253.0,0,0,0,At Risk (used to be loyal)
14887,79,1,1862.0,2,1,4,7,214,Others,1862.0,183.33333333333334,6,79,79.0,2,0,-1,Need Attention
14888,207,1,369.2,1,1,2,4,112,Hibernating,369.2,9.2,20,207,207.0,0,0,0,At Risk (used to be loyal)
14889,336,1,135.9,1,1,1,3,111,Hibernating,135.9,9.0,10,336,336.0,0,0,0,At Risk (used to be loyal)
14890,254,1,125.65,1,1,1,3,111,Hibernating,125.65,7.285714285714286,7,254,254.0,0,0,0,At Risk (used to be loyal)
14891,148,2,554.38,2,3,3,8,233,Others,277.19,15.303030303030303,30,188,94.0,0,0,0,At Risk (used to be loyal)
14893,10,2,1237.8500000000001,5,3,4,12,534,Others,618.9250000000001,10.945205479452055,72,12,6.0,2,2,0,Need Attention
14894,85,1,655.75,2,1,3,6,213,Others,655.7499999999999,11.521739130434783,23,85,85.0,2,2,0,Need Attention
14895,8,20,11138.710000000001,5,5,5,15,555,Champions,556.9354999999999,9.740963855421686,273,290,14.5,1,1,0,Champions
14896,205,2,468.77000000000004,1,3,2,6,132,Others,234.38500000000002,6.488372093023256,43,366,183.0,0,0,0,At Risk (used to be loyal)
14897,8,4,1366.38,5,4,4,13,544,Champions,341.595,8.50909090909091,43,297,74.25,1,1,0,Champions
14898,23,6,1303.52,4,5,4,13,454,Champions,217.25333333333333,8.793103448275861,86,371,61.833333333333336,1,1,0,Champions
14901,11,9,1421.29,5,5,4,14,554,Champions,157.92111111111112,6.885416666666667,73,373,41.44444444444444,1,1,0,Champions
14902,26,1,332.66,4,1,2,7,412,New / Promising,332.66,10.9,20,26,26.0,2,2,0,Need Attention
14903,21,5,2810.63,4,4,5,13,445,Champions,562.126,4.326760563380281,227,279,55.8,1,1,0,Champions
14904,2,2,1025.44,5,3,4,12,534,Others,512.72,28.768115942028984,66,26,13.0,2,2,0,Need Attention
14905,158,2,616.15,2,3,3,8,233,Others,308.075,16.88235294117647,14,234,117.0,0,0,0,At Risk (used to be loyal)
14907,3,7,3501.1,5,5,5,15,555,Champions,500.1571428571429,10.248484848484848,125,368,52.57142857142857,1,1,0,Champions
14908,74,1,277.8,2,1,2,5,212,Hibernating,277.79999999999995,14.666666666666666,9,74,74.0,2,2,0,Need Attention
14910,3,4,434.35,5,4,2,11,542,Loyal,108.5875,7.933333333333334,25,55,13.75,2,1,0,Need Attention
14911,1,201,143825.06,5,5,5,15,555,Champions,715.5475621890547,14.143612334801762,1787,373,1.855721393034826,1,1,-1,Champions
14912,17,2,867.85,4,3,3,10,433,Others,433.925,35.96296296296296,21,247,123.5,0,0,0,At Risk (used to be loyal)
14913,36,4,1227.43,3,4,4,11,344,Loyal,306.8575,20.03448275862069,76,359,89.75,1,0,0,Champions
14915,91,2,307.48,2,3,2,7,232,Others,153.74,9.333333333333334,12,278,139.0,0,0,0,At Risk (used to be loyal)
14916,71,4,1268.98,3,4,4,11,344,Loyal,317.245,14.753246753246753,72,324,81.0,1,0,0,Champions
14918,116,2,1610.15,2,3,4,9,234,Others,805.0749999999998,15.0,39,155,77.5,0,0,0,At Risk (used to be loyal)
14920,213,2,977.77,1,3,4,8,134,Others,488.885,8.929824561403509,57,213,106.5,0,0,0,At Risk (used to be loyal)
14921,30,2,1316.07,4,3,4,11,434,Others,658.0350000000001,12.217948717948717,78,201,100.5,1,0,0,Champions
14923,51,1,749.1,3,1,3,7,313,Need Attention,749.1,9.5,44,51,51.0,2,2,0,Need Attention
14924,246,1,310.05,1,1,2,4,112,Hibernating,310.05,6.4,10,246,246.0,0,0,0,At Risk (used to be loyal)
14929,32,1,223.88,4,1,1,6,411,New / Promising,223.88,12.363636363636363,11,32,32.0,2,2,0,Need Attention
14930,109,3,2372.86,2,3,5,10,235,Others,790.9533333333333,9.109375,116,274,91.33333333333333,1,1,0,Champions
14931,5,5,1257.68,5,4,4,13,544,Champions,251.536,10.170731707317072,30,241,48.2,1,1,0,Champions
14932,366,1,363.53,1,1,2,4,112,Hibernating,363.53,4.705882352941177,17,366,366.0,0,0,0,At Risk (used to be loyal)
14934,82,2,1890.94,2,3,4,9,234,Others,945.47,11.977011494252874,68,283,141.5,1,0,0,Champions
14935,297,1,1784.71,1,1,4,6,114,Others,1784.71,93.5,10,297,297.0,0,0,-1,At Risk (used to be loyal)
14936,34,8,8137.02,3,5,5,13,355,Loyal,1017.1275000000002,11.222527472527473,210,276,34.5,1,1,0,Champions
14937,57,3,1621.88,3,3,4,10,334,Need Attention,540.6266666666667,14.235294117647058,33,130,43.333333333333336,1,1,0,Champions
14944,30,12,5900.25,4,5,5,14,455,Champions,491.6875,16.558823529411764,101,297,24.75,1,1,0,Champions
14946,14,1,100.9,4,1,1,6,411,New / Promising,100.9,7.333333333333333,3,14,14.0,2,2,0,Need Attention
14947,72,2,290.82,3,3,2,8,332,Need Attention,145.41000000000003,12.785714285714286,14,131,65.5,0,0,0,At Risk (used to be loyal)
14948,23,6,1101.97,4,5,4,13,454,Champions,183.66166666666666,10.682539682539682,56,219,36.5,1,1,0,Champions
14950,19,1,371.2,4,1,2,7,412,New / Promising,371.2,7.157894736842105,19,19,19.0,2,2,0,Need Attention
14951,79,1,311.69,2,1,2,5,212,Hibernating,311.69000000000005,15.55,20,79,79.0,2,2,0,Need Attention
14952,60,11,8099.49,3,5,5,13,355,Loyal,736.3172727272727,24.31159420289855,117,365,33.18181818181818,1,1,0,Champions
14953,25,1,289.82,4,1,2,7,412,New / Promising,289.82000000000005,4.090909090909091,54,25,25.0,2,2,0,Need Attention
14954,12,1,336.17,5,1,2,8,512,New / Promising,336.16999999999996,1.4941176470588236,75,12,12.0,2,2,0,Need Attention
14957,253,1,58.49,1,1,1,3,111,Hibernating,58.49,2.8333333333333335,12,253,253.0,0,0,0,At Risk (used to be loyal)
14958,147,3,499.68,2,3,3,8,233,Others,166.56,3.0714285714285716,33,246,82.0,0,0,0,At Risk (used to be loyal)
14959,64,4,695.42,3,4,3,10,343,Loyal,173.85499999999996,8.372881355932204,37,296,74.0,0,1,0,At Risk (used to be loyal)
14960,8,2,221.27,5,3,1,9,531,Others,110.63499999999999,8.185185185185185,23,171,85.5,0,0,0,At Risk (used to be loyal)
14961,11,9,7044.68,5,5,5,15,555,Champions,782.7422222222223,11.884615384615385,193,361,40.111111111111114,1,1,0,Champions
14962,271,1,126.7,1,1,1,3,111,Hibernating,126.70000000000002,8.8,5,271,271.0,0,0,0,At Risk (used to be loyal)
14963,10,5,1487.8,5,4,4,13,544,Champions,297.56,5.9393939393939394,149,184,36.8,1,1,0,Champions
14964,247,1,206.21,1,1,1,3,111,Hibernating,206.21,11.0,13,247,247.0,0,0,0,At Risk (used to be loyal)
14965,96,2,599.0,2,3,3,8,233,Others,299.5,4.397590361445783,80,96,48.0,2,2,0,Need Attention
14966,15,1,191.32,4,1,1,6,411,New / Promising,191.32,4.921052631578948,35,15,15.0,2,2,0,Need Attention
14967,50,1,463.8,3,1,2,6,312,Need Attention,463.8,23.333333333333332,6,50,50.0,2,2,0,Need Attention
14968,30,1,147.59,4,1,1,6,411,New / Promising,147.59000000000003,3.4324324324324325,37,30,30.0,2,2,0,Need Attention
14970,68,4,1592.06,3,4,4,11,344,Loyal,398.015,7.352941176470588,24,317,79.25,1,0,0,Champions
14971,35,3,1116.57,3,3,4,10,334,Need Attention,372.19000000000005,4.025,144,43,14.333333333333334,2,2,0,Need Attention
14972,128,1,114.77,2,1,1,4,211,Hibernating,114.77,1.5555555555555556,18,128,128.0,0,0,0,At Risk (used to be loyal)
14973,107,3,1314.45,2,3,4,9,234,Others,438.1499999999999,11.53125,29,226,75.33333333333333,0,0,0,At Risk (used to be loyal)
14974,37,1,114.39,3,1,1,5,311,Need Attention,114.39,2.0952380952380953,17,37,37.0,2,2,0,Need Attention
14975,57,1,279.94,3,1,2,6,312,Need Attention,279.94,34.54545454545455,11,57,57.0,2,2,0,Need Attention
14976,57,7,790.86,3,5,3,11,353,Loyal,112.98,3.25,47,327,46.714285714285715,1,0,0,Champions
14978,72,5,1931.42,3,4,4,11,344,Loyal,386.284,2.4305555555555554,136,331,66.2,1,1,0,Champions
14981,246,1,102.12,1,1,1,3,111,Hibernating,102.12,12.125,8,246,246.0,0,0,0,At Risk (used to be loyal)
14984,19,2,213.27,4,3,1,8,431,Others,106.635,1.4634146341463414,37,181,90.5,0,0,0,At Risk (used to be loyal)
14985,198,2,296.75,1,3,2,6,132,Others,148.375,2.9885057471264367,78,358,179.0,0,0,0,At Risk (used to be loyal)
14987,16,2,326.4,4,3,2,9,432,Others,163.2,32.0,2,366,183.0,0,0,0,At Risk (used to be loyal)
14988,212,1,334.54,1,1,2,4,112,Hibernating,334.53999999999996,3.525,40,212,212.0,0,0,0,At Risk (used to be loyal)
14995,39,2,233.23000000000002,3,3,1,7,331,Need Attention,116.61500000000001,1.6885245901639345,53,280,140.0,0,0,0,At Risk (used to be loyal)
14997,46,3,546.1999999999999,3,3,3,9,333,Need Attention,182.0666666666667,43.07692307692308,25,178,59.333333333333336,0,0,0,At Risk (used to be loyal)
14998,170,2,429.87,2,3,2,7,232,Others,214.935,3.6,70,241,120.5,0,0,0,At Risk (used to be loyal)
15000,48,1,490.52,3,1,3,7,313,Need Attention,490.52000000000004,2.831168831168831,76,48,48.0,2,2,0,Need Attention
15002,116,4,1641.76,2,4,4,10,244,At Risk,410.43999999999994,7.495652173913044,93,367,91.75,1,0,0,Champions
15004,147,1,1246.32,2,1,4,7,214,Others,1246.3200000000002,3.9873417721518987,154,147,147.0,0,2,-1,At Risk (used to be loyal)
15005,16,28,6316.57,4,5,5,14,455,Champions,225.5917857142857,3.7953529937444146,360,366,13.071428571428571,1,1,0,Champions
15006,51,1,502.09,3,1,3,7,313,Need Attention,502.09000000000003,2.0972222222222223,121,51,51.0,2,2,0,Need Attention
15007,159,1,156.91,2,1,1,4,211,Hibernating,156.91000000000003,5.75,12,159,159.0,0,0,0,At Risk (used to be loyal)
15009,12,3,1261.78,5,3,4,12,534,Others,420.5933333333333,3.5274725274725274,148,25,8.333333333333334,2,2,0,Need Attention
15010,36,1,308.94,3,1,2,6,312,Need Attention,308.94,9.2,20,36,36.0,2,2,0,Need Attention
15012,54,2,423.04,3,3,2,8,332,Need Attention,211.52,1.8046875,110,374,187.0,0,0,0,At Risk (used to be loyal)
15014,43,2,260.17,3,3,2,8,332,Need Attention,130.085,4.314285714285714,29,176,88.0,0,0,0,At Risk (used to be loyal)
15016,173,1,170.04,2,1,1,4,211,Hibernating,170.04,3.8,20,173,173.0,0,0,0,At Risk (used to be loyal)
15017,34,1,125.58,3,1,1,5,311,Need Attention,125.58000000000001,3.15,20,34,34.0,2,2,0,Need Attention
15018,39,3,496.21000000000004,3,3,3,9,333,Need Attention,165.40333333333334,6.096774193548387,30,368,122.66666666666667,0,0,0,At Risk (used to be loyal)
15019,267,1,266.0,1,1,2,4,112,Hibernating,265.99999999999994,2.2714285714285714,64,267,267.0,0,0,0,At Risk (used to be loyal)
15021,9,9,1914.82,5,5,4,14,554,Champions,212.7577777777778,1.7944915254237288,287,367,40.77777777777778,1,1,0,Champions
15022,12,4,905.04,5,4,3,12,543,Loyal,226.26000000000002,4.022222222222222,96,47,11.75,2,1,0,Need Attention
15023,3,11,6802.76,5,5,5,15,555,Champions,618.4327272727273,5.108540925266904,347,369,33.54545454545455,1,1,0,Champions
15024,10,10,1661.33,5,5,4,14,554,Champions,166.13299999999998,5.935483870967742,105,367,36.7,1,1,0,Champions
15025,33,1,377.01,4,1,2,7,412,New / Promising,377.01,2.625,66,33,33.0,2,2,0,Need Attention
15026,80,3,469.0,2,3,2,7,232,Others,156.33333333333334,4.672131147540983,57,277,92.33333333333333,0,0,0,At Risk (used to be loyal)
15027,31,4,1066.1499999999999,4,4,4,12,444,Champions,266.5375,16.142857142857142,30,238,59.5,1,0,0,Champions
15028,8,4,627.13,5,4,3,12,543,Loyal,156.78250000000003,9.5625,35,369,92.25,1,1,0,Champions
15030,72,2,518.28,3,3,3,9,333,Need Attention,259.14,53.142857142857146,7,268,134.0,0,0,0,At Risk (used to be loyal)
15031,4,4,668.14,5,4,3,12,543,Loyal,167.03500000000003,3.6126126126126126,74,282,70.5,1,0,0,Champions
15032,256,3,4959.1,1,3,5,9,135,Others,1653.0333333333335,57.07692307692308,29,366,122.0,1,0,-1,Champions
15033,5,10,2586.67,5,5,5,15,555,Champions,258.66700000000003,3.323529411764706,315,329,32.9,1,1,0,Champions
15034,16,8,4308.61,4,5,5,14,455,Champions,538.5762500000001,6.147208121827411,299,354,44.25,1,1,0,Champions
15035,90,1,252.73000000000002,2,1,2,5,212,Hibernating,252.73000000000002,9.074074074074074,26,90,90.0,0,2,0,At Risk (used to be loyal)
15036,72,3,465.55,3,3,2,8,332,Need Attention,155.1833333333333,2.574803149606299,107,180,60.0,0,0,0,At Risk (used to be loyal)
15038,59,6,705.49,3,5,3,11,353,Loyal,117.58166666666666,1.6692307692307693,105,370,61.666666666666664,1,0,0,Champions
15039,10,47,19914.44,5,5,5,15,555,Champions,423.7114893617021,6.13115845539281,408,369,7.851063829787234,1,1,0,Champions
15041,170,1,180.35,2,1,1,4,211,Hibernating,180.35000000000002,1.5522388059701493,66,170,170.0,0,0,0,At Risk (used to be loyal)
15042,199,1,135.93,1,1,1,3,111,Hibernating,135.93,6.0,5,199,199.0,0,0,0,At Risk (used to be loyal)
15043,31,1,537.0,4,1,3,8,413,New / Promising,537.0,100.0,3,31,31.0,2,0,-1,Need Attention
15044,19,17,7700.2300000000005,4,5,5,14,455,Champions,452.9547058823529,6.169977924944813,233,362,21.294117647058822,1,1,0,Champions
15045,152,2,735.66,2,3,3,8,233,Others,367.83000000000004,9.5,11,258,129.0,0,0,0,At Risk (used to be loyal)
15046,9,15,5213.7699999999995,5,5,5,15,555,Champions,347.58466666666664,16.75242718446602,147,338,22.533333333333335,1,1,0,Champions
15047,270,1,343.62,1,1,2,4,112,Hibernating,343.61999999999995,10.090909090909092,22,270,270.0,0,0,0,At Risk (used to be loyal)
15048,65,4,384.05,3,4,2,9,342,Loyal,96.0125,2.0103092783505154,86,369,92.25,0,0,0,At Risk (used to be loyal)
15049,274,1,121.17000000000002,1,1,1,3,111,Hibernating,121.17000000000002,21.0,3,274,274.0,0,0,0,At Risk (used to be loyal)
15050,25,3,1782.09,4,3,4,11,434,Others,594.03,15.692307692307692,68,71,23.666666666666668,1,1,0,Champions
15051,23,3,1391.61,4,3,4,11,434,Others,463.87000000000006,7.06993006993007,130,150,50.0,1,1,0,Champions
15052,319,1,215.78,1,1,1,3,111,Hibernating,215.78,2.7333333333333334,27,319,319.0,0,0,0,At Risk (used to be loyal)
15053,5,3,697.79,5,3,3,11,533,Others,232.5966666666667,13.887323943661972,49,282,94.0,1,0,0,Champions
15054,12,2,302.1,5,3,2,10,532,Others,151.05,1.736842105263158,105,40,20.0,2,2,0,Need Attention
15057,275,2,1489.5,1,3,4,8,134,Others,744.75,26.72,25,316,158.0,0,0,0,At Risk (used to be loyal)
15058,25,11,2124.9900000000002,4,5,5,14,455,Champions,193.18090909090913,3.8731884057971016,199,312,28.363636363636363,1,1,0,Champions
15059,41,9,1337.72,3,5,4,12,354,Loyal,148.63555555555553,2.548523206751055,161,335,37.22222222222222,1,1,0,Champions
15060,8,4,303.09,5,4,2,11,542,Loyal,75.77250000000001,2.1735537190082646,81,9,2.25,2,2,-1,Need Attention
15061,4,48,54534.14,5,5,5,15,555,Champions,1136.1279166666666,71.76178660049628,70,372,7.75,1,1,-1,Champions
15062,71,4,987.86,3,4,4,11,344,Loyal,246.965,13.385964912280702,47,359,89.75,0,0,0,At Risk (used to be loyal)
15063,213,1,370.79999999999995,1,1,2,4,112,Hibernating,370.79999999999995,11.2,5,213,213.0,0,0,0,At Risk (used to be loyal)
15065,38,4,3158.13,3,4,5,12,345,Loyal,789.5325,8.92258064516129,148,291,72.75,1,1,0,Champions
15066,53,1,893.59,3,1,3,7,313,Need Attention,893.59,7.5476190476190474,42,53,53.0,2,2,0,Need Attention
15067,78,3,1744.76,2,3,4,9,234,Others,581.5866666666667,11.634146341463415,82,283,94.33333333333333,1,0,0,Champions
15068,46,2,553.36,3,3,3,9,333,Need Attention,276.68,3.5,96,256,128.0,0,0,0,At Risk (used to be loyal)
15069,179,1,1109.53,2,1,4,7,214,Others,1109.5300000000002,7.428571428571429,70,179,179.0,0,2,0,At Risk (used to be loyal)
15070,373,1,106.2,1,1,1,3,111,Hibernating,106.2,36.0,1,373,373.0,0,0,0,At Risk (used to be loyal)
15071,94,2,982.07,2,3,4,9,234,Others,491.035,10.346153846153847,25,276,138.0,0,0,0,At Risk (used to be loyal)
15073,10,3,1043.41,5,3,4,12,534,Others,347.8033333333333,9.092592592592593,31,187,62.333333333333336,1,0,0,Champions
15074,105,1,748.87,2,1,3,6,213,Others,748.87,10.833333333333334,41,105,105.0,0,2,0,At Risk (used to be loyal)
15075,78,1,773.03,2,1,3,6,213,Others,773.03,16.555555555555557,27,78,78.0,2,2,0,Need Attention
15076,173,1,880.85,2,1,3,6,213,Others,880.8499999999999,11.653061224489797,49,173,173.0,0,2,0,At Risk (used to be loyal)
15078,7,32,9743.11,5,5,5,15,555,Champions,304.4721875,11.602272727272727,97,369,11.53125,1,1,0,Champions
15079,213,4,895.61,1,4,3,8,143,At Risk,223.9025,8.27659574468085,46,366,91.5,0,0,0,At Risk (used to be loyal)
15081,22,5,504.8,4,4,3,11,443,Loyal,100.96,5.757575757575758,26,367,73.4,0,1,0,At Risk (used to be loyal)
15083,257,1,88.2,1,1,1,3,111,Hibernating,88.19999999999999,7.6,5,257,257.0,0,0,0,At Risk (used to be loyal)
15087,282,1,306.94,1,1,2,4,112,Hibernating,306.94,31.333333333333332,15,282,282.0,0,0,0,At Risk (used to be loyal)
15088,21,2,1160.07,4,3,4,11,434,Others,580.0349999999999,8.070175438596491,53,67,33.5,2,1,0,Need Attention
15089,10,6,2420.84,5,5,5,15,555,Champions,403.47333333333336,9.372413793103448,139,128,21.333333333333332,1,1,0,Champions
15090,308,1,381.32,1,1,2,4,112,Hibernating,381.32,9.043478260869565,23,308,308.0,0,0,0,At Risk (used to be loyal)
15091,68,1,480.71,3,1,2,6,312,Need Attention,480.71,11.533333333333333,30,68,68.0,2,2,0,Need Attention
15092,215,2,457.81,1,3,2,6,132,Others,228.90499999999997,5.1923076923076925,23,284,142.0,0,0,0,At Risk (used to be loyal)
15093,18,6,4597.02,4,5,5,14,455,Champions,766.17,34.81481481481482,52,372,62.0,1,1,0,Champions
15095,104,4,1370.6,2,4,4,10,244,At Risk,342.65,22.95744680851064,30,203,50.75,1,0,0,Champions
15096,43,1,219.39000000000001,3,1,1,5,311,Need Attention,219.39,10.909090909090908,11,43,43.0,2,2,0,Need Attention
15097,4,1,248.08,5,1,1,7,511,New / Promising,248.07999999999998,6.8,25,4,4.0,2,2,1,Need Attention
15098,182,3,39916.5,1,3,5,9,135,Others,13305.5,40.333333333333336,1,182,60.666666666666664,1,0,-1,Champions
15099,84,1,410.48,2,1,2,5,212,Hibernating,410.48,14.91304347826087,23,84,84.0,0,2,0,At Risk (used to be loyal)
15100,334,3,876.0,1,3,3,7,133,Others,292.0,26.666666666666668,1,374,124.66666666666667,0,0,0,At Risk (used to be loyal)
15101,9,2,317.53,5,3,2,10,532,Others,158.765,30.125,8,359,179.5,0,0,0,At Risk (used to be loyal)
15103,31,2,703.36,4,3,3,10,433,Others,351.67999999999995,9.4,35,86,43.0,2,1,0,Need Attention
15104,197,2,1027.44,1,3,4,8,134,Others,513.72,9.231884057971014,66,282,141.0,0,0,0,At Risk (used to be loyal)
15105,18,7,2298.93,4,5,5,14,455,Champions,328.41857142857145,11.990099009900991,90,135,19.285714285714285,1,1,0,Champions
15106,18,5,1422.52,4,4,4,12,444,Champions,284.504,11.81,90,269,53.8,1,1,0,Champions
15107,311,6,319.5,1,5,2,8,152,At Risk,53.25,10.5625,12,372,62.0,0,0,0,At Risk (used to be loyal)
15108,142,4,1300.25,2,4,4,10,244,At Risk,325.0625,8.316666666666666,50,228,57.0,1,0,0,Champions
15109,246,1,484.95,1,1,2,4,112,Hibernating,484.9500000000001,4.678571428571429,28,246,246.0,0,0,0,At Risk (used to be loyal)
15110,24,4,996.1,4,4,4,12,444,Champions,249.025,7.0285714285714285,17,319,79.75,0,0,0,At Risk (used to be loyal)
15111,29,3,1567.48,4,3,4,11,434,Others,522.4933333333332,8.452380952380953,70,373,124.33333333333333,1,0,0,Champions
15113,10,3,3609.33,5,3,5,13,535,Others,1203.11,23.86,77,54,18.0,1,1,-1,Champions
15114,30,10,2760.56,4,5,5,14,455,Champions,276.0559999999999,15.715736040609137,136,302,30.2,1,1,0,Champions
15115,18,1,340.11,4,1,2,7,412,New / Promising,340.11,7.476190476190476,21,18,18.0,2,2,0,Need Attention
15116,18,4,1352.75,4,4,4,12,444,Champions,338.1875,14.4,37,205,51.25,1,0,0,Champions
15117,15,5,1551.78,4,4,4,12,444,Champions,310.35600000000005,24.658227848101266,63,216,43.2,1,0,0,Champions
15118,134,1,244.8,2,1,1,4,211,Hibernating,244.8,1440.0,1,134,134.0,0,0,-1,At Risk (used to be loyal)
15119,246,1,266.4,1,1,2,4,112,Hibernating,266.4,6.285714285714286,14,246,246.0,0,0,0,At Risk (used to be loyal)
15120,134,1,358.82,2,1,2,5,212,Hibernating,358.8199999999999,14.095238095238095,21,134,134.0,0,2,0,At Risk (used to be loyal)
15121,50,2,457.72,3,3,2,8,332,Need Attention,228.86,7.107142857142857,28,289,144.5,0,0,0,At Risk (used to be loyal)
15122,114,3,1633.78,2,3,4,9,234,Others,544.5933333333332,9.75609756097561,65,298,99.33333333333333,1,0,0,Champions
15123,7,2,2199.31,5,3,5,13,535,Others,1099.6550000000002,11.273584905660377,93,206,103.0,1,1,0,Champions
15124,23,2,184.19,4,3,1,8,431,Others,92.09500000000001,15.533333333333333,14,192,96.0,0,0,0,At Risk (used to be loyal)
15125,25,15,11528.48,4,5,5,14,455,Champions,768.5653333333335,48.76377952755905,102,271,18.066666666666666,1,1,0,Champions
15127,66,1,406.53,3,1,2,6,312,Need Attention,406.53000000000003,15.6875,16,66,66.0,2,2,0,Need Attention
15128,60,4,1471.0,3,4,4,11,344,Loyal,367.75,13.166666666666666,74,220,55.0,1,0,0,Champions
15129,50,11,3447.4,3,5,5,13,355,Loyal,313.40000000000003,21.357142857142858,54,292,26.545454545454547,1,1,0,Champions
15130,170,1,330.11,2,1,2,5,212,Hibernating,330.11000000000007,8.954545454545455,22,170,170.0,0,0,0,At Risk (used to be loyal)
15132,18,5,977.9300000000001,4,4,4,12,444,Champions,195.58599999999998,13.057692307692308,49,263,52.6,1,1,0,Champions
15133,128,3,982.42,2,3,4,9,234,Others,327.4733333333333,23.448275862068964,27,302,100.66666666666667,0,0,0,At Risk (used to be loyal)
15134,15,8,1387.99,4,5,4,13,454,Champions,173.49875,12.150684931506849,44,241,30.125,1,1,0,Champions
15135,239,1,139.05,1,1,1,3,111,Hibernating,139.04999999999998,4.777777777777778,9,239,239.0,0,0,0,At Risk (used to be loyal)
15136,3,4,1286.7,5,4,4,13,544,Champions,321.67500000000007,11.411764705882353,61,96,24.0,1,1,0,Champions
15139,240,2,178.96,1,3,1,5,131,Others,89.48,16.0,13,337,168.5,0,0,0,At Risk (used to be loyal)
15140,52,7,2354.25,3,5,5,13,355,Loyal,336.32142857142856,19.65,74,264,37.714285714285715,1,1,0,Champions
15142,46,1,498.74,3,1,3,7,313,Need Attention,498.74000000000007,14.038461538461538,26,46,46.0,2,2,0,Need Attention
15143,226,1,259.45,1,1,2,4,112,Hibernating,259.45,10.714285714285714,14,226,226.0,0,0,0,At Risk (used to be loyal)
15144,8,17,6580.44,5,5,5,15,555,Champions,387.084705882353,14.055299539170507,132,312,18.352941176470587,1,1,0,Champions
15145,4,4,1194.73,5,4,4,13,544,Champions,298.68250000000006,11.283582089552239,54,248,62.0,1,1,0,Champions
15146,165,2,1327.16,2,3,4,9,234,Others,663.58,16.186813186813186,90,291,145.5,0,0,0,At Risk (used to be loyal)
15147,240,1,623.5,1,1,3,5,113,Others,623.5,13.071428571428571,28,240,240.0,0,0,0,At Risk (used to be loyal)
15148,11,1,301.29,5,1,2,8,512,New / Promising,301.29,9.35,20,11,11.0,2,2,0,Need Attention
15149,134,1,520.8000000000001,2,1,3,6,213,Others,520.8,5.565217391304348,23,134,134.0,0,2,0,At Risk (used to be loyal)
15150,17,10,5314.47,4,5,5,14,455,Champions,531.4469999999999,10.66472303206997,282,269,26.9,1,1,0,Champions
15152,10,13,4745.69,5,5,5,15,555,Champions,365.05307692307696,9.977859778597786,196,187,14.384615384615385,1,1,0,Champions
15153,31,1,329.25,4,1,2,7,412,New / Promising,329.25,9.0,22,31,31.0,2,2,0,Need Attention
15154,75,1,296.42,2,1,2,5,212,Hibernating,296.42,1.223529411764706,66,75,75.0,2,2,0,Need Attention
15156,1,3,961.49,5,3,4,12,534,Others,320.4966666666666,10.854545454545455,51,34,11.333333333333334,2,1,0,Need Attention
15157,4,3,1936.07,5,3,4,12,534,Others,645.3566666666668,19.136,125,358,119.33333333333333,1,1,0,Champions
15158,45,1,401.40000000000003,3,1,2,6,312,Need Attention,401.4000000000001,28.285714285714285,7,45,45.0,2,2,0,Need Attention
15159,2,30,18641.010000000002,5,5,5,15,555,Champions,621.3670000000001,16.114084507042254,363,361,12.033333333333333,1,1,0,Champions
15160,357,1,158.16,1,1,1,3,111,Hibernating,158.16000000000003,21.0,4,357,357.0,0,0,0,At Risk (used to be loyal)
15163,18,2,304.47,4,3,2,9,432,Others,152.23499999999996,6.413793103448276,29,192,96.0,0,0,0,At Risk (used to be loyal)
15164,69,3,843.05,3,3,3,9,333,Need Attention,281.0166666666666,3.495145631067961,79,339,113.0,0,0,0,At Risk (used to be loyal)
15165,373,1,487.75,1,1,2,4,112,Hibernating,487.75,5.925925925925926,27,373,373.0,0,0,0,At Risk (used to be loyal)
15167,321,1,163.0,1,1,1,3,111,Hibernating,163.00000000000003,1.6341463414634145,39,321,321.0,0,0,0,At Risk (used to be loyal)
15168,26,1,106.56,4,1,1,6,411,New / Promising,106.56,10.4,5,26,26.0,2,2,0,Need Attention
15171,331,1,1289.5,1,1,4,6,114,Others,1289.5,58.0,5,331,331.0,0,0,-1,At Risk (used to be loyal)
15172,9,5,1624.05,5,4,4,13,544,Champions,324.81,14.645454545454545,106,237,47.4,1,1,0,Champions
15174,323,1,135.75,1,1,1,3,111,Hibernating,135.75,13.181818181818182,11,323,323.0,0,0,0,At Risk (used to be loyal)
15175,72,1,224.14,3,1,1,5,311,Need Attention,224.14000000000004,19.73913043478261,23,72,72.0,2,2,0,Need Attention
15178,260,1,40.5,1,1,1,3,111,Hibernating,40.5,10.0,3,260,260.0,0,0,0,At Risk (used to be loyal)
15179,18,5,2206.95,4,4,5,13,445,Champions,441.39000000000004,20.838709677419356,91,319,63.8,1,1,0,Champions
15180,367,1,87.5,1,1,1,3,111,Hibernating,87.5,6.0,6,367,367.0,0,0,0,At Risk (used to be loyal)
15181,66,3,689.4799999999999,3,3,3,9,333,Need Attention,229.82666666666668,34.0,11,270,90.0,0,0,0,At Risk (used to be loyal)
15182,154,2,622.85,2,3,3,8,233,Others,311.4249999999999,8.724137931034482,24,269,134.5,0,0,0,At Risk (used to be loyal)
15184,29,2,406.76,4,3,2,9,432,Others,203.38,3.5396825396825395,59,191,95.5,0,0,0,At Risk (used to be loyal)
15185,70,1,310.62,3,1,2,6,312,Need Attention,310.62,31.714285714285715,21,70,70.0,2,2,0,Need Attention
15186,14,2,411.41,4,3,2,9,432,Others,205.705,11.31578947368421,17,168,84.0,0,0,0,At Risk (used to be loyal)
15187,2,16,4777.18,5,5,5,15,555,Champions,298.5737500000001,20.736263736263737,61,212,13.25,1,1,0,Champions
15189,1,41,16225.39,5,5,5,15,555,Champions,395.7412195121952,29.004716981132077,80,333,8.121951219512194,1,1,0,Champions
15192,120,3,1044.32,2,3,4,9,234,Others,348.10666666666674,18.0,36,365,121.66666666666667,0,0,0,At Risk (used to be loyal)
15193,61,1,499.32,3,1,3,7,313,Need Attention,499.31999999999994,7.578947368421052,19,61,61.0,2,2,0,Need Attention
15194,3,15,7616.53,5,5,5,15,555,Champions,507.7686666666667,18.39677419354839,209,368,24.533333333333335,1,1,0,Champions
15195,3,1,3861.0,5,1,5,11,515,New / Promising,3861.0,1404.0,1,3,3.0,2,0,-1,Need Attention
15197,11,3,1079.6100000000001,5,3,4,12,534,Others,359.87000000000006,14.65625,30,358,119.33333333333333,1,0,0,Champions
15198,92,2,193.64,2,3,1,6,231,Others,96.82,12.0,10,124,62.0,0,0,0,At Risk (used to be loyal)
15199,59,4,1268.7,3,4,4,11,344,Loyal,317.17499999999995,30.46153846153846,5,308,77.0,0,0,0,At Risk (used to be loyal)
15201,87,5,1236.54,2,4,4,10,244,At Risk,247.308,17.536231884057973,35,247,49.4,1,0,0,Champions
15203,26,6,1827.8,4,5,4,13,454,Champions,304.6333333333333,12.345070422535212,82,312,52.0,1,1,0,Champions
15204,357,1,316.58,1,1,2,4,112,Hibernating,316.58,28.666666666666668,9,357,357.0,0,0,0,At Risk (used to be loyal)
15205,85,2,653.24,2,3,3,8,233,Others,326.62,10.216216216216216,37,127,63.5,0,0,0,At Risk (used to be loyal)
15206,10,4,420.29999999999995,5,4,2,11,542,Loyal,105.075,18.0,3,276,69.0,0,0,-1,At Risk (used to be loyal)
15208,1,5,870.12,5,4,3,12,543,Loyal,174.024,7.523809523809524,25,353,70.6,1,1,0,Champions
15210,225,1,331.18,1,1,2,4,112,Hibernating,331.18,11.4,20,225,225.0,0,0,0,At Risk (used to be loyal)
15211,60,2,894.4100000000001,3,3,3,9,333,Need Attention,447.205,4.615384615384615,52,365,182.5,0,0,0,At Risk (used to be loyal)
15212,241,1,101.8,1,1,1,3,111,Hibernating,101.79999999999998,7.2,5,241,241.0,0,0,0,At Risk (used to be loyal)
15213,319,2,328.35,1,3,2,6,132,Others,164.175,11.333333333333334,22,330,165.0,0,0,0,At Risk (used to be loyal)
15214,2,8,1661.44,5,5,4,14,554,Champions,207.68,11.4,109,243,30.375,1,1,0,Champions
15215,47,3,734.94,3,3,3,9,333,Need Attention,244.98,6.428571428571429,33,97,32.333333333333336,2,1,0,Need Attention
15216,88,1,96.6,2,1,1,4,211,Hibernating,96.6,14.0,2,88,88.0,0,0,0,At Risk (used to be loyal)
15218,11,11,5756.89,5,5,5,15,555,Champions,523.3536363636364,20.05421686746988,77,319,29.0,1,1,0,Champions
15219,176,1,305.75,2,1,2,5,212,Hibernating,305.75,5.0,9,176,176.0,0,0,0,At Risk (used to be loyal)
15220,52,6,1778.96,3,5,4,12,354,Loyal,296.4933333333333,11.905982905982906,110,281,46.833333333333336,1,1,0,Champions
15221,366,1,403.25,1,1,2,4,112,Hibernating,403.25,8.6,5,366,366.0,0,0,0,At Risk (used to be loyal)
15222,319,1,585.0,1,1,3,5,113,Others,585.0,88.0,5,319,319.0,0,0,0,At Risk (used to be loyal)
15223,226,2,755.75,1,3,3,7,133,Others,377.875,10.65,14,250,125.0,0,0,0,At Risk (used to be loyal)
15224,358,2,322.08,1,3,2,6,132,Others,161.03999999999996,10.857142857142858,13,363,181.5,0,0,0,At Risk (used to be loyal)
15225,234,1,409.40000000000003,1,1,2,4,112,Hibernating,409.4000000000001,9.826086956521738,23,234,234.0,0,0,0,At Risk (used to be loyal)
15226,311,1,154.41,1,1,1,3,111,Hibernating,154.41,8.875,8,311,311.0,0,0,0,At Risk (used to be loyal)
15227,37,5,1219.4,3,4,4,11,344,Loyal,243.88000000000002,12.931034482758621,43,317,63.4,1,0,0,Champions
15228,66,4,3386.71,3,4,5,12,345,Loyal,846.6775,18.04,110,295,73.75,1,1,0,Champions
15230,239,2,429.6,1,3,2,6,132,Others,214.8,15.26086956521739,23,241,120.5,0,0,0,At Risk (used to be loyal)
15232,113,2,612.06,2,3,3,8,233,Others,306.03000000000003,22.129032258064516,26,141,70.5,0,0,0,At Risk (used to be loyal)
15234,277,1,197.0,1,1,1,3,111,Hibernating,197.00000000000006,14.0,14,277,277.0,0,0,0,At Risk (used to be loyal)
15235,218,12,2247.51,1,5,5,11,155,At Risk,187.29250000000002,9.258741258741258,132,373,31.083333333333332,1,1,0,Champions
15236,299,1,321.05,1,1,2,4,112,Hibernating,321.04999999999995,17.933333333333334,15,299,299.0,0,0,0,At Risk (used to be loyal)
15237,2,4,1412.32,5,4,4,13,544,Champions,353.08000000000004,10.818181818181818,94,227,56.75,1,1,0,Champions
15238,29,3,1071.99,4,3,4,11,434,Others,357.33,13.84,49,184,61.333333333333336,1,0,0,Champions
15239,10,2,780.59,5,3,3,11,533,Others,390.295,12.122448979591837,48,79,39.5,2,1,0,Need Attention
15240,45,5,1706.57,3,4,4,11,344,Loyal,341.31399999999996,17.55128205128205,58,312,62.4,1,0,0,Champions
15241,67,8,1756.44,3,5,4,12,354,Loyal,219.555,16.527272727272727,82,284,35.5,1,1,0,Champions
15243,74,1,316.68,2,1,2,5,212,Hibernating,316.68,8.409090909090908,22,74,74.0,2,2,0,Need Attention
15244,65,2,631.57,3,3,3,9,333,Need Attention,315.78499999999997,11.911764705882353,31,248,124.0,0,0,0,At Risk (used to be loyal)
15245,134,3,2515.84,2,3,5,10,235,Others,838.6133333333333,20.04494382022472,55,261,87.0,1,0,0,Champions
15246,238,2,514.15,1,3,3,7,133,Others,257.075,7.484848484848484,32,359,179.5,0,0,0,At Risk (used to be loyal)
15247,122,1,356.0,2,1,2,5,212,Hibernating,356.0,26.666666666666668,6,122,122.0,0,2,0,At Risk (used to be loyal)
15249,32,13,6688.46,4,5,5,14,455,Champions,514.496923076923,10.22,211,257,19.76923076923077,1,1,0,Champions
15251,9,11,10484.99,5,5,5,15,555,Champions,953.180909090909,55.5945945945946,97,242,22.0,1,1,0,Champions
15252,36,2,740.78,3,3,3,9,333,Need Attention,370.39,11.863636363636363,44,183,91.5,0,0,0,At Risk (used to be loyal)
15253,16,5,918.1999999999999,4,4,3,11,443,Loyal,183.63999999999996,16.339622641509433,52,170,34.0,1,1,0,Champions
15254,127,1,300.36,2,1,2,5,212,Hibernating,300.36000000000007,15.277777777777779,18,127,127.0,0,2,0,At Risk (used to be loyal)
15255,67,1,890.85,3,1,3,7,313,Need Attention,890.85,10.404255319148936,47,67,67.0,2,2,0,Need Attention
15256,149,1,98.45,2,1,1,4,211,Hibernating,98.45,9.166666666666666,6,149,149.0,0,0,0,At Risk (used to be loyal)
15257,283,1,317.15,1,1,2,4,112,Hibernating,317.15,6.571428571428571,7,283,283.0,0,0,0,At Risk (used to be loyal)
15258,169,2,623.16,2,3,3,8,233,Others,311.58000000000004,4.176470588235294,32,217,108.5,0,0,0,At Risk (used to be loyal)
15260,100,7,1810.77,2,5,4,11,254,At Risk,258.68142857142857,11.493506493506494,62,373,53.285714285714285,1,0,0,Champions
15261,135,1,254.82,2,1,2,5,212,Hibernating,254.81999999999996,14.210526315789474,19,135,135.0,0,2,0,At Risk (used to be loyal)
15262,324,1,178.95000000000002,1,1,1,3,111,Hibernating,178.95000000000002,7.3,10,324,324.0,0,0,0,At Risk (used to be loyal)
15263,107,1,156.51,2,1,1,4,211,Hibernating,156.50999999999996,7.416666666666667,12,107,107.0,0,2,0,At Risk (used to be loyal)
15264,64,1,393.74,3,1,2,6,312,Need Attention,393.7400000000001,11.521739130434783,23,64,64.0,2,2,0,Need Attention
15265,151,2,1506.1200000000001,2,3,4,9,234,Others,753.06,7.463414634146342,76,236,118.0,0,0,0,At Risk (used to be loyal)
15266,338,1,119.3,1,1,1,3,111,Hibernating,119.30000000000001,3.0,6,338,338.0,0,0,0,At Risk (used to be loyal)
15267,22,5,1717.36,4,4,4,12,444,Champions,343.472,85.81818181818181,8,183,36.6,1,0,0,Champions
15269,24,1,408.8,4,1,2,7,412,New / Promising,408.8,13.0,2,24,24.0,2,2,0,Need Attention
15270,16,7,2379.49,4,5,5,14,455,Champions,339.9271428571428,37.09756097560975,22,310,44.285714285714285,1,0,0,Champions
15271,7,15,2507.07,5,5,5,15,555,Champions,167.138,4.605839416058394,184,365,24.333333333333332,1,1,0,Champions
15272,57,2,721.94,3,3,3,9,333,Need Attention,360.97,4.920634920634921,63,86,43.0,2,2,0,Need Attention
15274,4,2,716.57,5,3,3,11,533,Others,358.285,13.170212765957446,44,18,9.0,2,2,0,Need Attention
15275,38,1,615.14,3,1,3,7,313,Need Attention,615.14,12.146341463414634,41,38,38.0,2,2,0,Need Attention
15276,66,1,135.31,3,1,1,5,311,Need Attention,135.31,1.2307692307692308,49,66,66.0,2,2,0,Need Attention
15277,47,1,255.89999999999998,3,1,2,6,312,Need Attention,255.89999999999998,17.083333333333332,12,47,47.0,2,2,0,Need Attention
15279,355,1,290.51,1,1,2,4,112,Hibernating,290.51,9.947368421052632,19,355,355.0,0,0,0,At Risk (used to be loyal)
15280,172,1,113.12,2,1,1,4,211,Hibernating,113.12,9.625,16,172,172.0,0,0,0,At Risk (used to be loyal)
15281,59,9,2332.15,3,5,5,13,355,Loyal,259.12777777777774,8.712230215827338,121,333,37.0,1,1,0,Champions
15286,50,1,240.55,3,1,1,5,311,Need Attention,240.55,18.333333333333332,3,50,50.0,2,2,0,Need Attention
15287,22,2,486.69,4,3,2,9,432,Others,243.345,21.65,17,71,35.5,2,2,0,Need Attention
15288,43,5,2306.52,3,4,5,12,345,Loyal,461.3040000000001,8.806818181818182,80,365,73.0,1,0,0,Champions
15289,29,3,939.78,4,3,3,10,433,Others,313.26,17.379310344827587,43,250,83.33333333333333,1,0,0,Champions
15290,5,18,7943.22,5,5,5,15,555,Champions,441.28999999999996,22.063725490196077,93,359,19.944444444444443,1,1,0,Champions
15291,26,15,4668.3,4,5,5,14,455,Champions,311.2200000000001,20.41747572815534,62,374,24.933333333333334,1,1,0,Champions
15292,201,1,180.94,1,1,1,3,111,Hibernating,180.94,2.24,24,201,201.0,0,0,0,At Risk (used to be loyal)
15296,51,6,3672.86,3,5,5,13,355,Loyal,612.1433333333333,9.103092783505154,137,327,54.5,1,1,0,Champions
15297,10,3,641.94,5,3,3,11,533,Others,213.98000000000002,7.487179487179487,30,64,21.333333333333332,2,1,0,Need Attention
15298,2,12,4799.9,5,5,5,15,555,Champions,399.9916666666666,16.229166666666668,115,366,30.5,1,1,0,Champions
15299,67,7,4507.01,3,5,5,13,355,Loyal,643.8585714285715,421.14285714285717,7,372,53.142857142857146,1,0,-1,Champions
15300,64,1,496.44,3,1,3,7,313,Need Attention,496.43999999999994,10.428571428571429,28,64,64.0,2,2,0,Need Attention
15301,51,12,5070.35,3,5,5,13,355,Loyal,422.52916666666664,11.419753086419753,167,369,30.75,1,1,0,Champions
15303,290,1,574.02,1,1,3,5,113,Others,574.02,8.0,31,290,290.0,0,0,0,At Risk (used to be loyal)
15304,61,8,694.4000000000001,3,5,3,11,353,Loyal,86.80000000000003,4.521739130434782,8,369,46.125,0,1,0,At Risk (used to be loyal)
15306,64,3,1174.35,3,3,4,10,334,Need Attention,391.45,13.96551724137931,57,148,49.333333333333336,1,0,0,Champions
15307,96,1,205.3,2,1,1,4,211,Hibernating,205.3,3.0833333333333335,12,96,96.0,0,0,0,At Risk (used to be loyal)
15308,274,1,310.47,1,1,2,4,112,Hibernating,310.46999999999997,9.210526315789474,19,274,274.0,0,0,0,At Risk (used to be loyal)
15311,1,91,60767.9,5,5,5,15,555,Champions,667.7791208791208,16.05464480874317,567,374,4.1098901098901095,1,1,-1,Champions
15312,75,4,924.85,2,4,3,9,243,At Risk,231.2125,10.97872340425532,42,354,88.5,0,0,0,At Risk (used to be loyal)
15313,110,1,52.0,2,1,1,4,211,Hibernating,52.0,25.0,1,110,110.0,0,0,0,At Risk (used to be loyal)
15314,199,1,327.97,1,1,2,4,112,Hibernating,327.96999999999997,13.041666666666666,24,199,199.0,0,0,0,At Risk (used to be loyal)
15315,64,2,570.5,3,3,3,9,333,Need Attention,285.25000000000006,23.2972972972973,35,116,58.0,0,0,0,At Risk (used to be loyal)
15316,327,1,165.0,1,1,1,3,111,Hibernating,165.0,100.0,1,327,327.0,0,0,0,At Risk (used to be loyal)
15318,4,1,312.62,5,1,2,8,512,New / Promising,312.62,19.454545454545453,33,4,4.0,2,2,1,Need Attention
15319,284,1,204.5,1,1,1,3,111,Hibernating,204.5,10.9375,16,284,284.0,0,0,0,At Risk (used to be loyal)
15320,44,1,267.13,3,1,2,6,312,Need Attention,267.13000000000005,9.055555555555555,36,44,44.0,2,2,0,Need Attention
15321,71,3,2748.31,3,3,5,11,335,Need Attention,916.1033333333335,12.43157894736842,83,292,97.33333333333333,1,1,0,Champions
15322,86,1,679.68,2,1,3,6,213,Others,679.68,9.904761904761905,42,86,86.0,2,2,0,Need Attention
15325,104,1,162.29,2,1,1,4,211,Hibernating,162.29000000000002,4.73469387755102,47,104,104.0,0,0,0,At Risk (used to be loyal)
15326,334,1,311.71,1,1,2,4,112,Hibernating,311.7099999999999,13.310344827586206,29,334,334.0,0,0,0,At Risk (used to be loyal)
15327,53,1,208.75,3,1,1,5,311,Need Attention,208.75,11.6,10,53,53.0,2,2,0,Need Attention
15329,39,3,1049.7,3,3,4,10,334,Need Attention,349.90000000000003,8.526315789473685,51,172,57.333333333333336,1,0,0,Champions
15330,32,2,714.96,4,3,3,10,433,Others,357.47999999999996,100.92307692307692,10,61,30.5,2,2,-1,Need Attention
15332,366,4,1661.06,1,4,4,9,144,At Risk,415.265,18.62857142857143,29,370,92.5,0,0,0,At Risk (used to be loyal)
15333,208,1,1028.56,1,1,4,6,114,Others,1028.56,21.5,16,208,208.0,0,0,0,At Risk (used to be loyal)
15334,157,3,351.67,2,3,2,7,232,Others,117.22333333333334,2.7676767676767677,67,173,57.666666666666664,0,0,0,At Risk (used to be loyal)
15335,54,1,173.97,3,1,1,5,311,Need Attention,173.97,2.2222222222222223,34,54,54.0,2,2,0,Need Attention
15339,66,2,574.07,3,3,3,9,333,Need Attention,287.03499999999997,4.837209302325581,77,318,159.0,0,0,0,At Risk (used to be loyal)
15341,81,1,2020.52,2,1,4,7,214,Others,2020.52,47.76470588235294,17,81,81.0,2,0,0,Need Attention
15342,130,1,406.09,2,1,2,5,212,Hibernating,406.09,11.791666666666666,24,130,130.0,0,2,0,At Risk (used to be loyal)
15343,87,1,364.5,2,1,2,5,212,Hibernating,364.5,4.0,21,87,87.0,0,2,0,At Risk (used to be loyal)
15344,1,3,563.94,5,3,3,11,533,Others,187.98,4.461538461538462,21,74,24.666666666666668,2,1,0,Need Attention
15345,46,1,393.54,3,1,2,6,312,Need Attention,393.53999999999996,4.05,20,46,46.0,2,2,0,Need Attention
15346,333,1,252.42000000000002,1,1,2,4,112,Hibernating,252.42000000000002,8.470588235294118,17,333,333.0,0,0,0,At Risk (used to be loyal)
15347,366,1,201.60000000000002,1,1,1,3,111,Hibernating,201.59999999999997,26.0,5,366,366.0,0,0,0,At Risk (used to be loyal)
15348,72,1,158.04,3,1,1,5,311,Need Attention,158.04,9.333333333333334,9,72,72.0,2,2,0,Need Attention
15349,158,2,473.81,2,3,2,7,232,Others,236.90499999999997,4.541666666666667,65,187,93.5,0,0,0,At Risk (used to be loyal)
15350,373,1,115.65,1,1,1,3,111,Hibernating,115.65,10.2,5,373,373.0,0,0,0,At Risk (used to be loyal)
15351,12,7,1960.1100000000001,5,5,4,14,554,Champions,280.0157142857143,3.3466666666666667,157,370,52.857142857142854,1,1,0,Champions
15353,255,2,777.02,1,3,3,7,133,Others,388.5100000000001,5.444444444444445,59,368,184.0,0,0,0,At Risk (used to be loyal)
15355,29,2,277.05,4,3,2,9,432,Others,138.52500000000003,3.2142857142857144,9,53,26.5,2,1,0,Need Attention
15356,31,10,2766.5,4,5,5,14,455,Champions,276.65,3.2235067437379574,215,368,36.8,1,1,0,Champions
15358,5,22,8347.2,5,5,5,15,555,Champions,379.41818181818184,12.79491833030853,292,366,16.636363636363637,1,1,0,Champions
15360,40,1,427.93,3,1,2,6,312,Need Attention,427.92999999999995,17.153846153846153,13,40,40.0,2,2,0,Need Attention
15361,362,1,418.92,1,1,2,4,112,Hibernating,418.9200000000001,48.0,7,362,362.0,0,0,0,At Risk (used to be loyal)
15363,373,1,326.0,1,1,2,4,112,Hibernating,326.0,9.0,16,373,373.0,0,0,0,At Risk (used to be loyal)
15364,96,2,913.19,2,3,3,8,233,Others,456.5950000000001,17.0,29,254,127.0,0,0,0,At Risk (used to be loyal)
15365,26,7,2314.32,4,5,5,14,455,Champions,330.6171428571429,9.508771929824562,65,315,45.0,1,1,0,Champions
15366,75,2,602.51,2,3,3,8,233,Others,301.25500000000005,14.113636363636363,37,358,179.0,0,0,0,At Risk (used to be loyal)
15367,57,4,1877.59,3,4,4,11,344,Loyal,469.3975000000001,11.126315789473685,91,275,68.75,1,0,0,Champions
15368,21,1,446.94000000000005,4,1,2,7,412,New / Promising,446.94000000000005,57.5,4,21,21.0,2,0,-1,Need Attention
15370,41,7,2386.05,3,5,5,13,355,Loyal,340.86428571428576,8.829787234042554,65,333,47.57142857142857,1,1,0,Champions
15372,137,1,2007.3999999999999,2,1,4,7,214,Others,2007.4,108.29629629629629,27,137,137.0,0,0,-1,At Risk (used to be loyal)
15373,8,12,2415.91,5,5,5,15,555,Champions,201.32583333333335,3.787878787878788,74,371,30.916666666666668,1,1,0,Champions
15374,129,1,168.0,2,1,1,4,211,Hibernating,168.0,42.0,3,129,129.0,0,0,0,At Risk (used to be loyal)
15376,40,3,1233.3600000000001,3,3,4,10,334,Need Attention,411.1199999999999,5.2905982905982905,100,222,74.0,1,0,0,Champions
15379,169,7,3703.29,2,5,5,12,255,At Risk,529.0414285714286,11.881443298969073,145,358,51.142857142857146,1,1,0,Champions
15380,9,5,1690.2600000000002,5,4,4,13,544,Champions,338.052,10.444444444444445,22,365,73.0,1,1,0,Champions
15381,214,2,596.85,1,3,3,7,133,Others,298.425,21.375,8,268,134.0,0,0,0,At Risk (used to be loyal)
15382,15,6,5955.71,4,5,5,14,455,Champions,992.6183333333332,13.28476821192053,193,296,49.333333333333336,1,1,0,Champions
15384,170,2,642.41,2,3,3,8,233,Others,321.205,14.536585365853659,34,360,180.0,0,0,0,At Risk (used to be loyal)
15385,40,1,316.88,3,1,2,6,312,Need Attention,316.88,13.416666666666666,12,40,40.0,2,2,0,Need Attention
15386,186,1,394.14,1,1,2,4,112,Hibernating,394.14,14.387096774193548,31,186,186.0,0,0,0,At Risk (used to be loyal)
15388,270,1,140.54,1,1,1,3,111,Hibernating,140.54,8.8,10,270,270.0,0,0,0,At Risk (used to be loyal)
15389,172,1,500.0,2,1,3,6,213,Others,500.0,400.0,1,172,172.0,0,0,-1,At Risk (used to be loyal)
15392,5,4,1535.53,5,4,4,13,544,Champions,383.8825,15.202380952380953,74,360,90.0,1,1,0,Champions
15393,16,2,231.86,4,3,1,8,431,Others,115.93,12.5,10,281,140.5,0,0,0,At Risk (used to be loyal)
15394,10,4,2183.54,5,4,5,14,545,Champions,545.8850000000001,10.705882352941176,54,359,89.75,1,1,0,Champions
15395,326,1,107.45,1,1,1,3,111,Hibernating,107.45000000000002,2.4285714285714284,7,326,326.0,0,0,0,At Risk (used to be loyal)
15396,113,1,288.18,2,1,2,5,212,Hibernating,288.17999999999995,8.714285714285714,14,113,113.0,0,2,0,At Risk (used to be loyal)
15397,290,1,94.0,1,1,1,3,111,Hibernating,94.0,3.3333333333333335,6,290,290.0,0,0,0,At Risk (used to be loyal)
15398,16,2,1345.53,4,3,4,11,434,Others,672.7650000000001,10.534246575342467,60,78,39.0,2,1,0,Need Attention
15399,1,3,815.77,5,3,3,11,533,Others,271.92333333333335,12.22,45,79,26.333333333333332,2,1,0,Need Attention
15400,92,5,716.2,2,4,3,9,243,At Risk,143.24,32.5,10,279,55.8,0,0,0,At Risk (used to be loyal)
15402,149,2,626.77,2,3,3,8,233,Others,313.385,16.523809523809526,35,196,98.0,0,0,0,At Risk (used to be loyal)
15405,189,1,349.1,1,1,2,4,112,Hibernating,349.1,24.125,8,189,189.0,0,0,0,At Risk (used to be loyal)
15406,31,2,510.71000000000004,4,3,3,10,433,Others,255.35500000000002,4.7924528301886795,51,301,150.5,0,0,0,At Risk (used to be loyal)
15407,34,4,1056.44,3,4,4,11,344,Loyal,264.11,3.6470588235294117,142,305,76.25,1,1,0,Champions
15408,264,1,267.18,1,1,2,4,112,Hibernating,267.18,3.1176470588235294,34,264,264.0,0,0,0,At Risk (used to be loyal)
15410,84,8,3450.84,2,5,5,12,255,At Risk,431.3550000000001,9.836065573770492,48,262,32.75,1,1,0,Champions
15411,26,4,1358.88,4,4,4,12,444,Champions,339.72,5.353535353535354,86,183,45.75,1,1,0,Champions
15412,171,1,190.53,2,1,1,4,211,Hibernating,190.53,10.8,10,171,171.0,0,2,0,At Risk (used to be loyal)
15414,10,3,774.9000000000001,5,3,3,11,533,Others,258.3,11.35897435897436,37,242,80.66666666666667,1,0,0,Champions
15415,313,1,572.8100000000001,1,1,3,5,113,Others,572.81,11.979166666666666,46,313,313.0,0,0,0,At Risk (used to be loyal)
15416,65,4,3984.32,3,4,5,12,345,Loyal,996.0799999999999,10.885416666666666,165,283,70.75,1,1,0,Champions
15417,85,1,508.8,2,1,3,6,213,Others,508.80000000000007,10.142857142857142,28,85,85.0,0,2,0,At Risk (used to be loyal)
15419,25,1,135.86,4,1,1,6,411,New / Promising,135.85999999999999,28.75,8,25,25.0,2,2,0,Need Attention
15421,59,4,950.36,3,4,4,11,344,Loyal,237.59,9.433962264150944,40,310,77.5,0,0,0,At Risk (used to be loyal)
15422,323,2,97.7,1,3,1,5,131,Others,48.85,6.333333333333333,6,323,161.5,0,0,0,At Risk (used to be loyal)
15423,38,1,43.5,3,1,1,5,311,Need Attention,43.5,50.5,2,38,38.0,2,2,-1,Need Attention
15424,254,2,383.34,1,3,2,6,132,Others,191.67000000000002,32.588235294117645,17,254,127.0,0,0,0,At Risk (used to be loyal)
15426,19,5,1447.39,4,4,4,12,444,Champions,289.47800000000007,2.308219178082192,217,369,73.8,1,1,0,Champions
15427,33,3,1483.14,4,3,4,11,434,Others,494.38000000000005,3.310457516339869,233,47,15.666666666666666,2,2,0,Need Attention
15428,15,1,93.78,4,1,1,6,411,New / Promising,93.78,17.0,6,15,15.0,2,2,0,Need Attention
15429,27,2,397.35,4,3,2,9,432,Others,198.675,4.634146341463414,77,75,37.5,2,1,0,Need Attention
15432,23,1,171.19,4,1,1,6,411,New / Promising,171.19,6.5,10,23,23.0,2,2,0,Need Attention
15433,214,2,533.3,1,3,3,7,133,Others,266.65,13.024390243902438,40,267,133.5,0,0,0,At Risk (used to be loyal)
15434,8,5,1041.48,5,4,4,13,544,Champions,208.296,11.763636363636364,40,200,40.0,1,1,0,Champions
15435,22,1,149.29,4,1,1,6,411,New / Promising,149.29000000000002,1.8620689655172413,29,22,22.0,2,2,0,Need Attention
15436,12,3,1122.53,5,3,4,12,534,Others,374.17666666666673,1.8632218844984803,243,234,78.0,1,1,0,Champions
15437,262,1,200.16,1,1,1,3,111,Hibernating,200.16,1.7555555555555555,44,262,262.0,0,0,0,At Risk (used to be loyal)
15438,131,1,156.57999999999998,2,1,1,4,211,Hibernating,156.57999999999998,2.36,25,131,131.0,0,0,0,At Risk (used to be loyal)
15440,55,3,383.68,3,3,2,8,332,Need Attention,127.89333333333333,3.1774193548387095,50,209,69.66666666666667,0,0,0,At Risk (used to be loyal)
15442,249,1,594.0,1,1,3,5,113,Others,594.0,60.0,2,249,249.0,0,0,0,At Risk (used to be loyal)
15443,2,7,3236.91,5,5,5,15,555,Champions,462.41571428571433,4.353403141361256,237,320,45.714285714285715,1,1,0,Champions
15444,9,2,1418.26,5,3,4,12,534,Others,709.1300000000001,3.4885844748858448,191,40,20.0,2,2,0,Need Attention
15445,264,1,113.5,1,1,1,3,111,Hibernating,113.5,11.6,5,264,264.0,0,0,0,At Risk (used to be loyal)
15447,331,1,155.17,1,1,1,3,111,Hibernating,155.17,9.444444444444445,9,331,331.0,0,0,0,At Risk (used to be loyal)
15448,313,1,494.64,1,1,3,5,113,Others,494.64,8.285714285714286,28,313,313.0,0,0,0,At Risk (used to be loyal)
15449,26,3,974.52,4,3,4,11,434,Others,324.84000000000003,13.533333333333333,47,262,87.33333333333333,1,0,0,Champions
15450,30,1,429.84,4,1,2,7,412,New / Promising,429.84,12.533333333333333,30,30,30.0,2,2,0,Need Attention
15452,30,3,538.73,4,3,3,10,433,Others,179.57666666666663,4.879310344827586,47,264,88.0,0,0,0,At Risk (used to be loyal)
15453,2,7,1388.37,5,5,4,14,554,Champions,198.3385714285714,2.9545454545454546,169,188,26.857142857142858,1,1,0,Champions
15454,362,1,179.1,1,1,1,3,111,Hibernating,179.10000000000002,3.44,23,362,362.0,0,0,0,At Risk (used to be loyal)
15456,283,3,447.22,1,3,2,6,132,Others,149.07333333333335,11.0,48,359,119.66666666666667,0,0,0,At Risk (used to be loyal)
15457,262,1,237.07,1,1,1,3,111,Hibernating,237.07,2.2758620689655173,56,262,262.0,0,0,0,At Risk (used to be loyal)
15458,25,1,161.64,4,1,1,6,411,New / Promising,161.64,22.285714285714285,7,25,25.0,2,2,0,Need Attention
15460,354,1,216.76,1,1,1,3,111,Hibernating,216.76,1.8793103448275863,53,354,354.0,0,0,0,At Risk (used to be loyal)
15462,94,3,234.6,2,3,1,6,231,Others,78.2,15.636363636363637,9,187,62.333333333333336,0,0,0,At Risk (used to be loyal)
15463,29,1,126.14,4,1,1,6,411,New / Promising,126.14,15.142857142857142,7,29,29.0,2,2,0,Need Attention
15464,338,1,1048.85,1,1,4,6,114,Others,1048.85,2.229299363057325,155,338,338.0,0,0,-1,At Risk (used to be loyal)
15465,20,18,7354.62,4,5,5,14,455,Champions,408.5899999999999,12.958762886597938,43,370,20.555555555555557,1,1,0,Champions
15466,85,1,334.53,2,1,2,5,212,Hibernating,334.53000000000003,4.315789473684211,56,85,85.0,2,2,0,Need Attention
15467,9,3,524.88,5,3,3,11,533,Others,174.96,5.961538461538462,41,152,50.666666666666664,2,1,0,Need Attention
15468,51,2,467.51,3,3,2,8,332,Need Attention,233.755,6.458333333333333,24,51,25.5,2,1,0,Need Attention
15469,50,2,538.55,3,3,3,9,333,Need Attention,269.27500000000003,6.375,24,120,60.0,2,1,0,Need Attention
15471,2,1,469.48,5,1,2,8,512,New / Promising,469.4799999999999,3.4545454545454546,67,2,2.0,2,2,-1,Need Attention
15472,113,1,371.56,2,1,2,5,212,Hibernating,371.5600000000001,3.3026315789473686,76,113,113.0,0,0,0,At Risk (used to be loyal)
15473,14,7,1771.2,4,5,4,13,454,Champions,253.02857142857144,61.09090909090909,4,61,8.714285714285714,2,0,-1,Need Attention
15475,77,1,454.10999999999996,2,1,2,5,212,Hibernating,454.10999999999996,11.0,29,77,77.0,2,2,0,Need Attention
15478,40,2,1441.42,3,3,4,10,334,Need Attention,720.7099999999999,12.717391304347826,34,57,28.5,2,1,0,Need Attention
15480,116,1,905.5,2,1,3,6,213,Others,905.5,6.733333333333333,45,116,116.0,0,2,0,At Risk (used to be loyal)
15482,16,12,11054.96,4,5,5,14,455,Champions,921.2466666666668,51.224489795918366,46,359,29.916666666666668,1,1,0,Champions
15483,161,4,233.81,2,4,1,7,241,At Risk,58.4525,3.352272727272727,74,267,66.75,0,0,0,At Risk (used to be loyal)
15484,1,4,3594.31,5,4,5,14,545,Champions,898.5775000000001,16.76595744680851,135,78,19.5,1,1,0,Champions
15485,30,3,2575.0,4,3,5,12,435,Others,858.3333333333334,15.186046511627907,59,373,124.33333333333333,1,1,0,Champions
15488,93,1,91.32000000000001,2,1,1,4,211,Hibernating,91.32000000000001,36.5,2,93,93.0,0,0,0,At Risk (used to be loyal)
15489,23,3,1134.28,4,3,4,11,434,Others,378.0933333333333,12.16,47,211,70.33333333333333,1,0,0,Champions
15491,95,6,3100.09,2,5,5,12,255,At Risk,516.6816666666667,10.688311688311689,108,236,39.333333333333336,1,1,0,Champions
15492,28,2,659.4599999999999,4,3,3,10,433,Others,329.7299999999999,13.8,32,74,37.0,2,1,0,Need Attention
15493,33,5,2001.8,4,4,4,12,444,Champions,400.36,1.8855218855218856,177,271,54.2,1,1,0,Champions
15494,21,2,1299.23,4,3,4,11,434,Others,649.615,9.184,120,121,60.5,1,1,0,Champions
15497,18,2,1262.2,4,3,4,11,434,Others,631.1,41.6,13,320,160.0,0,0,0,At Risk (used to be loyal)
15498,3,27,13316.4,5,5,5,15,555,Champions,493.20000000000005,11.923828125,360,367,13.592592592592593,1,1,0,Champions
15500,8,4,1131.56,5,4,4,13,544,Champions,282.89000000000004,8.411764705882353,64,81,20.25,1,1,0,Champions
15502,16,12,10384.93,4,5,5,14,455,Champions,865.4108333333332,19.887323943661972,164,369,30.75,1,1,0,Champions
15503,363,1,147.09,1,1,1,3,111,Hibernating,147.09,1.0571428571428572,66,363,363.0,0,0,0,At Risk (used to be loyal)
15504,81,1,52.83,2,1,1,4,211,Hibernating,52.83,2.5384615384615383,13,81,81.0,0,2,0,At Risk (used to be loyal)
15505,53,5,3610.96,3,4,5,12,345,Loyal,722.192,24.63917525773196,90,155,31.0,1,1,0,Champions
15506,23,3,979.26,4,3,4,11,434,Others,326.42,5.170731707317073,121,139,46.333333333333336,1,1,0,Champions
15507,172,1,492.36,2,1,3,6,213,Others,492.36000000000007,3.5217391304347827,41,172,172.0,0,2,0,At Risk (used to be loyal)
15508,189,6,1000.27,1,5,4,10,154,At Risk,166.71166666666667,4.782608695652174,78,235,39.166666666666664,1,1,0,Champions
15510,331,1,250.0,1,1,1,3,111,Hibernating,250.0,2.0,1,331,331.0,0,0,0,At Risk (used to be loyal)
15511,12,5,909.23,5,4,3,12,543,Loyal,181.846,1.69375,117,85,17.0,1,1,0,Champions
15512,156,2,121.0,2,3,1,6,231,Others,60.5,9.714285714285714,7,360,180.0,0,0,0,At Risk (used to be loyal)
15513,33,19,14758.220000000001,4,5,5,14,455,Champions,776.7484210526316,18.535714285714285,183,374,19.68421052631579,1,1,0,Champions
15514,12,11,4139.46,5,5,5,15,555,Champions,376.31454545454557,12.134831460674157,96,364,33.09090909090909,1,1,0,Champions
15516,45,3,62.43,3,3,1,7,331,Need Attention,20.81,1.8,15,47,15.666666666666666,2,2,-1,Need Attention
15517,233,1,267.03,1,1,2,4,112,Hibernating,267.03000000000003,10.851851851851851,27,233,233.0,0,0,0,At Risk (used to be loyal)
15518,64,8,1942.45,3,5,4,12,354,Loyal,242.80624999999998,5.9485981308411215,135,332,41.5,1,1,0,Champions
15520,2,1,343.5,5,1,2,8,512,New / Promising,343.5,17.444444444444443,18,2,2.0,2,2,-1,Need Attention
15521,40,8,3000.2,3,5,5,13,355,Loyal,375.02500000000003,9.924324324324324,116,255,31.875,1,1,0,Champions
15522,33,2,398.84,4,3,2,9,432,Others,199.42000000000002,10.052631578947368,47,88,44.0,2,1,0,Need Attention
15523,84,1,412.01000000000005,2,1,2,5,212,Hibernating,412.01,13.2,10,84,84.0,0,2,0,At Risk (used to be loyal)
15524,25,1,440.0,4,1,2,7,412,New / Promising,440.0,4.0,1,25,25.0,2,2,0,Need Attention
15525,2,3,825.92,5,3,3,11,533,Others,275.3066666666667,2.337078651685393,133,373,124.33333333333333,1,1,0,Champions
15526,33,2,148.44,4,3,1,8,431,Others,74.22,6.0,4,33,16.5,2,2,0,Need Attention
15527,19,8,2429.78,4,5,5,14,455,Champions,303.7225000000001,6.085889570552148,127,354,44.25,1,1,0,Champions
15528,254,1,229.33,1,1,1,3,111,Hibernating,229.32999999999998,4.730769230769231,26,254,254.0,0,0,0,At Risk (used to be loyal)
15529,23,11,3995.23,4,5,5,14,455,Champions,363.20272727272726,5.2023809523809526,415,367,33.36363636363637,1,1,0,Champions
15530,22,4,1502.35,4,4,4,12,444,Champions,375.5875000000001,8.796296296296296,90,247,61.75,1,0,0,Champions
15531,8,2,2007.44,5,3,4,12,534,Others,1003.7199999999998,4.8464912280701755,196,30,15.0,2,2,-1,Need Attention
15532,25,4,1580.93,4,4,4,12,444,Champions,395.2325,2.03515625,205,358,89.5,1,1,0,Champions
15533,19,3,807.57,4,3,3,10,433,Others,269.19,3.4819277108433737,73,89,29.666666666666668,2,1,0,Need Attention
15535,173,4,536.4,2,4,3,9,243,At Risk,134.10000000000005,1.9066666666666667,55,328,82.0,0,0,0,At Risk (used to be loyal)
15537,163,1,110.92,2,1,1,4,211,Hibernating,110.92000000000002,1.2083333333333333,24,163,163.0,0,0,0,At Risk (used to be loyal)
15539,7,1,538.46,5,1,3,9,513,New / Promising,538.46,10.0,41,7,7.0,2,2,0,Need Attention
15540,11,1,213.3,5,1,1,7,511,New / Promising,213.30000000000004,13.333333333333334,15,11,11.0,2,2,0,Need Attention
15541,114,1,85.13000000000001,2,1,1,4,211,Hibernating,85.13,1.6896551724137931,29,114,114.0,0,0,0,At Risk (used to be loyal)
15543,288,1,127.86,1,1,1,3,111,Hibernating,127.86,3.0714285714285716,26,288,288.0,0,0,0,At Risk (used to be loyal)
15544,9,9,3546.71,5,5,5,15,555,Champions,394.07888888888897,12.003861003861005,122,373,41.44444444444444,1,1,0,Champions
15545,54,2,292.71999999999997,3,3,2,8,332,Need Attention,146.35999999999999,2.0123456790123457,78,371,185.5,0,0,0,At Risk (used to be loyal)
15547,7,14,4954.84,5,5,5,15,555,Champions,353.9171428571429,5.743589743589744,441,362,25.857142857142858,1,1,0,Champions
15549,77,3,1693.26,2,3,4,9,234,Others,564.42,6.069565217391304,104,316,105.33333333333333,1,0,0,Champions
15550,4,4,575.63,5,4,3,12,543,Loyal,143.90750000000006,4.836065573770492,43,302,75.5,1,1,0,Champions
15551,37,1,436.06,3,1,2,6,312,Need Attention,436.05999999999995,7.517241379310345,29,37,37.0,2,2,0,Need Attention
15552,217,1,90.12,1,1,1,3,111,Hibernating,90.12,3.5294117647058822,17,217,217.0,0,0,0,At Risk (used to be loyal)
15553,60,1,437.23,3,1,2,6,312,Need Attention,437.23,8.053571428571429,51,60,60.0,2,2,0,Need Attention
15554,278,1,217.2,1,1,1,3,111,Hibernating,217.2,5.285714285714286,14,278,278.0,0,0,0,At Risk (used to be loyal)
15555,12,16,4805.17,5,5,5,15,555,Champions,300.323125,4.9377085650723025,401,369,23.0625,1,1,0,Champions
15556,24,1,279.77,4,1,2,7,412,New / Promising,279.77,7.612903225806452,31,24,24.0,2,2,0,Need Attention
15557,29,1,473.65000000000003,4,1,2,7,412,New / Promising,473.65,10.95,16,29,29.0,2,2,0,Need Attention
15561,12,4,800.59,5,4,3,12,543,Loyal,200.14749999999998,9.88888888888889,27,216,54.0,1,1,0,Champions
15562,352,1,134.55,1,1,1,3,111,Hibernating,134.55,39.0,1,352,352.0,0,0,0,At Risk (used to be loyal)
15563,22,4,1400.44,4,4,4,12,444,Champions,350.11,13.283185840707965,88,359,89.75,1,0,0,Champions
15565,50,2,173.16,3,3,1,7,331,Need Attention,86.58000000000001,7.5,8,71,35.5,2,2,0,Need Attention
15567,19,1,186.01,4,1,1,6,411,New / Promising,186.01000000000002,31.857142857142858,7,19,19.0,2,2,0,Need Attention
15568,3,3,758.29,5,3,3,11,533,Others,252.76333333333332,8.69811320754717,27,73,24.333333333333332,2,1,0,Need Attention
15569,104,5,1375.71,2,4,4,10,244,At Risk,275.142,21.483870967741936,27,332,66.4,1,0,0,Champions
15570,7,12,4165.52,5,5,5,15,555,Champions,347.1266666666667,6.3993808049535605,231,369,30.75,1,1,0,Champions
15571,12,4,650.4300000000001,5,4,3,12,543,Loyal,162.60750000000002,4.631578947368421,47,78,19.5,2,1,0,Need Attention
15572,5,7,2552.86,5,5,5,15,555,Champions,364.69428571428574,5.716279069767442,166,278,39.714285714285715,1,1,0,Champions
15573,32,2,607.45,4,3,3,10,433,Others,303.725,3.4903846153846154,88,86,43.0,2,2,0,Need Attention
15574,178,4,702.25,2,4,3,9,243,At Risk,175.5625,2.0773809523809526,131,372,93.0,0,0,0,At Risk (used to be loyal)
15576,38,1,940.6700000000001,3,1,3,7,313,Need Attention,940.6700000000001,8.977777777777778,43,38,38.0,2,2,0,Need Attention
15577,151,3,258.88,2,3,2,7,232,Others,86.29333333333335,2.282051282051282,39,305,101.66666666666667,0,0,0,At Risk (used to be loyal)
15578,162,1,127.1,2,1,1,4,211,Hibernating,127.1,4.0,13,162,162.0,0,0,0,At Risk (used to be loyal)
15579,69,2,348.6,3,3,2,8,332,Need Attention,174.29999999999998,2.3529411764705883,45,314,157.0,0,0,0,At Risk (used to be loyal)
15581,121,13,3679.9700000000003,2,5,5,12,255,At Risk,283.0746153846154,1.919463087248322,134,366,28.153846153846153,1,1,0,Champions
15582,25,3,682.9100000000001,4,3,3,10,433,Others,227.63666666666668,10.295454545454545,39,220,73.33333333333333,0,0,0,At Risk (used to be loyal)
15584,24,4,725.11,4,4,3,11,443,Loyal,181.2775,2.5528455284552845,89,162,40.5,1,0,0,Champions
15585,177,1,455.3,2,1,2,5,212,Hibernating,455.29999999999995,10.32258064516129,31,177,177.0,0,0,0,At Risk (used to be loyal)
15587,50,4,913.6800000000001,3,4,3,10,343,Loyal,228.42000000000002,34.666666666666664,3,352,88.0,0,0,0,At Risk (used to be loyal)
15589,256,3,478.53000000000003,1,3,2,6,132,Others,159.51,8.379310344827585,28,311,103.66666666666667,0,0,0,At Risk (used to be loyal)
15592,47,1,388.58,3,1,2,6,312,Need Attention,388.58,14.75,24,47,47.0,2,2,0,Need Attention
15593,71,1,199.8,3,1,1,5,311,Need Attention,199.8,12.0,5,71,71.0,2,2,0,Need Attention
15594,16,5,1771.78,4,4,4,12,444,Champions,354.35600000000005,9.54368932038835,85,235,47.0,1,1,0,Champions
15596,101,5,1406.59,2,4,4,10,244,At Risk,281.31800000000004,7.285714285714286,51,365,73.0,1,0,0,Champions
15597,35,1,324.57,3,1,2,6,312,Need Attention,324.57,12.681818181818182,22,35,35.0,2,2,0,Need Attention
15598,53,1,240.68,3,1,1,5,311,Need Attention,240.68,11.428571428571429,14,53,53.0,2,2,0,Need Attention
15599,27,2,761.74,4,3,3,10,433,Others,380.87,13.807692307692308,50,204,102.0,0,0,0,At Risk (used to be loyal)
15601,11,14,6776.56,5,5,5,15,555,Champions,484.04,12.153658536585366,230,373,26.642857142857142,1,1,0,Champions
15602,8,9,1297.8700000000001,5,5,4,14,554,Champions,144.20777777777778,24.717391304347824,30,368,40.888888888888886,1,1,0,Champions
15603,79,1,48.480000000000004,2,1,1,4,211,Hibernating,48.480000000000004,48.0,2,79,79.0,0,0,0,At Risk (used to be loyal)
15604,52,1,216.39,3,1,1,5,311,Need Attention,216.39,9.352941176470589,17,52,52.0,2,2,0,Need Attention
15605,36,5,1198.23,3,4,4,11,344,Loyal,239.64600000000002,6.582089552238806,61,373,74.6,1,0,0,Champions
15606,61,9,2920.16,3,5,5,13,355,Loyal,324.4622222222222,11.584415584415584,48,325,36.111111111111114,1,1,0,Champions
15607,337,1,104.76,1,1,1,3,111,Hibernating,104.76,15.538461538461538,13,337,337.0,0,0,0,At Risk (used to be loyal)
15608,28,4,1093.68,4,4,4,12,444,Champions,273.42,11.9,59,121,30.25,1,1,0,Champions
15609,184,1,298.48,1,1,2,4,112,Hibernating,298.48,9.25,16,184,184.0,0,0,0,At Risk (used to be loyal)
15610,52,1,112.46000000000001,3,1,1,5,311,Need Attention,112.46,11.0,6,52,52.0,2,2,0,Need Attention
15611,10,13,1591.45,5,5,4,14,554,Champions,122.4192307692308,11.720930232558139,23,335,25.76923076923077,1,1,0,Champions
15612,36,2,195.15,3,3,1,7,331,Need Attention,97.575,8.666666666666666,4,62,31.0,2,2,0,Need Attention
15615,10,23,10399.74,5,5,5,15,555,Champions,452.1626086956522,13.02127659574468,184,359,15.608695652173912,1,1,0,Champions
15618,33,4,776.851,4,4,3,11,443,Loyal,194.21275000000006,10.088888888888889,39,137,34.25,1,1,0,Champions
15619,11,1,336.40000000000003,5,1,2,8,512,New / Promising,336.40000000000003,45.333333333333336,3,11,11.0,2,0,-1,Need Attention
15620,57,3,1553.18,3,3,4,10,334,Need Attention,517.7266666666666,9.15,92,358,119.33333333333333,1,0,0,Champions
15621,4,4,1293.03,5,4,4,13,544,Champions,323.2575,31.3125,11,22,5.5,2,2,-1,Need Attention
15622,43,9,3709.56,3,5,5,13,355,Loyal,412.1733333333334,9.04864864864865,169,282,31.333333333333332,1,1,0,Champions
15623,141,1,301.03,2,1,2,5,212,Hibernating,301.03,6.578947368421052,19,141,141.0,0,0,0,At Risk (used to be loyal)
15624,117,4,588.13,2,4,3,9,243,At Risk,147.0325,10.5,26,256,64.0,0,0,0,At Risk (used to be loyal)
15625,104,4,1534.26,2,4,4,10,244,At Risk,383.565,18.5625,44,235,58.75,1,0,0,Champions
15626,75,2,675.8,2,3,3,8,233,Others,337.90000000000003,15.63265306122449,49,330,165.0,0,0,0,At Risk (used to be loyal)
15628,5,9,2870.2400000000002,5,5,5,15,555,Champions,318.91555555555556,12.219354838709677,85,367,40.77777777777778,1,1,0,Champions
15630,45,2,1186.35,3,3,4,10,334,Need Attention,593.175,13.333333333333334,57,205,102.5,1,0,0,Champions
15632,16,8,3285.31,4,5,5,14,455,Champions,410.66375000000005,12.62874251497006,107,275,34.375,1,1,0,Champions
15634,17,1,243.55,4,1,1,6,411,New / Promising,243.55,6.6,15,17,17.0,2,2,0,Need Attention
15636,90,2,724.76,2,3,3,8,233,Others,362.38,11.36,20,282,141.0,0,0,0,At Risk (used to be loyal)
15637,53,1,223.36,3,1,1,5,311,Need Attention,223.36,8.533333333333333,15,53,53.0,2,2,0,Need Attention
15639,134,1,425.32,2,1,2,5,212,Hibernating,425.32,12.92,25,134,134.0,0,2,0,At Risk (used to be loyal)
15640,4,15,12515.66,5,5,5,15,555,Champions,834.3773333333334,13.650826446280991,240,372,24.8,1,1,0,Champions
15641,105,4,1887.2,2,4,4,10,244,At Risk,471.8,13.126050420168067,102,359,89.75,1,0,0,Champions
15643,192,3,664.0,1,3,3,7,133,Others,221.33333333333334,7.454545454545454,31,282,94.0,0,0,0,At Risk (used to be loyal)
15644,166,4,813.0,2,4,3,9,243,At Risk,203.24999999999997,2.3403361344537816,166,261,65.25,1,0,0,Champions
15645,19,1,612.01,4,1,3,8,413,New / Promising,612.01,4.923076923076923,50,19,19.0,2,2,0,Need Attention
15646,158,3,447.64000000000004,2,3,2,7,232,Others,149.21333333333334,11.257142857142858,35,372,124.0,0,0,0,At Risk (used to be loyal)
15648,204,2,657.35,1,3,3,7,133,Others,328.67500000000007,8.84,23,267,133.5,0,0,0,At Risk (used to be loyal)
15649,336,2,816.0,1,3,3,7,133,Others,408.0,96.0,1,368,184.0,0,0,0,At Risk (used to be loyal)
15651,37,3,646.3,3,3,3,9,333,Need Attention,215.4333333333333,14.96875,27,261,87.0,0,0,0,At Risk (used to be loyal)
15652,91,1,337.74,2,1,2,5,212,Hibernating,337.74,9.904761904761905,21,91,91.0,0,2,0,At Risk (used to be loyal)
15653,93,2,877.4399999999999,2,3,3,8,233,Others,438.71999999999997,200.0,4,116,58.0,0,0,-1,At Risk (used to be loyal)
15654,9,2,922.53,5,3,3,11,533,Others,461.26500000000004,22.61904761904762,15,26,13.0,2,2,0,Need Attention
15655,243,1,560.67,1,1,3,5,113,Others,560.6700000000001,9.529411764705882,34,243,243.0,0,0,0,At Risk (used to be loyal)
15656,45,4,748.5,3,4,3,10,343,Loyal,187.125,7.297872340425532,46,284,71.0,0,1,0,At Risk (used to be loyal)
15657,23,1,30.0,4,1,1,6,411,New / Promising,30.0,24.0,1,23,23.0,2,2,-1,Need Attention
15658,190,5,1024.1000000000001,1,4,4,9,144,At Risk,204.82,5.041666666666667,40,373,74.6,0,0,0,At Risk (used to be loyal)
15659,44,1,306.45,3,1,2,6,312,Need Attention,306.45000000000005,10.090909090909092,11,44,44.0,2,2,0,Need Attention
15660,25,9,1600.86,4,5,4,13,454,Champions,177.87333333333333,11.666666666666666,55,366,40.666666666666664,1,1,0,Champions
15661,317,2,309.8,1,3,2,6,132,Others,154.9,47.2,4,339,169.5,0,0,0,At Risk (used to be loyal)
15663,106,1,138.14,2,1,1,4,211,Hibernating,138.14,11.777777777777779,9,106,106.0,0,2,0,At Risk (used to be loyal)
15664,51,1,386.43,3,1,2,6,312,Need Attention,386.43,9.235294117647058,17,51,51.0,2,2,0,Need Attention
15665,168,2,2242.01,2,3,5,10,235,Others,1121.005,14.362068965517242,92,243,121.5,1,0,0,Champions
15667,40,1,301.32,3,1,2,6,312,Need Attention,301.32000000000005,18.46153846153846,13,40,40.0,2,2,0,Need Attention
15668,218,1,76.32000000000001,1,1,1,3,111,Hibernating,76.32000000000001,72.0,1,218,218.0,0,0,0,At Risk (used to be loyal)
15669,40,4,684.34,3,4,3,10,343,Loyal,171.085,10.363636363636363,31,264,66.0,0,0,0,At Risk (used to be loyal)
15670,297,1,173.05,1,1,1,3,111,Hibernating,173.05,7.583333333333333,12,297,297.0,0,0,0,At Risk (used to be loyal)
15671,19,7,2657.13,4,5,5,14,455,Champions,379.59000000000003,21.78205128205128,52,271,38.714285714285715,1,1,0,Champions
15673,88,4,2881.02,2,4,5,11,245,At Risk,720.255,9.76774193548387,107,327,81.75,1,1,0,Champions
15674,73,5,2446.6,2,4,5,11,245,At Risk,489.32000000000005,11.18421052631579,88,255,51.0,1,0,0,Champions
15675,81,3,323.69,2,3,2,7,232,Others,107.89666666666666,25.095238095238095,20,280,93.33333333333333,0,0,0,At Risk (used to be loyal)
15676,19,3,3435.76,4,3,5,12,435,Others,1145.2533333333333,11.148514851485148,191,284,94.66666666666667,1,1,0,Champions
15677,49,1,657.23,3,1,3,7,313,Need Attention,657.23,9.666666666666666,33,49,49.0,2,2,0,Need Attention
15678,53,1,352.7,3,1,2,6,312,Need Attention,352.70000000000005,15.333333333333334,12,53,53.0,2,2,0,Need Attention
15679,24,4,781.28,4,4,3,11,443,Loyal,195.32000000000002,10.636363636363637,98,183,45.75,1,1,0,Champions
15680,9,3,1333.68,5,3,4,12,534,Others,444.55999999999995,12.205128205128204,61,366,122.0,1,0,0,Champions
15681,25,5,1426.16,4,4,4,12,444,Champions,285.232,15.39622641509434,32,280,56.0,1,0,0,Champions
15683,117,1,193.75,2,1,1,4,211,Hibernating,193.75,13.1,10,117,117.0,0,2,0,At Risk (used to be loyal)
15687,9,9,2993.1,5,5,5,15,555,Champions,332.56666666666666,7.891566265060241,119,330,36.666666666666664,1,1,0,Champions
15689,120,2,254.1,2,3,2,7,232,Others,127.05,9.333333333333334,8,362,181.0,0,0,0,At Risk (used to be loyal)
15690,4,2,239.76,5,3,1,9,531,Others,119.88,21.473684210526315,19,101,50.5,2,1,0,Need Attention
15691,252,1,136.8,1,1,1,3,111,Hibernating,136.8,36.0,2,252,252.0,0,0,0,At Risk (used to be loyal)
15692,28,1,191.04,4,1,1,6,411,New / Promising,191.03999999999996,11.5,12,28,28.0,2,2,0,Need Attention
15694,1,14,6479.4,5,5,5,15,555,Champions,462.8142857142857,21.5,42,373,26.642857142857142,1,1,0,Champions
15695,267,2,409.98,1,3,2,6,132,Others,204.99,9.636363636363637,22,267,133.5,0,0,0,At Risk (used to be loyal)
15696,33,8,2736.46,4,5,5,14,455,Champions,342.0575,6.011695906432749,140,327,40.875,1,1,0,Champions
15699,18,1,309.65,4,1,2,7,412,New / Promising,309.6499999999999,6.277777777777778,18,18,18.0,2,2,0,Need Attention
15700,172,2,696.68,2,3,3,8,233,Others,348.3399999999999,4.151162790697675,85,173,86.5,0,0,0,At Risk (used to be loyal)
15701,2,4,1542.14,5,4,4,13,544,Champions,385.53499999999997,3.8945147679324896,193,111,27.75,1,1,0,Champions
15703,265,1,211.5,1,1,1,3,111,Hibernating,211.5,13.2,5,265,265.0,0,0,0,At Risk (used to be loyal)
15704,140,4,2293.62,2,4,5,11,245,At Risk,573.405,8.786324786324787,79,216,54.0,1,0,0,Champions
15705,201,1,143.1,1,1,1,3,111,Hibernating,143.10000000000002,10.333333333333334,6,201,201.0,0,0,0,At Risk (used to be loyal)
15706,64,4,1060.56,3,4,4,11,344,Loyal,265.14,5.836363636363636,50,116,29.0,1,1,0,Champions
15707,35,4,945.58,3,4,4,11,344,Loyal,236.39499999999995,2.8271028037383177,126,86,21.5,1,1,0,Champions
15708,41,7,3364.2400000000002,3,5,5,13,355,Loyal,480.60571428571427,4.399305555555555,124,370,52.857142857142854,1,1,0,Champions
15709,284,1,133.25,1,1,1,3,111,Hibernating,133.25,20.166666666666668,6,284,284.0,0,0,0,At Risk (used to be loyal)
15712,9,5,1072.3600000000001,5,4,4,13,544,Champions,214.47199999999998,9.169811320754716,41,288,57.6,1,1,0,Champions
15713,143,2,356.7,2,3,2,7,232,Others,178.35,7.894736842105263,18,366,183.0,0,0,0,At Risk (used to be loyal)
15714,12,2,330.88,5,3,2,10,532,Others,165.43999999999997,5.3428571428571425,34,78,39.0,2,1,0,Need Attention
15716,146,4,1118.81,2,4,4,10,244,At Risk,279.7025,6.305084745762712,101,370,92.5,1,0,0,Champions
15717,234,1,150.3,1,1,1,3,111,Hibernating,150.3,10.0,7,234,234.0,0,0,0,At Risk (used to be loyal)
15719,33,13,5045.61,4,5,5,14,455,Champions,388.1238461538462,2.9082177161152614,299,338,26.0,1,1,0,Champions
15720,24,1,598.73,4,1,3,8,413,New / Promising,598.73,2.1953125,128,24,24.0,2,2,0,Need Attention
15721,12,1,507.08,5,1,3,9,513,New / Promising,507.08,4.4945054945054945,80,12,12.0,2,2,0,Need Attention
15722,36,5,2222.56,3,4,5,12,345,Loyal,444.512,14.869565217391305,45,291,58.2,1,0,0,Champions
15723,365,1,203.1,1,1,1,3,111,Hibernating,203.10000000000002,2.1219512195121952,37,365,365.0,0,0,0,At Risk (used to be loyal)
15724,201,2,218.25,1,3,1,5,131,Others,109.125,6.636363636363637,11,285,142.5,0,0,0,At Risk (used to be loyal)
15725,15,1,415.25,4,1,2,7,412,New / Promising,415.25,6.90625,32,15,15.0,2,2,0,Need Attention
15727,17,7,5178.96,4,5,5,14,455,Champions,739.8514285714284,10.149006622516556,213,359,51.285714285714285,1,1,0,Champions
15729,213,1,85.0,1,1,1,3,111,Hibernating,85.0,5.6,5,213,213.0,0,0,0,At Risk (used to be loyal)
15730,66,3,1120.88,3,3,4,10,334,Need Attention,373.6266666666667,9.842857142857143,68,207,69.0,1,0,0,Champions
15732,212,2,294.12,1,3,2,6,132,Others,147.05999999999997,15.357142857142858,13,372,186.0,0,0,0,At Risk (used to be loyal)
15733,283,1,162.3,1,1,1,3,111,Hibernating,162.3,6.2,10,283,283.0,0,0,0,At Risk (used to be loyal)
15734,115,2,1339.45,2,3,4,9,234,Others,669.725,13.307692307692308,25,200,100.0,0,0,0,At Risk (used to be loyal)
15737,15,8,1205.1200000000001,4,5,4,13,454,Champions,150.64000000000001,8.319444444444445,60,243,30.375,1,1,0,Champions
15738,19,16,4812.42,4,5,5,14,455,Champions,300.77625,17.23699421965318,46,373,23.3125,1,1,0,Champions
15739,66,1,449.12,3,1,2,6,312,Need Attention,449.12,59.0,8,66,66.0,2,2,0,Need Attention
15740,49,1,154.88,3,1,1,5,311,Need Attention,154.88000000000002,16.88888888888889,9,49,49.0,2,2,0,Need Attention
15743,16,4,784.46,4,4,3,11,443,Loyal,196.11500000000004,2.4545454545454546,59,185,46.25,1,0,0,Champions
15744,78,1,34.8,2,1,1,4,211,Hibernating,34.8,40.0,3,78,78.0,0,0,0,At Risk (used to be loyal)
15745,19,4,1094.59,4,4,4,12,444,Champions,273.6475,6.790322580645161,57,236,59.0,1,1,0,Champions
15746,134,1,196.88,2,1,1,4,211,Hibernating,196.88000000000002,6.357142857142857,28,134,134.0,0,0,0,At Risk (used to be loyal)
15747,13,3,974.04,5,3,4,12,534,Others,324.67999999999995,5.161290322580645,52,173,57.666666666666664,1,1,0,Champions
15748,40,1,149.31,3,1,1,5,311,Need Attention,149.30999999999997,2.4285714285714284,19,40,40.0,2,2,0,Need Attention
15749,235,3,44534.3,1,3,5,9,135,Others,14844.766666666668,1802.8,5,332,110.66666666666667,1,0,-1,Champions
15750,3,8,2465.48,5,5,5,15,555,Champions,308.185,6.09556313993174,214,367,45.875,1,1,0,Champions
15752,40,7,2637.38,3,5,5,13,355,Loyal,376.7685714285714,4.81265206812652,236,373,53.285714285714285,1,1,0,Champions
15753,305,1,79.2,1,1,1,3,111,Hibernating,79.2,144.0,1,305,305.0,0,0,0,At Risk (used to be loyal)
15754,51,3,458.57,3,3,2,8,332,Need Attention,152.85666666666665,7.107142857142857,24,247,82.33333333333333,0,0,0,At Risk (used to be loyal)
15755,10,6,2364.25,5,5,5,15,555,Champions,394.0416666666667,10.120567375886525,127,295,49.166666666666664,1,1,0,Champions
15756,61,4,532.96,3,4,3,10,343,Loyal,133.24,1.2604166666666667,160,249,62.25,1,0,0,Champions
15757,66,2,714.42,3,3,3,9,333,Need Attention,357.21000000000004,10.911111111111111,43,218,109.0,0,0,0,At Risk (used to be loyal)
15758,25,1,205.25,4,2,1,7,421,New / Promising,205.25,5.222222222222222,9,25,25.0,2,2,0,Need Attention
15759,218,3,253.04,1,3,2,6,132,Others,84.34666666666668,8.571428571428571,5,358,119.33333333333333,0,0,0,At Risk (used to be loyal)
15762,65,2,583.75,3,3,3,9,333,Need Attention,291.875,6.783783783783784,37,77,38.5,2,1,0,Need Attention
15763,32,2,1086.92,4,3,4,11,434,Others,543.4600000000002,4.442622950819672,58,78,39.0,2,1,0,Need Attention
15764,88,6,3279.97,2,5,5,12,255,At Risk,546.6616666666666,11.38888888888889,150,277,46.166666666666664,1,1,0,Champions
15766,64,1,315.06,3,2,2,7,322,Need Attention,315.05999999999995,15.454545454545455,11,64,64.0,2,2,0,Need Attention
15768,116,3,621.8299999999999,2,4,3,9,243,At Risk,207.27666666666667,9.037037037037036,23,226,75.33333333333333,0,0,0,At Risk (used to be loyal)
15769,7,26,56252.72,5,5,5,15,555,Champions,2163.566153846154,228.24615384615385,26,371,14.26923076923077,1,1,-1,Champions
15773,6,1,635.6800000000001,5,2,3,10,523,New / Promising,635.6800000000001,31.1,10,6,6.0,2,2,-1,Need Attention
15774,69,1,270.8,3,2,2,7,322,Need Attention,270.79999999999995,3.48,25,69,69.0,2,2,0,Need Attention
15775,245,1,104.9,1,2,1,4,121,Hibernating,104.9,9.714285714285714,7,245,245.0,0,0,0,At Risk (used to be loyal)
15776,133,1,241.62,2,2,1,5,221,Hibernating,241.61999999999998,7.666666666666667,18,133,133.0,0,2,0,At Risk (used to be loyal)
15777,241,4,1047.11,1,4,4,9,144,At Risk,261.77750000000003,18.0,18,361,90.25,0,0,0,At Risk (used to be loyal)
15780,184,3,475.28000000000003,1,4,2,7,142,At Risk,158.42666666666665,7.586206896551724,26,358,119.33333333333333,0,0,0,At Risk (used to be loyal)
15781,25,3,345.46,4,4,2,10,442,Loyal,115.15333333333335,9.0,20,306,102.0,0,0,0,At Risk (used to be loyal)
15782,10,3,2614.7400000000002,5,4,5,14,545,Champions,871.58,20.093023255813954,34,89,29.666666666666668,1,1,0,Champions
15783,11,1,246.3,5,2,1,8,521,New / Promising,246.3,15.142857142857142,14,11,11.0,2,2,0,Need Attention
15785,33,5,2328.9700000000003,4,4,5,13,445,Champions,465.79400000000004,19.42168674698795,58,295,59.0,1,0,0,Champions
15786,46,3,4932.2,3,4,5,12,345,Loyal,1644.0666666666666,12.599250936329588,257,114,38.0,1,1,0,Champions
15787,26,3,948.05,4,4,4,12,444,Champions,316.01666666666665,2.621359223300971,156,61,20.333333333333332,2,1,0,Need Attention
15789,358,1,351.3,1,2,2,5,122,Hibernating,351.3,17.52,25,358,358.0,0,0,0,At Risk (used to be loyal)
15790,10,1,220.85,5,2,1,8,521,New / Promising,220.85,3.257142857142857,34,10,10.0,2,2,0,Need Attention
15791,44,2,1612.69,3,3,4,10,334,Need Attention,806.345,9.746666666666666,66,204,102.0,1,0,0,Champions
15793,15,3,965.61,4,4,4,12,444,Champions,321.86999999999995,46.083333333333336,6,269,89.66666666666667,0,0,0,At Risk (used to be loyal)
15795,150,1,610.01,2,2,3,7,223,Others,610.01,13.833333333333334,42,150,150.0,0,2,0,At Risk (used to be loyal)
15796,1,8,2711.56,5,5,5,15,555,Champions,338.945,6.473684210526316,70,302,37.75,1,1,0,Champions
15797,113,4,2207.4,2,4,5,11,245,At Risk,551.85,109.125,8,319,79.75,0,0,0,At Risk (used to be loyal)
15799,76,3,884.14,2,4,3,9,243,At Risk,294.7133333333333,9.744897959183673,94,334,111.33333333333333,0,0,0,At Risk (used to be loyal)
15800,107,2,699.08,2,3,3,8,233,Others,349.53999999999996,2.8151260504201683,116,247,123.5,0,0,0,At Risk (used to be loyal)
15801,46,3,1063.95,3,4,4,11,344,Loyal,354.65000000000003,8.90625,61,110,36.666666666666664,1,1,0,Champions
15802,143,1,451.42,2,2,2,6,222,Hibernating,451.42,1.0,1,143,143.0,0,0,0,At Risk (used to be loyal)
15803,51,1,415.82000000000005,3,2,2,7,322,Need Attention,415.82000000000005,36.25,8,51,51.0,2,2,0,Need Attention
15804,1,13,4206.39,5,5,5,15,555,Champions,323.5684615384615,9.790076335877863,170,199,15.307692307692308,1,1,0,Champions
15805,23,17,5528.4800000000005,4,5,5,14,455,Champions,325.204705882353,11.252491694352159,220,365,21.470588235294116,1,1,0,Champions
15806,46,3,784.58,3,4,3,10,343,Loyal,261.52666666666664,19.419354838709676,24,277,92.33333333333333,0,0,0,At Risk (used to be loyal)
15807,50,3,903.9,3,4,3,10,343,Loyal,301.3,8.958333333333334,48,77,25.666666666666668,2,1,0,Need Attention
15808,306,4,3734.9700000000003,1,4,5,10,145,At Risk,933.7425000000001,6.456730769230769,142,369,92.25,1,1,0,Champions
15809,36,5,515.77,3,4,3,10,343,Loyal,103.154,8.6,31,303,60.6,0,1,0,At Risk (used to be loyal)
15810,79,4,1391.98,2,4,4,10,244,At Risk,347.995,9.674157303370787,66,297,74.25,1,0,0,Champions
15811,22,6,2218.62,4,5,5,14,455,Champions,369.77,8.052631578947368,117,365,60.833333333333336,1,1,0,Champions
15812,107,5,1801.14,2,4,4,10,244,At Risk,360.228,22.48780487804878,36,318,63.6,1,0,0,Champions
15813,208,2,1303.9099999999999,1,3,4,8,134,Others,651.9549999999999,15.075,40,240,120.0,0,0,0,At Risk (used to be loyal)
15814,17,4,1945.33,4,4,4,12,444,Champions,486.3325,17.65277777777778,63,51,12.75,2,1,0,Need Attention
15815,64,5,2100.6,3,4,5,12,345,Loyal,420.12,37.87755102040816,33,260,52.0,1,0,0,Champions
15819,49,4,1905.45,3,4,4,11,344,Loyal,476.36250000000007,11.032520325203253,96,277,69.25,1,0,0,Champions
15820,320,1,206.98,1,2,1,4,121,Hibernating,206.98,7.529411764705882,17,320,320.0,0,0,0,At Risk (used to be loyal)
15821,44,2,570.96,3,3,3,9,333,Need Attention,285.47999999999996,3.2580645161290325,57,61,30.5,2,2,0,Need Attention
15822,3,2,885.47,5,3,3,11,533,Others,442.73499999999996,11.363636363636363,28,359,179.5,1,0,0,Champions
15823,372,1,15.0,1,2,1,4,121,Hibernating,15.0,1.0,1,372,372.0,0,0,-1,At Risk (used to be loyal)
15825,172,1,532.94,2,2,3,7,223,Others,532.94,11.0,20,172,172.0,0,0,0,At Risk (used to be loyal)
15826,56,3,1654.31,3,4,4,11,344,Loyal,551.4366666666667,14.161764705882353,64,211,70.33333333333333,1,0,0,Champions
15827,73,14,1836.0900000000001,2,5,4,11,254,At Risk,131.1492857142857,7.6695652173913045,72,372,26.571428571428573,1,1,0,Champions
15829,99,2,636.14,2,3,3,8,233,Others,318.0699999999999,19.529411764705884,44,141,70.5,0,0,0,At Risk (used to be loyal)
15830,38,1,576.0,3,2,3,8,323,Need Attention,576.0,10.64102564102564,39,38,38.0,2,2,0,Need Attention
15831,58,3,801.76,3,4,3,10,343,Loyal,267.25333333333333,16.25,63,324,108.0,0,0,0,At Risk (used to be loyal)
15832,254,1,836.79,1,2,3,6,123,Others,836.7900000000001,8.61111111111111,54,254,254.0,0,0,0,At Risk (used to be loyal)
15834,70,4,2233.75,3,4,5,12,345,Loyal,558.4375,3.5347985347985347,242,277,69.25,1,1,0,Champions
15835,44,4,954.09,3,4,4,11,344,Loyal,238.5225,8.78,47,331,82.75,1,0,0,Champions
15836,50,1,137.37,3,2,1,6,321,Need Attention,137.37,2.6,10,50,50.0,2,2,0,Need Attention
15837,65,1,391.98,3,2,2,7,322,Need Attention,391.98,7.875,24,65,65.0,2,2,0,Need Attention
15838,11,19,33643.08,5,5,5,15,555,Champions,1770.6884210526314,109.9880239520958,54,368,19.36842105263158,1,1,-1,Champions
15839,33,3,1048.49,4,4,4,12,444,Champions,349.49666666666667,10.887096774193548,56,148,49.333333333333336,1,1,0,Champions
15840,59,2,355.56,3,3,2,8,332,Need Attention,177.77999999999997,14.666666666666666,26,173,86.5,0,0,0,At Risk (used to be loyal)
15841,73,4,1224.06,2,4,4,10,244,At Risk,306.015,20.04255319148936,36,339,84.75,1,0,0,Champions
15843,304,1,118.95000000000002,1,2,1,4,121,Hibernating,118.95000000000002,3.375,8,304,304.0,0,0,0,At Risk (used to be loyal)
15844,46,1,130.73999999999998,3,2,1,6,321,Need Attention,130.73999999999998,12.181818181818182,11,46,46.0,2,2,0,Need Attention
15845,18,8,3711.77,4,5,5,14,455,Champions,463.97125,13.956521739130435,97,337,42.125,1,1,0,Champions
15847,38,2,389.27,3,3,2,8,332,Need Attention,194.63499999999996,20.40909090909091,22,288,144.0,0,0,0,At Risk (used to be loyal)
15850,19,2,238.85,4,3,1,8,431,Others,119.425,3.11340206185567,87,168,84.0,0,0,0,At Risk (used to be loyal)
15852,187,2,160.71,1,3,1,5,131,Others,80.35499999999999,2.1818181818181817,22,197,98.5,0,0,0,At Risk (used to be loyal)
15853,52,1,110.8,3,2,1,6,321,Need Attention,110.80000000000001,4.5,29,52,52.0,2,2,0,Need Attention
15854,4,12,2974.65,5,5,5,15,555,Champions,247.88749999999996,6.707142857142857,105,362,30.166666666666668,1,1,0,Champions
15855,137,5,712.24,2,4,3,9,243,At Risk,142.448,5.875,59,264,52.8,0,0,0,At Risk (used to be loyal)
15856,4,27,16387.57,5,5,5,15,555,Champions,606.947037037037,17.06201550387597,295,365,13.518518518518519,1,1,0,Champions
15857,19,1,297.0,4,2,2,8,422,New / Promising,296.99999999999994,22.0,14,19,19.0,2,2,0,Need Attention
15858,16,5,1438.85,4,4,4,12,444,Champions,287.77000000000004,6.109947643979058,145,367,73.4,1,1,0,Champions
15860,41,8,977.21,3,5,4,12,354,Loyal,122.15124999999998,3.0985915492957745,105,369,46.125,1,1,0,Champions
15861,12,8,3165.36,5,5,5,15,555,Champions,395.66999999999996,4.65934065934066,339,267,33.375,1,1,0,Champions
15862,8,4,832.88,5,4,3,12,543,Loyal,208.22,3.979591836734694,142,374,93.5,1,1,0,Champions
15863,26,2,68.84,4,3,1,8,431,Others,34.42,1.0555555555555556,18,193,96.5,0,0,-1,At Risk (used to be loyal)
15864,22,6,1936.3200000000002,4,5,4,13,454,Champions,322.7200000000001,59.6,16,316,52.666666666666664,1,0,0,Champions
15865,41,3,895.13,3,4,3,10,343,Loyal,298.37666666666667,9.2,37,214,71.33333333333333,0,0,0,At Risk (used to be loyal)
15866,101,1,230.53,2,2,1,5,221,Hibernating,230.53,2.8,43,101,101.0,0,0,0,At Risk (used to be loyal)
15867,5,15,3812.64,5,5,5,15,555,Champions,254.176,4.455531453362256,302,369,24.6,1,1,0,Champions
15869,277,2,149.64,1,3,1,5,131,Others,74.82000000000001,11.666666666666666,13,277,138.5,0,0,0,At Risk (used to be loyal)
15870,33,1,354.09000000000003,4,2,2,8,422,New / Promising,354.09000000000003,4.407894736842105,68,33,33.0,2,2,0,Need Attention
15872,15,2,360.93,4,3,2,9,432,Others,180.465,1.65625,101,15,7.5,2,2,0,Need Attention
15874,64,7,4405.88,3,5,5,13,355,Loyal,629.4114285714286,21.116666666666667,110,284,40.57142857142857,1,1,0,Champions
15877,2,2,493.28,5,3,3,11,533,Others,246.64000000000001,2.875968992248062,122,18,9.0,2,2,0,Need Attention
15880,369,1,343.28000000000003,1,2,2,5,122,Hibernating,343.28,2.0095238095238095,95,369,369.0,0,0,0,At Risk (used to be loyal)
15881,312,5,501.39000000000004,1,4,3,8,143,At Risk,100.278,8.96551724137931,26,364,72.8,0,0,0,At Risk (used to be loyal)
15882,199,4,516.36,1,4,3,8,143,At Risk,129.09,12.0,23,368,92.0,0,0,0,At Risk (used to be loyal)
15883,2,2,396.48,5,3,2,10,532,Others,198.23999999999998,4.551020408163265,42,33,16.5,2,2,0,Need Attention
15885,93,3,379.35,2,4,2,8,242,At Risk,126.45,6.166666666666667,18,309,103.0,0,0,0,At Risk (used to be loyal)
15886,60,1,181.09,3,2,1,6,321,Need Attention,181.09000000000003,12.25,12,60,60.0,2,2,0,Need Attention
15888,81,1,168.31,2,2,1,5,221,Hibernating,168.31,6.333333333333333,11,81,81.0,0,2,0,At Risk (used to be loyal)
15889,157,2,446.87,2,3,2,7,232,Others,223.435,2.3118279569892475,79,369,184.5,0,0,0,At Risk (used to be loyal)
15891,227,1,524.52,1,2,3,6,123,Others,524.52,7.129032258064516,60,227,227.0,0,0,0,At Risk (used to be loyal)
15894,253,2,263.55,1,3,2,6,132,Others,131.775,4.097560975609756,35,369,184.5,0,0,0,At Risk (used to be loyal)
15895,150,1,179.17,2,2,1,5,221,Hibernating,179.17000000000002,8.545454545454545,11,150,150.0,0,2,0,At Risk (used to be loyal)
15897,194,2,222.05,1,3,1,5,131,Others,111.025,10.875,17,194,97.0,0,0,0,At Risk (used to be loyal)
15898,1,5,1388.88,5,4,4,13,544,Champions,277.776,6.627906976744186,70,369,73.8,1,1,0,Champions
15899,369,1,56.25,1,2,1,4,121,Hibernating,56.25,9.75,4,369,369.0,0,0,0,At Risk (used to be loyal)
15900,24,1,351.11,4,2,2,8,422,New / Promising,351.11000000000007,4.333333333333333,44,24,24.0,2,2,0,Need Attention
15901,17,3,363.88,4,4,2,10,442,Loyal,121.29333333333334,3.310344827586207,102,155,51.666666666666664,2,0,0,Need Attention
15903,10,7,5126.76,5,5,5,15,555,Champions,732.3942857142857,32.567567567567565,46,295,42.142857142857146,1,1,0,Champions
15904,8,1,164.68,5,2,1,8,521,New / Promising,164.67999999999998,2.8,30,8,8.0,2,2,0,Need Attention
15906,20,7,1567.69,4,5,4,13,454,Champions,223.95571428571427,3.6266666666666665,113,255,36.42857142857143,1,1,0,Champions
15907,4,3,967.45,5,4,4,13,544,Champions,322.48333333333335,2.0441767068273093,175,210,70.0,1,1,0,Champions
15909,174,1,191.94,2,2,1,5,221,Hibernating,191.93999999999997,14.0,7,174,174.0,0,0,0,At Risk (used to be loyal)
15910,1,8,1232.18,5,5,4,14,554,Champions,154.0225,3.801498127340824,215,317,39.625,1,1,0,Champions
15912,178,2,264.62,2,3,2,7,232,Others,132.30999999999997,9.736842105263158,19,233,116.5,0,0,0,At Risk (used to be loyal)
15916,16,8,1528.09,4,5,4,13,454,Champions,191.01125000000002,4.883870967741935,124,366,45.75,1,1,0,Champions
15917,248,1,123.1,1,2,1,4,121,Hibernating,123.10000000000001,3.5,12,248,248.0,0,0,0,At Risk (used to be loyal)
15918,191,2,334.23,1,3,2,6,132,Others,167.115,3.825,33,271,135.5,0,0,0,At Risk (used to be loyal)
15919,20,2,639.89,4,3,3,10,433,Others,319.94500000000005,3.8111888111888113,103,369,184.5,0,0,0,At Risk (used to be loyal)
15920,154,4,167.5,2,4,1,7,241,At Risk,41.875,1.65,53,154,38.5,0,0,-1,At Risk (used to be loyal)
15921,173,1,336.03000000000003,2,2,2,6,222,Hibernating,336.03000000000003,6.64,24,173,173.0,0,0,0,At Risk (used to be loyal)
15922,373,1,369.5,1,2,2,5,122,Hibernating,369.50000000000006,12.545454545454545,11,373,373.0,0,0,0,At Risk (used to be loyal)
15923,373,1,127.08,1,2,1,4,121,Hibernating,127.08000000000001,5.809523809523809,21,373,373.0,0,0,0,At Risk (used to be loyal)
15925,194,1,207.15,1,2,1,4,121,Hibernating,207.14999999999998,7.75,12,194,194.0,0,2,0,At Risk (used to be loyal)
15930,67,1,426.63,3,2,2,7,322,Need Attention,426.63000000000005,6.619047619047619,21,67,67.0,2,2,0,Need Attention
15932,4,8,2495.87,5,5,5,15,555,Champions,311.98375000000004,20.217391304347824,93,289,36.125,1,1,0,Champions
15933,21,3,1107.46,4,4,4,12,444,Champions,369.1533333333334,11.95945945945946,63,87,29.0,2,1,0,Need Attention
15935,239,2,416.86,1,3,2,6,132,Others,208.43,9.583333333333334,12,242,121.0,0,0,0,At Risk (used to be loyal)
15937,64,1,145.35,3,2,1,6,321,Need Attention,145.35,10.428571428571429,7,64,64.0,2,2,0,Need Attention
15938,112,5,404.58,2,4,2,8,242,At Risk,80.916,13.333333333333334,13,324,64.8,0,0,0,At Risk (used to be loyal)
15939,90,15,6115.01,2,5,5,12,255,At Risk,407.66733333333326,62.21052631578947,28,332,22.133333333333333,1,0,0,Champions
15940,311,1,35.8,1,2,1,4,121,Hibernating,35.8,4.0,1,311,311.0,0,0,0,At Risk (used to be loyal)
15942,134,1,337.44,2,2,2,6,222,Hibernating,337.43999999999994,16.571428571428573,14,134,134.0,0,2,0,At Risk (used to be loyal)
15944,277,1,325.1,1,2,2,5,122,Hibernating,325.1,8.333333333333334,6,277,277.0,0,0,0,At Risk (used to be loyal)
15945,365,1,181.0,1,2,1,4,121,Hibernating,181.0,26.0,2,365,365.0,0,0,0,At Risk (used to be loyal)
15947,83,1,1708.24,2,2,4,8,224,Others,1708.24,30.96551724137931,29,83,83.0,2,0,0,Need Attention
15948,8,2,955.24,5,3,4,12,534,Others,477.62000000000006,9.45,51,44,22.0,2,2,0,Need Attention
15949,17,2,364.72,4,3,2,9,432,Others,182.36,14.947368421052632,12,71,35.5,2,2,0,Need Attention
15950,32,4,1765.51,4,4,4,12,444,Champions,441.3775,7.438775510204081,86,360,90.0,1,0,0,Champions
15951,9,2,708.22,5,3,3,11,533,Others,354.11,7.634146341463414,36,286,143.0,0,0,0,At Risk (used to be loyal)
15952,34,4,806.57,3,4,3,10,343,Loyal,201.64249999999998,4.384615384615385,65,225,56.25,1,1,0,Champions
15953,15,8,1659.3799999999999,4,5,4,13,454,Champions,207.42249999999999,9.10204081632653,63,369,46.125,1,1,0,Champions
15955,24,14,4416.26,4,5,5,14,455,Champions,315.44714285714286,11.666666666666666,137,373,26.642857142857142,1,1,0,Champions
15957,32,1,428.89,4,2,2,8,422,New / Promising,428.89000000000004,5.023809523809524,40,32,32.0,2,2,0,Need Attention
15958,74,1,104.35,2,2,1,5,221,Hibernating,104.35,4.714285714285714,7,74,74.0,0,2,0,At Risk (used to be loyal)
15963,20,2,470.76,4,3,2,9,432,Others,235.38000000000002,10.642857142857142,26,45,22.5,2,2,0,Need Attention
15965,17,4,845.64,4,4,3,11,443,Loyal,211.41,3.7131147540983607,88,367,91.75,1,0,0,Champions
15967,23,2,418.83,4,3,2,9,432,Others,209.415,2.511904761904762,73,319,159.5,0,0,0,At Risk (used to be loyal)
15969,3,3,666.1,5,4,3,12,543,Loyal,222.0333333333333,6.2,20,186,62.0,2,1,0,Need Attention
15970,304,1,314.1,1,2,2,5,122,Hibernating,314.1,10.545454545454545,11,304,304.0,0,0,0,At Risk (used to be loyal)
15971,18,12,4199.85,4,5,5,14,455,Champions,349.9875,49.05714285714286,10,311,25.916666666666668,1,0,0,Champions
15973,367,1,307.82000000000005,1,2,2,5,122,Hibernating,307.82,26.5,4,367,367.0,0,0,0,At Risk (used to be loyal)
15974,39,7,3442.15,3,5,5,13,355,Loyal,491.7357142857143,12.852272727272727,141,289,41.285714285714285,1,1,0,Champions
15975,84,1,371.01,2,2,2,6,222,Hibernating,371.01,10.125,24,84,84.0,0,2,0,At Risk (used to be loyal)
15976,165,2,430.94,2,3,2,7,232,Others,215.47,2.826530612244898,83,220,110.0,0,0,0,At Risk (used to be loyal)
15977,17,2,1054.73,4,3,4,11,434,Others,527.365,15.63076923076923,48,39,19.5,2,2,0,Need Attention
15978,77,1,1098.78,2,2,4,8,224,Others,1098.78,18.122448979591837,49,77,77.0,2,2,0,Need Attention
15980,89,3,2398.86,2,4,5,11,245,At Risk,799.6199999999999,36.27906976744186,40,254,84.66666666666667,1,0,0,Champions
15981,25,8,3408.48,4,5,5,14,455,Champions,426.06,19.237113402061855,53,311,38.875,1,1,0,Champions
15983,22,4,1475.02,4,4,4,12,444,Champions,368.755,7.893805309734513,82,374,93.5,1,0,0,Champions
15984,3,10,2837.67,5,5,5,15,555,Champions,283.767,6.825925925925926,217,368,36.8,1,1,0,Champions
15985,123,2,1142.42,2,3,4,9,234,Others,571.2099999999999,29.35135135135135,29,237,118.5,0,0,0,At Risk (used to be loyal)
15986,30,1,168.12,4,2,1,7,421,New / Promising,168.11999999999998,19.142857142857142,14,30,30.0,2,2,0,Need Attention
15987,12,7,1451.28,5,5,4,14,554,Champions,207.32571428571427,11.114285714285714,110,369,52.714285714285715,1,1,0,Champions
15988,19,1,158.03,4,2,1,7,421,New / Promising,158.03,6.703703703703703,26,19,19.0,2,2,0,Need Attention
15990,44,2,792.11,3,3,3,9,333,Need Attention,396.05500000000006,8.51923076923077,52,287,143.5,0,0,0,At Risk (used to be loyal)
15992,4,1,41.989999999999995,5,2,1,8,521,New / Promising,41.989999999999995,5.666666666666667,3,4,4.0,2,2,-1,Need Attention
15993,9,7,2797.57,5,5,5,15,555,Champions,399.65285714285716,3.7155797101449277,335,44,6.285714285714286,1,1,-1,Champions
15994,55,1,427.07,3,2,2,7,322,Need Attention,427.07000000000005,5.057142857142857,31,55,55.0,2,2,0,Need Attention
15996,88,6,1060.68,2,5,4,11,254,At Risk,176.78,2.953846153846154,103,366,61.0,1,0,0,Champions
15998,37,5,3089.97,3,4,5,12,345,Loyal,617.9939999999999,4.033596837944664,370,362,72.4,1,1,0,Champions
16000,3,3,12393.7,5,4,5,14,545,Champions,4131.233333333333,567.7777777777778,9,3,1.0,2,0,-1,Need Attention
16003,30,5,2735.37,4,4,5,13,445,Champions,547.074,11.504854368932039,82,360,72.0,1,1,0,Champions
16005,12,4,615.39,5,4,3,12,543,Loyal,153.84750000000003,1.3761467889908257,173,271,67.75,1,0,0,Champions
16006,211,1,101.4,1,2,1,4,121,Hibernating,101.4,10.5,8,211,211.0,0,0,0,At Risk (used to be loyal)
16007,48,4,1701.94,3,4,4,11,344,Loyal,425.485,3.618181818181818,221,215,53.75,1,1,0,Champions
16008,24,3,478.78,4,4,2,10,442,Loyal,159.59333333333333,9.787878787878787,29,205,68.33333333333333,0,0,0,At Risk (used to be loyal)
16009,22,4,992.71,4,4,4,12,444,Champions,248.17750000000004,4.2,68,160,40.0,1,1,0,Champions
16010,246,3,407.5,1,4,2,7,142,At Risk,135.83333333333334,2.441860465116279,62,363,121.0,0,0,0,At Risk (used to be loyal)
16011,8,16,3362.71,5,5,5,15,555,Champions,210.16937499999997,9.632075471698114,99,366,22.875,1,1,0,Champions
16012,35,3,1415.29,3,4,4,11,344,Loyal,471.7633333333333,8.5,87,155,51.666666666666664,1,1,0,Champions
16013,4,47,37130.6,5,5,5,15,555,Champions,790.012765957447,111.76978417266187,30,371,7.8936170212765955,1,1,-1,Champions
16014,38,3,662.38,3,4,3,10,343,Loyal,220.79333333333338,1.8275862068965518,123,291,97.0,1,0,0,Champions
16015,4,3,705.39,5,4,3,12,543,Loyal,235.13,4.9945054945054945,146,49,16.333333333333332,2,1,0,Need Attention
16016,3,8,1508.76,5,5,4,14,554,Champions,188.59500000000003,2.6382978723404253,156,367,45.875,1,1,0,Champions
16017,47,1,211.88,3,2,1,6,321,Need Attention,211.88,3.1875,26,47,47.0,2,2,0,Need Attention
16018,39,2,408.90000000000003,3,3,2,8,332,Need Attention,204.45000000000002,6.785714285714286,26,180,90.0,0,0,0,At Risk (used to be loyal)
16019,47,9,3786.2400000000002,3,5,5,13,355,Loyal,420.6933333333333,10.83125,133,365,40.55555555555556,1,1,0,Champions
16020,17,3,851.01,4,4,3,11,443,Loyal,283.67,10.58695652173913,42,65,21.666666666666668,2,2,0,Need Attention
16022,260,1,628.28,1,2,3,6,123,Others,628.2800000000002,3.4342105263157894,68,260,260.0,0,0,0,At Risk (used to be loyal)
16023,46,3,719.81,3,4,3,10,343,Loyal,239.93666666666664,3.5445544554455446,90,266,88.66666666666667,0,0,0,At Risk (used to be loyal)
16024,12,1,251.24,5,2,2,9,522,New / Promising,251.24,6.21875,61,12,12.0,2,2,0,Need Attention
16025,30,1,439.65999999999997,4,2,2,8,422,New / Promising,439.65999999999997,12.071428571428571,28,30,30.0,2,2,0,Need Attention
16026,43,1,236.09,3,2,1,6,321,Need Attention,236.09,7.59375,30,43,43.0,2,2,0,Need Attention
16027,92,6,934.62,2,5,3,10,253,At Risk,155.76999999999998,71.6875,11,303,50.5,0,0,0,At Risk (used to be loyal)
16029,39,63,81024.84,3,5,5,13,355,Loyal,1286.1085714285714,166.1487603305785,44,374,5.936507936507937,1,1,-1,Champions
16030,310,1,331.24,1,2,2,5,122,Hibernating,331.24,9.758620689655173,28,310,310.0,0,0,0,At Risk (used to be loyal)
16031,92,2,548.94,2,3,3,8,233,Others,274.47,4.23,91,247,123.5,0,0,0,At Risk (used to be loyal)
16033,6,20,8816.4,5,5,5,15,555,Champions,440.82,3.1125769569041335,538,370,18.5,1,1,0,Champions
16034,196,3,437.7,1,4,2,7,142,At Risk,145.89999999999998,11.0,18,333,111.0,0,0,0,At Risk (used to be loyal)
16036,87,2,758.92,2,3,3,8,233,Others,379.4599999999999,13.018181818181818,55,263,131.5,0,0,0,At Risk (used to be loyal)
16037,270,3,855.02,1,4,3,8,143,At Risk,285.0066666666667,10.974358974358974,37,359,119.66666666666667,0,0,0,At Risk (used to be loyal)
16038,8,3,471.78000000000003,5,4,2,11,542,Loyal,157.26,9.384615384615385,24,202,67.33333333333333,2,1,0,Need Attention
16040,65,3,1313.55,3,4,4,11,344,Loyal,437.8500000000001,10.523076923076923,57,269,89.66666666666667,1,0,0,Champions
16041,31,3,3166.4,4,4,5,13,445,Champions,1055.4666666666667,264.0,6,141,47.0,1,0,-1,Champions
16042,22,5,1197.27,4,4,4,12,444,Champions,239.45400000000004,10.633802816901408,68,332,66.4,1,1,0,Champions
16043,38,4,773.99,3,4,3,10,343,Loyal,193.4975,12.897435897435898,30,318,79.5,0,0,0,At Risk (used to be loyal)
16045,120,4,1340.7,2,4,4,10,244,At Risk,335.175,10.80722891566265,71,290,72.5,1,0,0,Champions
16048,373,2,256.44,1,3,2,6,132,Others,128.22000000000003,18.0,8,373,186.5,0,0,0,At Risk (used to be loyal)
16049,40,3,1111.79,3,4,4,11,344,Loyal,370.59666666666664,2.5416666666666665,248,75,25.0,1,1,0,Champions
16050,174,1,137.9,2,2,1,5,221,Hibernating,137.89999999999998,27.8,10,174,174.0,0,0,0,At Risk (used to be loyal)
16052,54,1,362.06,3,2,2,7,322,Need Attention,362.05999999999995,8.294117647058824,34,54,54.0,2,2,0,Need Attention
16053,33,2,1511.95,4,3,4,11,434,Others,755.9750000000001,21.345238095238095,81,122,61.0,1,1,0,Champions
16054,145,1,783.9,2,2,3,7,223,Others,783.9000000000001,5.428571428571429,70,145,145.0,0,2,0,At Risk (used to be loyal)
16055,221,1,134.8,1,2,1,4,121,Hibernating,134.8,2.75,8,221,221.0,0,0,0,At Risk (used to be loyal)
16056,45,1,664.85,3,2,3,8,323,Need Attention,664.85,5.102941176470588,66,45,45.0,2,2,0,Need Attention
16057,16,7,2263.12,4,5,5,14,455,Champions,323.30285714285714,7.132231404958677,109,285,40.714285714285715,1,1,0,Champions
16059,66,6,1459.8600000000001,3,5,4,12,354,Loyal,243.31000000000003,3.5722222222222224,126,368,61.333333333333336,1,1,0,Champions
16062,10,4,1153.62,5,4,4,13,544,Champions,288.405,12.5,50,365,91.25,1,1,0,Champions
16063,260,1,335.32,1,2,2,5,122,Hibernating,335.32000000000005,11.391304347826088,23,260,260.0,0,0,0,At Risk (used to be loyal)
16065,365,1,372.09,1,2,2,5,122,Hibernating,372.09,3.1216216216216215,71,365,365.0,0,0,0,At Risk (used to be loyal)
16066,17,5,1521.87,4,4,4,12,444,Champions,304.3740000000001,9.176470588235293,77,124,24.8,1,1,0,Champions
16070,22,2,852.15,4,3,3,10,433,Others,426.075,13.848484848484848,32,32,16.0,2,2,0,Need Attention
16071,45,1,326.24,3,2,2,7,322,Need Attention,326.24,8.571428571428571,21,45,45.0,2,2,0,Need Attention
16072,288,1,584.3199999999999,1,2,3,6,123,Others,584.32,6.086956521739131,23,288,288.0,0,0,0,At Risk (used to be loyal)
16073,297,1,122.39999999999999,1,2,1,4,121,Hibernating,122.39999999999999,48.0,1,297,297.0,0,0,0,At Risk (used to be loyal)
16076,3,10,2234.73,5,5,5,15,555,Champions,223.473,11.124031007751938,71,209,20.9,1,1,0,Champions
16078,284,1,79.2,1,2,1,4,121,Hibernating,79.2,16.0,1,284,284.0,0,0,0,At Risk (used to be loyal)
16079,17,3,1352.0,4,4,4,12,444,Champions,450.66666666666674,41.142857142857146,18,40,13.333333333333334,2,2,-1,Need Attention
16080,82,2,217.16,2,3,1,6,231,Others,108.58000000000001,12.8,10,274,137.0,0,0,0,At Risk (used to be loyal)
16081,56,5,2806.9,3,4,5,12,345,Loyal,561.3799999999999,6.506607929515418,175,367,73.4,1,1,0,Champions
16083,101,2,1317.62,2,3,4,9,234,Others,658.81,29.29032258064516,31,361,180.5,0,0,0,At Risk (used to be loyal)
16084,299,1,436.18,1,2,2,5,122,Hibernating,436.18,5.684210526315789,38,299,299.0,0,0,0,At Risk (used to be loyal)
16085,23,5,981.51,4,4,4,12,444,Champions,196.302,3.808383233532934,123,321,64.2,1,1,0,Champions
16086,59,5,1121.39,3,4,4,11,344,Loyal,224.27799999999996,13.102564102564102,24,367,73.4,1,0,0,Champions
16091,155,2,315.06,2,3,2,7,232,Others,157.53,8.555555555555555,16,199,99.5,0,0,0,At Risk (used to be loyal)
16092,115,3,817.86,2,4,3,9,243,At Risk,272.62,12.313725490196079,37,254,84.66666666666667,0,0,0,At Risk (used to be loyal)
16093,107,1,17.0,2,2,1,5,221,Hibernating,17.0,20.0,1,107,107.0,0,0,-1,At Risk (used to be loyal)
16094,12,4,1078.23,5,4,4,13,544,Champions,269.55749999999995,10.26984126984127,48,219,54.75,1,1,0,Champions
16096,264,1,320.62,1,2,2,5,122,Hibernating,320.62,12.916666666666666,12,264,264.0,0,0,0,At Risk (used to be loyal)
16097,240,1,185.04999999999998,1,2,1,4,121,Hibernating,185.05,8.7,10,240,240.0,0,0,0,At Risk (used to be loyal)
16098,88,7,2005.63,2,5,4,11,254,At Risk,286.5185714285714,9.149253731343284,34,374,53.42857142857143,1,0,0,Champions
16099,50,3,731.9,3,4,3,10,343,Loyal,243.96666666666658,11.128205128205128,29,226,75.33333333333333,0,0,0,At Risk (used to be loyal)
16101,71,1,1290.7,3,2,4,9,324,Need Attention,1290.6999999999998,9.960526315789474,76,71,71.0,2,2,0,Need Attention
16102,42,3,1842.14,3,4,4,11,344,Loyal,614.0466666666667,16.526315789473685,41,129,43.0,1,1,0,Champions
16103,7,6,1429.64,5,5,4,14,554,Champions,238.2733333333333,11.625,30,234,39.0,1,1,0,Champions
16104,62,1,302.36,3,2,2,7,322,Need Attention,302.36,4.241379310344827,28,62,62.0,2,2,0,Need Attention
16105,249,1,336.96,1,2,2,5,122,Hibernating,336.96,25.384615384615383,13,249,249.0,0,0,0,At Risk (used to be loyal)
16106,66,1,108.38,3,2,1,6,321,Need Attention,108.38,12.333333333333334,6,66,66.0,2,2,0,Need Attention
16107,18,7,3204.1600000000003,4,5,5,14,455,Champions,457.7371428571428,37.935483870967744,16,183,26.142857142857142,1,0,0,Champions
16108,85,1,842.5,2,2,3,7,223,Others,842.5,12.8125,48,85,85.0,2,2,0,Need Attention
16109,219,2,611.88,1,3,3,7,133,Others,305.94000000000005,34.0,18,309,154.5,0,0,0,At Risk (used to be loyal)
16110,45,3,1337.48,3,4,4,11,344,Loyal,445.82666666666665,2.0706214689265536,283,311,103.66666666666667,1,1,0,Champions
16112,143,4,195.73999999999998,2,4,1,7,241,At Risk,48.935,35.875,15,339,84.75,0,0,0,At Risk (used to be loyal)
16113,183,1,161.38,1,2,1,4,121,Hibernating,161.38,5.866666666666666,30,183,183.0,0,0,0,At Risk (used to be loyal)
16114,171,1,135.75000000000003,2,2,1,5,221,Hibernating,135.75000000000003,5.375,8,171,171.0,0,0,0,At Risk (used to be loyal)
16115,10,8,1667.97,5,5,4,14,554,Champions,208.49625,3.5246478873239435,169,293,36.625,1,1,0,Champions
16116,212,1,612.78,1,2,3,6,123,Others,612.7800000000001,7.294117647058823,34,212,212.0,0,0,0,At Risk (used to be loyal)
16117,190,1,232.21,1,2,1,4,121,Hibernating,232.21,4.333333333333333,30,190,190.0,0,0,0,At Risk (used to be loyal)
16119,8,2,423.36,5,3,2,10,532,Others,211.68,15.0,14,73,36.5,2,2,0,Need Attention
16120,59,4,1309.14,3,4,4,11,344,Loyal,327.285,29.266666666666666,26,59,14.75,2,2,0,Need Attention
16121,57,2,867.11,3,3,3,9,333,Need Attention,433.55499999999995,2.7641509433962264,170,216,108.0,1,0,0,Champions
16122,73,4,684.4200000000001,2,4,3,9,243,At Risk,171.105,29.68421052631579,26,367,91.75,0,0,0,At Risk (used to be loyal)
16123,52,1,307.78,3,2,2,7,322,Need Attention,307.78000000000003,10.625,16,52,52.0,2,2,0,Need Attention
16124,317,1,249.0,1,2,1,4,121,Hibernating,249.0,4.363636363636363,11,317,317.0,0,0,0,At Risk (used to be loyal)
16125,367,1,289.35,1,2,2,5,122,Hibernating,289.35,9.538461538461538,13,367,367.0,0,0,0,At Risk (used to be loyal)
16126,29,4,6287.77,4,4,5,13,445,Champions,1571.9425,18.162393162393162,57,297,74.25,1,1,0,Champions
16127,39,1,656.25,3,2,3,8,323,Need Attention,656.25,8.075,40,39,39.0,2,2,0,Need Attention
16128,18,5,1880.22,4,4,4,12,444,Champions,376.044,11.101123595505618,76,283,56.6,1,1,0,Champions
16131,52,6,3506.54,3,5,5,13,355,Loyal,584.4233333333335,23.102564102564102,55,240,40.0,1,0,0,Champions
16133,4,33,14589.04,5,5,5,15,555,Champions,442.0921212121212,26.292899408284022,219,318,9.636363636363637,1,1,0,Champions
16134,22,2,618.09,4,3,3,10,433,Others,309.045,10.6,34,359,179.5,0,0,0,At Risk (used to be loyal)
16135,263,1,517.55,1,2,3,6,123,Others,517.5500000000001,9.952380952380953,21,263,263.0,0,0,0,At Risk (used to be loyal)
16136,60,3,709.38,3,4,3,10,343,Loyal,236.46000000000006,11.891891891891891,35,278,92.66666666666667,0,0,0,At Risk (used to be loyal)
16139,19,3,635.41,4,4,3,11,443,Loyal,211.80333333333337,10.64516129032258,25,207,69.0,0,0,0,At Risk (used to be loyal)
16140,66,2,725.18,3,3,3,9,333,Need Attention,362.59000000000003,20.857142857142858,32,371,185.5,0,0,0,At Risk (used to be loyal)
16141,88,1,620.4,2,2,3,7,223,Others,620.4,7.933333333333334,30,88,88.0,0,2,0,At Risk (used to be loyal)
16142,250,1,535.34,1,2,3,6,123,Others,535.3399999999999,11.405405405405405,37,250,250.0,0,0,0,At Risk (used to be loyal)
16143,3,6,2424.94,5,5,5,15,555,Champions,404.1566666666667,7.854700854700854,75,369,61.5,1,1,0,Champions
16144,247,1,175.2,1,2,1,4,121,Hibernating,175.2,16.0,1,247,247.0,0,0,0,At Risk (used to be loyal)
16145,9,11,3799.4900000000002,5,5,5,15,555,Champions,345.40818181818184,13.941964285714286,134,360,32.72727272727273,1,1,0,Champions
16146,157,3,734.13,2,4,3,9,243,At Risk,244.70999999999995,14.724137931034482,26,232,77.33333333333333,0,0,0,At Risk (used to be loyal)
16147,134,1,375.0,2,2,2,6,222,Hibernating,374.99999999999994,11.181818181818182,22,134,134.0,0,2,0,At Risk (used to be loyal)
16148,296,1,76.32000000000001,1,2,1,4,121,Hibernating,76.32000000000001,72.0,1,296,296.0,0,0,0,At Risk (used to be loyal)
16149,5,2,280.52,5,3,2,10,532,Others,140.26000000000002,17.11111111111111,18,142,71.0,2,0,0,Need Attention
16150,43,5,2053.02,3,4,4,11,344,Loyal,410.604,8.948717948717949,91,372,74.4,1,0,0,Champions
16152,269,1,1829.04,1,2,4,7,124,Others,1829.0399999999997,22.137931034482758,29,269,269.0,0,0,0,At Risk (used to be loyal)
16153,50,5,1824.23,3,4,4,11,344,Loyal,364.846,12.0561797752809,78,355,71.0,1,0,0,Champions
16156,9,9,3122.04,5,5,5,15,555,Champions,346.8933333333333,10.061538461538461,108,311,34.55555555555556,1,1,0,Champions
16157,16,3,656.69,4,4,3,11,443,Loyal,218.89666666666665,19.27777777777778,12,73,24.333333333333332,2,2,0,Need Attention
16159,282,1,348.2,1,2,2,5,122,Hibernating,348.2000000000001,16.857142857142858,14,282,282.0,0,0,0,At Risk (used to be loyal)
16160,65,2,1025.44,3,3,4,10,334,Need Attention,512.72,58.1,20,86,43.0,2,2,-1,Need Attention
16161,2,19,5575.56,5,5,5,15,555,Champions,293.45052631578943,5.4831223628691985,286,369,19.42105263157895,1,1,0,Champions
16162,252,1,37.4,1,2,1,4,121,Hibernating,37.4,2.0,2,252,252.0,0,0,0,At Risk (used to be loyal)
16163,232,2,856.6,1,3,3,7,133,Others,428.30000000000007,32.0,5,365,182.5,0,0,0,At Risk (used to be loyal)
16164,17,3,822.48,4,4,3,11,443,Loyal,274.16,12.735294117647058,27,43,14.333333333333334,2,2,0,Need Attention
16168,11,27,3787.6,5,5,5,15,555,Champions,140.2814814814815,19.306122448979593,57,370,13.703703703703704,1,1,0,Champions
16169,8,4,1822.97,5,4,4,13,544,Champions,455.74250000000006,15.588235294117647,71,76,19.0,1,1,0,Champions
16170,51,6,1885.05,3,5,4,12,354,Loyal,314.17500000000007,14.16,106,248,41.333333333333336,1,1,0,Champions
16171,59,1,73.2,3,2,1,6,321,Need Attention,73.2,8.0,3,59,59.0,2,0,0,Need Attention
16172,95,5,1140.21,2,4,4,10,244,At Risk,228.04200000000006,11.405797101449275,52,242,48.4,1,0,0,Champions
16173,16,6,1418.32,4,5,4,13,454,Champions,236.38666666666666,6.845238095238095,70,98,16.333333333333332,1,1,0,Champions
16174,126,3,1009.5500000000001,2,4,4,10,244,At Risk,336.51666666666665,28.304347826086957,19,152,50.666666666666664,0,0,0,At Risk (used to be loyal)
16175,94,4,1037.59,2,4,4,10,244,At Risk,259.39750000000004,9.189655172413794,45,240,60.0,1,0,0,Champions
16177,50,1,331.95,3,2,2,7,322,Need Attention,331.95,6.333333333333333,15,50,50.0,2,2,0,Need Attention
16178,138,1,197.9,2,2,1,5,221,Hibernating,197.9,11.75,8,138,138.0,0,2,0,At Risk (used to be loyal)
16179,61,1,215.83,3,2,1,6,321,Need Attention,215.83,9.0,11,61,61.0,2,2,0,Need Attention
16180,100,8,10254.18,2,5,5,12,255,At Risk,1281.7725,36.21604938271605,90,253,31.625,1,1,0,Champions
16181,73,1,305.54,2,2,2,6,222,Hibernating,305.5400000000001,13.818181818181818,11,73,73.0,2,2,0,Need Attention
16182,72,4,6617.65,3,4,5,12,345,Loyal,1654.4125,135.39285714285714,17,295,73.75,1,0,-1,Champions
16183,67,1,338.71000000000004,3,2,2,7,322,Need Attention,338.7100000000001,7.533333333333333,15,67,67.0,2,2,0,Need Attention
16184,64,6,1158.79,3,5,4,12,354,Loyal,193.13166666666666,12.466666666666667,26,211,35.166666666666664,1,0,0,Champions
16185,17,2,529.41,4,3,3,10,433,Others,264.70500000000004,8.387096774193548,31,233,116.5,0,0,0,At Risk (used to be loyal)
16186,23,12,4006.94,4,5,5,14,455,Champions,333.9116666666667,13.853211009174313,87,372,31.0,1,1,0,Champions
16187,32,15,6911.4400000000005,4,5,5,14,455,Champions,460.7626666666667,17.11186440677966,160,284,18.933333333333334,1,1,0,Champions
16188,45,4,981.86,3,4,4,11,344,Loyal,245.46499999999997,11.671641791044776,65,243,60.75,1,0,0,Champions
16189,16,2,215.48,4,3,1,8,431,Others,107.73999999999998,12.181818181818182,9,85,42.5,2,2,0,Need Attention
16190,40,1,215.08,3,2,1,6,321,Need Attention,215.08,14.666666666666666,6,40,40.0,2,2,0,Need Attention
16191,3,13,5180.52,5,5,5,15,555,Champions,398.5015384615385,25.007462686567163,65,361,27.76923076923077,1,1,0,Champions
16193,237,1,314.45,1,2,2,5,122,Hibernating,314.45000000000005,11.526315789473685,19,237,237.0,0,0,0,At Risk (used to be loyal)
16198,75,1,400.68100000000004,2,2,2,6,222,Hibernating,400.681,8.6,15,75,75.0,2,2,0,Need Attention
16200,4,2,1080.6200000000001,5,3,4,12,534,Others,540.31,2.921787709497207,149,164,82.0,1,1,0,Champions
16201,3,4,1863.47,5,4,4,13,544,Champions,465.86750000000006,11.585585585585585,74,110,27.5,1,1,0,Champions
16202,361,1,365.27,1,2,2,5,122,Hibernating,365.27,10.61111111111111,18,361,361.0,0,0,0,At Risk (used to be loyal)
16203,59,4,592.9,3,4,3,10,343,Loyal,148.225,7.485714285714286,27,372,93.0,0,0,0,At Risk (used to be loyal)
16204,23,1,405.71,4,2,2,8,422,New / Promising,405.71,4.052631578947368,45,23,23.0,2,2,0,Need Attention
16205,31,4,761.38,4,4,3,11,443,Loyal,190.345,5.275510204081633,73,180,45.0,1,1,0,Champions
16206,55,4,537.0600000000001,3,4,3,10,343,Loyal,134.26500000000001,4.317460317460317,52,328,82.0,0,0,0,At Risk (used to be loyal)
16207,25,1,394.38,4,2,2,8,422,New / Promising,394.38,7.368421052631579,19,25,25.0,2,2,0,Need Attention
16208,45,2,664.26,3,3,3,9,333,Need Attention,332.13,5.045454545454546,61,289,144.5,0,0,0,At Risk (used to be loyal)
16209,89,5,2262.62,2,4,5,11,245,At Risk,452.5239999999999,25.630434782608695,37,247,49.4,1,0,0,Champions
16210,2,18,21086.3,5,5,5,15,555,Champions,1171.4611111111112,61.45528455284553,74,374,20.77777777777778,1,1,-1,Champions
16211,89,1,547.02,2,2,3,7,223,Others,547.0200000000001,6.695652173913044,23,89,89.0,0,2,0,At Risk (used to be loyal)
16212,19,2,690.34,4,3,3,10,433,Others,345.16999999999996,5.951219512195122,40,283,141.5,0,0,0,At Risk (used to be loyal)
16213,79,1,159.0,2,2,1,5,221,Hibernating,159.0,8.0,6,79,79.0,0,2,0,At Risk (used to be loyal)
16214,171,3,1062.75,2,4,4,10,244,At Risk,354.25,9.545454545454545,36,269,89.66666666666667,0,0,0,At Risk (used to be loyal)
16215,81,1,242.35,2,2,1,5,221,Hibernating,242.35000000000002,7.428571428571429,14,81,81.0,0,2,0,At Risk (used to be loyal)
16216,267,1,914.9300000000001,1,2,3,6,123,Others,914.9299999999998,6.864864864864865,37,267,267.0,0,0,0,At Risk (used to be loyal)
16217,235,2,304.25,1,3,2,6,132,Others,152.12500000000003,6.066666666666666,13,282,141.0,0,0,0,At Risk (used to be loyal)
16218,30,7,3084.68,4,5,5,14,455,Champions,440.6685714285714,24.857142857142858,56,374,53.42857142857143,1,1,0,Champions
16221,37,3,864.86,3,4,3,10,343,Loyal,288.2866666666667,7.391752577319588,90,367,122.33333333333333,1,0,0,Champions
16222,318,1,846.72,1,2,3,6,123,Others,846.72,2.664233576642336,120,318,318.0,0,0,0,At Risk (used to be loyal)
16224,57,4,1295.3,3,4,4,11,344,Loyal,323.825,11.625,90,250,62.5,1,0,0,Champions
16225,45,5,1096.32,3,4,4,11,344,Loyal,219.26400000000004,3.6791044776119404,109,278,55.6,1,0,0,Champions
16226,203,3,255.12,1,4,2,7,142,At Risk,85.04,24.0,6,235,78.33333333333333,0,0,0,At Risk (used to be loyal)
16227,225,1,314.22,1,2,2,5,122,Hibernating,314.22,15.0,6,225,225.0,0,0,0,At Risk (used to be loyal)
16229,87,2,1010.6,2,3,4,9,234,Others,505.2999999999999,6.76595744680851,46,213,106.5,0,0,0,At Risk (used to be loyal)
16230,190,2,542.03,1,3,3,7,133,Others,271.015,10.428571428571429,32,220,110.0,0,0,0,At Risk (used to be loyal)
16232,44,4,990.88,3,4,4,11,344,Loyal,247.71999999999997,14.864864864864865,24,215,53.75,1,0,0,Champions
16233,71,3,536.6800000000001,3,4,3,10,343,Loyal,178.89333333333332,7.909090909090909,22,366,122.0,0,0,0,At Risk (used to be loyal)
16235,41,5,867.31,3,4,3,10,343,Loyal,173.46199999999996,7.173913043478261,42,332,66.4,1,1,0,Champions
16236,78,1,432.2,2,2,2,6,222,Hibernating,432.19999999999993,9.2,20,78,78.0,2,2,0,Need Attention
16239,57,2,414.2,3,3,2,8,332,Need Attention,207.1,12.0,18,190,95.0,0,0,0,At Risk (used to be loyal)
16240,24,2,3718.8,4,3,5,12,435,Others,1859.4,12.155555555555555,126,77,38.5,1,0,0,Champions
16241,10,13,2607.87,5,5,5,15,555,Champions,200.60538461538465,2.194864048338369,347,370,28.46153846153846,1,1,0,Champions
16242,8,7,3603.21,5,5,5,15,555,Champions,514.7442857142858,6.741496598639456,184,277,39.57142857142857,1,1,0,Champions
16243,34,2,409.1,3,3,2,8,332,Need Attention,204.55,2.156862745098039,49,55,27.5,2,2,0,Need Attention
16244,212,2,1522.75,1,3,4,8,134,Others,761.375,9.395604395604396,88,373,186.5,0,0,0,At Risk (used to be loyal)
16245,24,3,1413.66,4,4,4,12,444,Champions,471.22,11.266666666666667,80,257,85.66666666666667,1,0,0,Champions
16247,170,1,114.56,2,2,1,5,221,Hibernating,114.56,11.375,16,170,170.0,0,0,0,At Risk (used to be loyal)
16248,62,1,152.94,3,2,1,6,321,Need Attention,152.94,11.142857142857142,7,62,62.0,2,2,0,Need Attention
16249,53,5,1800.07,3,4,4,11,344,Loyal,360.014,13.768115942028986,67,239,47.8,1,0,0,Champions
16250,261,2,389.44,1,3,2,6,132,Others,194.72,8.666666666666666,22,374,187.0,0,0,0,At Risk (used to be loyal)
16253,67,2,3683.86,3,3,5,11,335,Need Attention,1841.9299999999998,26.284552845528456,114,255,127.5,1,0,0,Champions
16255,17,8,2619.91,4,5,5,14,455,Champions,327.48875,6.544444444444444,146,365,45.625,1,1,0,Champions
16256,267,1,752.4300000000001,1,2,3,6,123,Others,752.4300000000002,44.69230769230769,13,267,267.0,0,0,0,At Risk (used to be loyal)
16257,177,1,46.95,2,2,1,5,221,Hibernating,46.95,1.0,2,177,177.0,0,0,0,At Risk (used to be loyal)
16258,45,5,5203.51,3,4,5,12,345,Loyal,1040.7020000000002,22.177777777777777,111,219,43.8,1,1,0,Champions
16260,51,1,1035.45,3,2,4,9,324,Need Attention,1035.45,17.27777777777778,18,51,51.0,2,2,0,Need Attention
16261,17,4,746.83,4,4,3,11,443,Loyal,186.7075,2.467741935483871,98,246,61.5,1,0,0,Champions
16265,9,9,5447.0,5,5,5,15,555,Champions,605.2222222222222,10.255813953488373,164,365,40.55555555555556,1,1,0,Champions
16266,74,7,861.89,2,5,3,10,253,At Risk,123.12714285714284,6.524590163934426,44,206,29.428571428571427,1,1,0,Champions
16268,71,2,667.65,3,3,3,9,333,Need Attention,333.82500000000005,11.844444444444445,45,71,35.5,2,1,0,Need Attention
16270,353,1,1141.24,1,2,4,7,124,Others,1141.2399999999996,12.74074074074074,54,353,353.0,0,0,0,At Risk (used to be loyal)
16271,3,5,1429.24,5,4,4,13,544,Champions,285.84800000000007,7.804511278195489,89,358,71.6,1,1,0,Champions
16272,117,1,411.7,2,2,2,6,222,Hibernating,411.7,8.96,25,117,117.0,0,2,0,At Risk (used to be loyal)
16274,373,1,357.95,1,2,2,5,122,Hibernating,357.94999999999993,2.3134328358208953,64,373,373.0,0,0,0,At Risk (used to be loyal)
16275,197,1,559.87,1,2,3,6,123,Others,559.87,10.181818181818182,33,197,197.0,0,0,0,At Risk (used to be loyal)
16276,177,1,810.6000000000001,2,2,3,7,223,Others,810.6000000000001,70.0,6,177,177.0,0,0,0,At Risk (used to be loyal)
16278,100,1,566.38,2,2,3,7,223,Others,566.38,4.956521739130435,23,100,100.0,0,2,0,At Risk (used to be loyal)
16279,21,3,1509.58,4,4,4,12,444,Champions,503.1933333333334,9.850467289719626,102,177,59.0,1,1,0,Champions
16281,72,1,2062.06,3,2,5,10,325,Need Attention,2062.0600000000004,54.94117647058823,17,72,72.0,2,0,0,Need Attention
16282,340,1,168.3,1,2,1,4,121,Hibernating,168.3,10.363636363636363,11,340,340.0,0,0,0,At Risk (used to be loyal)
16283,6,5,1570.81,5,4,4,13,544,Champions,314.162,7.445783132530121,117,208,41.6,1,1,0,Champions
16284,31,2,823.97,4,3,3,10,433,Others,411.985,4.990825688073395,87,50,25.0,2,1,0,Need Attention
16287,170,1,142.5,2,2,1,5,221,Hibernating,142.5,37.25,8,170,170.0,0,0,0,At Risk (used to be loyal)
16292,122,1,302.25,2,2,2,6,222,Hibernating,302.25,11.235294117647058,17,122,122.0,0,2,0,At Risk (used to be loyal)
16293,22,10,2248.9900000000002,4,5,5,14,455,Champions,224.89899999999997,8.322033898305085,102,367,36.7,1,1,0,Champions
16295,10,4,1328.55,5,4,4,13,544,Champions,332.1375000000001,10.645569620253164,70,65,16.25,2,1,0,Need Attention
16297,269,1,301.9,1,2,2,5,122,Hibernating,301.90000000000003,10.3,20,269,269.0,0,0,0,At Risk (used to be loyal)
16298,23,3,598.2,4,4,3,11,443,Loyal,199.39999999999998,7.333333333333333,22,187,62.333333333333336,0,0,0,At Risk (used to be loyal)
16302,127,1,233.22,2,2,1,5,221,Hibernating,233.22,14.363636363636363,11,127,127.0,0,2,0,At Risk (used to be loyal)
16303,26,3,5360.63,4,4,5,13,445,Champions,1786.876666666667,16.41358024691358,119,333,111.0,1,1,0,Champions
16305,139,1,361.21999999999997,2,2,2,6,222,Hibernating,361.21999999999986,11.636363636363637,22,139,139.0,0,2,0,At Risk (used to be loyal)
16306,214,6,632.27,1,5,3,9,153,At Risk,105.37833333333333,11.878048780487806,36,367,61.166666666666664,0,0,0,At Risk (used to be loyal)
16308,38,4,2560.0,3,4,5,12,345,Loyal,640.0,2000.0,1,261,65.25,0,0,-1,At Risk (used to be loyal)
16309,106,2,706.57,2,3,3,8,233,Others,353.285,11.119047619047619,39,241,120.5,0,0,0,At Risk (used to be loyal)
16311,18,2,616.26,4,3,3,10,433,Others,308.13,10.64864864864865,35,49,24.5,2,2,0,Need Attention
16313,3,2,274.15000000000003,5,3,2,10,532,Others,137.07500000000002,10.3125,16,50,25.0,2,1,0,Need Attention
16315,331,1,226.37,1,2,1,4,121,Hibernating,226.37,5.357142857142857,14,331,331.0,0,0,0,At Risk (used to be loyal)
16316,64,8,2938.91,3,5,5,13,355,Loyal,367.36375,9.827814569536423,120,358,44.75,1,1,0,Champions
16317,120,3,1341.65,2,4,4,10,244,At Risk,447.2166666666667,12.898550724637682,64,297,99.0,0,0,0,At Risk (used to be loyal)
16318,35,1,328.15,3,2,2,7,322,Need Attention,328.15,10.473684210526315,19,35,35.0,2,2,0,Need Attention
16319,218,1,404.40000000000003,1,2,2,5,122,Hibernating,404.40000000000003,24.0,3,218,218.0,0,0,0,At Risk (used to be loyal)
16320,172,2,1038.46,2,3,4,9,234,Others,519.23,13.071428571428571,56,213,106.5,0,0,0,At Risk (used to be loyal)
16321,72,5,373.65000000000003,3,4,2,9,342,Loyal,74.72999999999999,11.25,7,324,64.8,0,0,0,At Risk (used to be loyal)
16322,1,2,326.75,5,3,2,10,532,Others,163.37499999999997,6.243243243243243,28,36,18.0,2,2,0,Need Attention
16323,196,1,207.50000000000003,1,2,1,4,121,Hibernating,207.50000000000003,50.0,1,196,196.0,0,0,0,At Risk (used to be loyal)
16324,128,3,428.68,2,4,2,8,242,At Risk,142.89333333333332,2.389830508474576,100,177,59.0,0,0,0,At Risk (used to be loyal)
16325,47,3,594.24,3,4,3,10,343,Loyal,198.08,10.777777777777779,14,246,82.0,0,0,0,At Risk (used to be loyal)
16326,6,14,3110.96,5,5,5,15,555,Champions,222.21142857142857,2.2225705329153604,158,335,23.928571428571427,1,1,0,Champions
16327,14,6,3844.22,4,5,5,14,455,Champions,640.7033333333334,8.059561128526646,142,370,61.666666666666664,1,1,0,Champions
16330,18,3,251.91,4,4,2,10,442,Loyal,83.97,3.769230769230769,39,112,37.333333333333336,2,1,0,Need Attention
16332,28,7,1593.2,4,5,4,13,454,Champions,227.6,5.235294117647059,125,305,43.57142857142857,1,1,0,Champions
16333,8,22,26626.8,5,5,5,15,555,Champions,1210.3090909090909,715.2,9,310,14.090909090909092,1,1,-1,Champions
16337,37,1,151.05,3,2,1,6,321,Need Attention,151.05,8.7,10,37,37.0,2,2,0,Need Attention
16338,157,1,214.79999999999998,2,2,1,5,221,Hibernating,214.8,8.545454545454545,11,157,157.0,0,2,0,At Risk (used to be loyal)
16339,284,1,109.95,1,2,1,4,121,Hibernating,109.95000000000002,1.15,17,284,284.0,0,0,0,At Risk (used to be loyal)
16340,107,1,549.07,2,2,3,7,223,Others,549.07,3.2745098039215685,124,107,107.0,0,0,0,At Risk (used to be loyal)
16341,25,4,1971.87,4,4,4,12,444,Champions,492.9675,18.155844155844157,60,201,50.25,1,0,0,Champions
16342,75,4,322.41,2,4,2,8,242,At Risk,80.6025,10.466666666666667,10,180,45.0,0,0,0,At Risk (used to be loyal)
16343,16,2,370.47999999999996,4,3,2,9,432,Others,185.23999999999998,4.148936170212766,29,16,8.0,2,2,0,Need Attention
16344,158,1,101.10000000000001,2,2,1,5,221,Hibernating,101.10000000000001,9.0,1,158,158.0,0,0,0,At Risk (used to be loyal)
16345,44,1,575.41,3,2,3,8,323,Need Attention,575.4100000000001,7.605263157894737,35,44,44.0,2,2,0,Need Attention
16347,11,2,887.65,5,3,3,11,533,Others,443.82500000000005,3.8369565217391304,61,36,18.0,2,2,0,Need Attention
16348,32,7,1469.45,4,5,4,13,454,Champions,209.92142857142858,3.4851063829787234,157,240,34.285714285714285,1,1,0,Champions
16349,291,1,53.5,1,2,1,4,121,Hibernating,53.5,1.0,9,291,291.0,0,0,0,At Risk (used to be loyal)
16350,21,4,1116.47,4,4,4,12,444,Champions,279.1175,9.56140350877193,40,334,83.5,1,0,0,Champions
16351,333,1,153.9,1,2,1,4,121,Hibernating,153.9,11.25,8,333,333.0,0,0,0,At Risk (used to be loyal)
16352,18,2,494.44,4,3,3,10,433,Others,247.22,10.714285714285714,28,38,19.0,2,2,0,Need Attention
16353,4,23,6675.71,5,5,5,15,555,Champions,290.2482608695653,21.340425531914892,51,370,16.08695652173913,1,1,0,Champions
16354,63,2,395.8,3,3,2,8,332,Need Attention,197.9,3.8461538461538463,38,73,36.5,2,1,0,Need Attention
16356,198,3,211.77,1,4,1,6,141,At Risk,70.59,3.0,20,278,92.66666666666667,0,0,0,At Risk (used to be loyal)
16357,33,3,658.88,4,4,3,11,443,Loyal,219.62666666666667,7.235294117647059,31,214,71.33333333333333,0,0,0,At Risk (used to be loyal)
16358,1,4,2027.5,5,4,4,13,544,Champions,506.875,11.944954128440367,82,184,46.0,1,1,0,Champions
16359,7,9,1750.92,5,5,4,14,554,Champions,194.5466666666667,17.924242424242426,39,332,36.888888888888886,1,1,0,Champions
16360,5,6,3512.53,5,5,5,15,555,Champions,585.4216666666667,3.2386706948640485,365,88,14.666666666666666,1,1,0,Champions
16361,10,4,896.66,5,4,3,12,543,Loyal,224.16500000000002,3.9716981132075473,87,71,17.75,2,1,0,Need Attention
16362,32,5,734.77,4,4,3,11,443,Loyal,146.954,4.333333333333333,58,91,18.2,2,1,0,Need Attention
16363,53,1,109.36000000000001,3,2,1,6,321,Need Attention,109.36000000000001,10.4,5,53,53.0,2,2,0,Need Attention
16364,12,2,707.04,5,3,3,11,533,Others,353.5199999999999,5.283018867924528,48,137,68.5,2,1,0,Need Attention
16365,18,9,1540.42,4,5,4,13,454,Champions,171.1577777777778,9.882352941176471,45,367,40.77777777777778,1,1,0,Champions
16366,19,1,327.3,4,2,2,8,422,New / Promising,327.3,14.222222222222221,18,19,19.0,2,2,0,Need Attention
16367,37,2,804.49,3,3,3,9,333,Need Attention,402.245,4.976923076923077,123,363,181.5,0,0,0,At Risk (used to be loyal)
16368,2,2,497.43,5,3,3,11,533,Others,248.71499999999997,3.4210526315789473,58,28,14.0,2,2,0,Need Attention
16369,18,3,1553.66,4,4,4,12,444,Champions,517.8866666666667,8.771186440677965,91,197,65.66666666666667,1,1,0,Champions
16370,82,4,1320.56,2,4,4,10,244,At Risk,330.14,2.837719298245614,143,225,56.25,1,1,0,Champions
16372,33,2,367.93,4,3,2,9,432,Others,183.96499999999997,1.711340206185567,86,34,17.0,2,2,0,Need Attention
16374,66,2,473.03000000000003,3,3,2,8,332,Need Attention,236.515,2.1621621621621623,101,262,131.0,0,0,0,At Risk (used to be loyal)
16376,9,2,987.01,5,3,4,12,534,Others,493.505,5.552,104,17,8.5,2,2,0,Need Attention
16377,267,1,676.2,1,2,3,6,123,Others,676.2,300.0,5,267,267.0,0,0,-1,At Risk (used to be loyal)
16378,247,3,362.95,1,4,2,7,142,At Risk,120.98333333333336,11.608695652173912,22,311,103.66666666666667,0,0,0,At Risk (used to be loyal)
16379,4,4,2157.4,5,4,5,14,545,Champions,539.3500000000001,13.055555555555555,87,79,19.75,1,1,0,Champions
16380,61,1,1780.59,3,2,4,9,324,Need Attention,1780.59,47.625,28,61,61.0,2,0,0,Need Attention
16383,75,2,668.36,2,3,3,8,233,Others,334.1799999999999,4.6568627450980395,80,268,134.0,0,0,0,At Risk (used to be loyal)
16384,90,2,584.5,2,3,3,8,233,Others,292.25,7.878787878787879,33,264,132.0,0,0,0,At Risk (used to be loyal)
16385,60,3,555.89,3,4,3,10,343,Loyal,185.29666666666665,4.423728813559322,52,366,122.0,0,0,0,At Risk (used to be loyal)
16386,29,2,317.2,4,3,2,9,432,Others,158.6,2.5454545454545454,76,254,127.0,0,0,0,At Risk (used to be loyal)
16387,323,1,94.36,1,2,1,4,121,Hibernating,94.36,11.0,4,323,323.0,0,0,0,At Risk (used to be loyal)
16389,53,4,1382.07,3,4,4,11,344,Loyal,345.5174999999999,36.529411764705884,33,283,70.75,1,0,0,Champions
16392,270,1,221.19,1,2,1,4,121,Hibernating,221.18999999999997,4.511111111111111,41,270,270.0,0,0,0,At Risk (used to be loyal)
16393,2,13,3046.21,5,5,5,15,555,Champions,234.32384615384615,4.775757575757575,120,369,28.384615384615383,1,1,0,Champions
16394,57,5,1555.34,3,4,4,11,344,Loyal,311.06800000000004,31.373493975903614,61,290,58.0,1,0,0,Champions
16395,61,5,1486.9,3,4,4,11,344,Loyal,297.38,7.0285714285714285,150,331,66.2,1,1,0,Champions
16398,154,2,1705.8,2,3,4,9,234,Others,852.9,9.24390243902439,75,254,127.0,0,0,0,At Risk (used to be loyal)
16399,19,2,408.57,4,3,2,9,432,Others,204.285,3.6164383561643834,68,235,117.5,0,0,0,At Risk (used to be loyal)
16400,95,1,303.93,2,2,2,6,222,Hibernating,303.93,5.931034482758621,28,95,95.0,0,2,0,At Risk (used to be loyal)
16401,1,12,4098.32,5,5,5,15,555,Champions,341.52666666666664,20.870967741935484,66,328,27.333333333333332,1,1,0,Champions
16402,265,2,299.6,1,3,2,6,132,Others,149.8,2.4833333333333334,55,369,184.5,0,0,0,At Risk (used to be loyal)
16403,312,1,177.5,1,2,1,4,121,Hibernating,177.5,11.4,10,312,312.0,0,0,0,At Risk (used to be loyal)
16404,70,1,443.05,3,2,2,7,322,Need Attention,443.05000000000007,6.826086956521739,23,70,70.0,2,2,0,Need Attention
16405,302,2,167.25,1,3,1,5,131,Others,83.625,37.4,3,310,155.0,0,0,0,At Risk (used to be loyal)
16406,19,1,163.07,4,2,1,7,421,New / Promising,163.07000000000002,1.967741935483871,54,19,19.0,2,2,0,Need Attention
16407,13,10,2126.93,5,5,5,15,555,Champions,212.69300000000004,6.534883720930233,99,312,31.2,1,1,0,Champions
16409,36,5,2028.88,3,4,4,11,344,Loyal,405.776,5.629310344827586,145,317,63.4,1,1,0,Champions
16411,19,2,214.65,4,3,1,8,431,Others,107.32499999999999,2.933333333333333,41,369,184.5,0,0,0,At Risk (used to be loyal)
16412,54,1,151.83,3,2,1,6,321,Need Attention,151.83,2.085714285714286,25,54,54.0,2,2,0,Need Attention
16413,57,1,262.2,3,2,2,7,322,Need Attention,262.2,4.774193548387097,30,57,57.0,2,2,0,Need Attention
16414,22,2,126.25,4,3,1,8,431,Others,63.125,3.857142857142857,5,280,140.0,0,0,0,At Risk (used to be loyal)
16415,44,1,210.35,3,2,1,6,321,Need Attention,210.34999999999997,3.462962962962963,45,44,44.0,2,2,0,Need Attention
16416,27,3,1051.4,4,4,4,12,444,Champions,350.4666666666667,9.464788732394366,59,56,18.666666666666668,2,2,0,Need Attention
16418,45,3,675.27,3,4,3,10,343,Loyal,225.09000000000006,2.823529411764706,76,226,75.33333333333333,0,0,0,At Risk (used to be loyal)
16419,113,6,972.23,2,5,4,11,254,At Risk,162.03833333333333,8.549019607843137,36,312,52.0,1,1,0,Champions
16422,17,51,34684.4,4,5,5,14,455,Champions,680.086274509804,91.33875338753387,68,369,7.235294117647059,1,1,-1,Champions
16423,25,1,346.12,4,2,2,8,422,New / Promising,346.12,12.777777777777779,18,25,25.0,2,2,0,Need Attention
16424,191,1,133.56,1,2,1,4,121,Hibernating,133.56,17.6,5,191,191.0,0,0,0,At Risk (used to be loyal)
16425,302,1,302.7,1,2,2,5,122,Hibernating,302.69999999999993,9.476190476190476,21,302,302.0,0,0,0,At Risk (used to be loyal)
16426,2,10,1908.25,5,5,4,14,554,Champions,190.825,3.3413978494623655,211,276,27.6,1,1,0,Champions
16427,263,2,241.06,1,3,1,5,131,Others,120.53,17.333333333333332,8,284,142.0,0,0,0,At Risk (used to be loyal)
16429,106,1,284.55,2,2,2,6,222,Hibernating,284.55,4.5,2,106,106.0,0,2,0,At Risk (used to be loyal)
16430,57,1,300.85,3,2,2,7,322,Need Attention,300.85,17.166666666666668,6,57,57.0,2,2,0,Need Attention
16431,213,3,642.81,1,4,3,8,143,At Risk,214.27,5.457831325301205,51,297,99.0,0,0,0,At Risk (used to be loyal)
16432,64,1,287.4,3,2,2,7,322,Need Attention,287.4,34.5,8,64,64.0,2,2,0,Need Attention
16433,28,1,184.26,4,2,1,7,421,New / Promising,184.26,6.235294117647059,17,28,28.0,2,2,0,Need Attention
16434,29,7,1522.25,4,5,4,13,454,Champions,217.46428571428575,7.036697247706422,88,300,42.857142857142854,1,1,0,Champions
16438,6,5,798.35,5,4,3,12,543,Loyal,159.67000000000002,3.507575757575758,74,82,16.4,2,1,0,Need Attention
16440,8,5,3640.67,5,4,5,14,545,Champions,728.1339999999999,7.156028368794326,186,215,43.0,1,1,0,Champions
16441,67,2,381.2,3,3,2,8,332,Need Attention,190.6,7.208333333333333,22,291,145.5,0,0,0,At Risk (used to be loyal)
16442,2,3,616.79,5,4,3,12,543,Loyal,205.59666666666666,2.5632183908045976,161,361,120.33333333333333,1,1,0,Champions
16444,46,4,654.67,3,4,3,10,343,Loyal,163.66750000000002,4.845238095238095,68,265,66.25,1,0,0,Champions
16445,34,1,230.51,3,2,1,6,321,Need Attention,230.51000000000002,1.7619047619047619,62,34,34.0,2,2,0,Need Attention
16446,1,2,168472.5,5,3,5,13,535,Others,84236.25,26999.0,3,206,103.0,1,0,-1,Champions
16447,136,1,259.01,2,2,2,6,222,Hibernating,259.01,6.194444444444445,34,136,136.0,0,0,0,At Risk (used to be loyal)
16448,198,1,188.89000000000001,1,2,1,4,121,Hibernating,188.89000000000001,3.9,19,198,198.0,0,0,0,At Risk (used to be loyal)
16449,198,2,707.69,1,3,3,7,133,Others,353.845,9.175,40,281,140.5,0,0,0,At Risk (used to be loyal)
16450,150,1,311.92,2,2,2,6,222,Hibernating,311.92,18.181818181818183,11,150,150.0,0,2,0,At Risk (used to be loyal)
16451,88,1,266.97,2,2,2,6,222,Hibernating,266.97,8.571428571428571,14,88,88.0,0,2,0,At Risk (used to be loyal)
16454,45,2,6.9,3,3,1,7,331,Need Attention,3.45,1.5,2,64,32.0,2,0,-1,Need Attention
16455,64,7,1841.18,3,5,4,12,354,Loyal,263.0257142857143,9.97979797979798,69,371,53.0,1,0,0,Champions
16456,99,5,2158.37,2,4,5,11,245,At Risk,431.6740000000001,10.342342342342342,80,373,74.6,1,0,0,Champions
16457,218,1,208.36,1,2,1,4,121,Hibernating,208.35999999999999,15.555555555555555,9,218,218.0,0,0,0,At Risk (used to be loyal)
16458,3,18,3482.7400000000002,5,5,5,15,555,Champions,193.4855555555556,10.663366336633663,52,361,20.055555555555557,1,1,0,Champions
16460,28,3,814.72,4,4,3,11,443,Loyal,271.5733333333333,6.511111111111111,128,82,27.333333333333332,2,1,0,Need Attention
16461,178,1,151.42,2,2,1,5,221,Hibernating,151.41999999999996,1.4848484848484849,31,178,178.0,0,0,0,At Risk (used to be loyal)
16462,74,3,136.0,2,4,1,7,241,At Risk,45.333333333333336,5.333333333333333,1,284,94.66666666666667,0,0,0,At Risk (used to be loyal)
16463,21,4,1422.4,4,4,4,12,444,Champions,355.6,14.182926829268293,74,204,51.0,1,0,0,Champions
16464,20,3,1314.68,4,4,4,12,444,Champions,438.2266666666667,4.080508474576271,152,142,47.333333333333336,1,1,0,Champions
16466,34,7,1603.46,3,5,4,12,354,Loyal,229.06571428571428,5.331081081081081,103,293,41.857142857142854,1,1,0,Champions
16468,74,1,74.9,2,2,1,5,221,Hibernating,74.9,15.5,2,74,74.0,0,0,0,At Risk (used to be loyal)
16469,24,4,650.43,4,4,3,11,443,Loyal,162.60750000000002,1.5,148,246,61.5,1,0,0,Champions
16470,52,4,762.39,3,4,3,10,343,Loyal,190.59750000000003,3.123529411764706,120,359,89.75,1,0,0,Champions
16471,275,1,223.95000000000002,1,2,1,4,121,Hibernating,223.95,10.846153846153847,13,275,275.0,0,0,0,At Risk (used to be loyal)
16473,165,3,316.11,2,4,2,8,242,At Risk,105.37,10.88888888888889,18,337,112.33333333333333,0,0,0,At Risk (used to be loyal)
16474,7,7,1871.5,5,5,4,14,554,Champions,267.35714285714283,2.6194444444444445,237,145,20.714285714285715,1,1,0,Champions
16475,88,4,544.3,2,4,3,9,243,At Risk,136.075,11.392857142857142,23,274,68.5,0,0,0,At Risk (used to be loyal)
16477,64,7,2494.46,3,5,5,13,355,Loyal,356.3514285714286,9.691780821917808,111,372,53.142857142857146,1,1,0,Champions
16478,25,3,331.0,4,4,2,10,442,Loyal,110.33333333333333,13.176470588235293,15,66,22.0,2,1,0,Need Attention
16479,10,2,300.83,5,3,2,10,532,Others,150.415,2.914285714285714,35,10,5.0,2,2,0,Need Attention
16480,76,1,769.29,2,2,3,7,223,Others,769.29,8.584905660377359,51,76,76.0,2,2,0,Need Attention
16482,16,1,220.62,4,2,1,7,421,New / Promising,220.62,19.22222222222222,18,16,16.0,2,2,0,Need Attention
16483,192,1,139.35,1,2,1,4,121,Hibernating,139.35,2.3157894736842106,19,192,192.0,0,0,0,At Risk (used to be loyal)
16484,174,2,404.3,2,3,2,7,232,Others,202.15000000000003,8.0,25,191,95.5,0,0,0,At Risk (used to be loyal)
16485,77,1,363.65,2,2,2,6,222,Hibernating,363.65,5.595238095238095,41,77,77.0,2,2,0,Need Attention
16488,33,3,498.8,4,4,3,11,443,Loyal,166.26666666666665,25.103448275862068,28,149,49.666666666666664,2,0,0,Need Attention
16491,47,1,731.5,3,2,3,8,323,Need Attention,731.5,12.256410256410257,39,47,47.0,2,2,0,Need Attention
16493,80,4,1351.63,2,4,4,10,244,At Risk,337.9075,20.785714285714285,40,330,82.5,1,0,0,Champions
16494,297,1,826.53,1,2,3,6,123,Others,826.5299999999999,13.5,47,297,297.0,0,0,0,At Risk (used to be loyal)
16495,3,3,684.41,5,4,3,12,543,Loyal,228.13666666666666,3.4742268041237114,78,276,92.0,1,0,0,Champions
16496,9,3,1599.52,5,4,4,13,544,Champions,533.1733333333333,11.694736842105263,92,317,105.66666666666667,1,0,0,Champions
16497,50,6,2965.69,3,5,5,13,355,Loyal,494.2816666666667,10.264705882352942,128,333,55.5,1,1,0,Champions
16498,161,2,100.97,2,3,1,6,231,Others,50.48500000000001,3.0,15,162,81.0,0,0,0,At Risk (used to be loyal)
16499,360,2,365.45,1,3,2,6,132,Others,182.72500000000002,6.684210526315789,18,365,182.5,0,0,0,At Risk (used to be loyal)
16500,5,6,400.86,5,5,2,12,552,Loyal,66.81,11.181818181818182,8,331,55.166666666666664,0,0,-1,At Risk (used to be loyal)
16503,107,4,1431.93,2,4,4,10,244,At Risk,357.98249999999996,6.773809523809524,71,360,90.0,1,0,0,Champions
16504,25,1,484.38,4,2,2,8,422,New / Promising,484.38,6.093023255813954,76,25,25.0,2,2,0,Need Attention
16505,32,1,777.6,4,2,3,9,423,New / Promising,777.6,144.0,4,32,32.0,2,0,-1,Need Attention
16506,20,2,90.30000000000001,4,3,1,8,431,Others,45.150000000000006,14.0,3,40,20.0,2,2,-1,Need Attention
16509,297,1,363.7,1,2,2,5,122,Hibernating,363.70000000000005,4.923076923076923,13,297,297.0,0,0,0,At Risk (used to be loyal)
16510,372,1,248.1,1,2,1,4,121,Hibernating,248.10000000000002,7.076923076923077,13,372,372.0,0,0,0,At Risk (used to be loyal)
16511,22,3,950.26,4,4,4,12,444,Champions,316.75333333333333,2.467455621301775,135,267,89.0,1,1,0,Champions
16513,5,4,874.59,5,4,3,12,543,Loyal,218.64749999999998,11.628571428571428,33,43,10.75,2,1,0,Need Attention
16515,52,5,1627.13,3,4,4,11,344,Loyal,325.42600000000004,7.371681415929204,89,311,62.2,1,0,0,Champions
16516,30,1,101.69999999999999,4,2,1,7,421,New / Promising,101.7,9.666666666666666,6,30,30.0,2,2,0,Need Attention
16517,277,1,162.7,1,2,1,4,121,Hibernating,162.70000000000005,5.647058823529412,17,277,277.0,0,0,0,At Risk (used to be loyal)
16518,61,2,484.32,3,3,2,8,332,Need Attention,242.16000000000003,8.175,36,284,142.0,0,0,0,At Risk (used to be loyal)
16519,25,2,215.07999999999998,4,3,1,8,431,Others,107.54,4.153846153846154,13,365,182.5,0,0,0,At Risk (used to be loyal)
16520,186,3,1046.57,1,4,4,9,144,At Risk,348.8566666666666,3.576923076923077,129,365,121.66666666666667,0,0,0,At Risk (used to be loyal)
16523,2,21,9418.470000000001,5,5,5,15,555,Champions,448.4985714285715,14.706896551724139,151,316,15.047619047619047,1,1,0,Champions
16525,2,26,13027.45,5,5,5,15,555,Champions,501.0557692307693,40.4207650273224,75,367,14.115384615384615,1,1,0,Champions
16526,172,1,290.36,2,2,2,6,222,Hibernating,290.35999999999996,7.066666666666666,15,172,172.0,0,0,0,At Risk (used to be loyal)
16527,81,1,228.06,2,2,1,5,221,Hibernating,228.06000000000003,7.571428571428571,14,81,81.0,0,2,0,At Risk (used to be loyal)
16528,4,1,244.41,5,2,1,8,521,New / Promising,244.41000000000003,10.058823529411764,17,4,4.0,2,2,1,Need Attention
16529,190,1,455.25,1,2,2,5,122,Hibernating,455.25,6.6,30,190,190.0,0,0,0,At Risk (used to be loyal)
16531,22,7,1244.59,4,5,4,13,454,Champions,177.79857142857142,11.883116883116884,68,360,51.42857142857143,1,1,0,Champions
16532,18,3,6748.8,4,4,5,13,445,Champions,2249.6,504.0,2,339,113.0,1,0,-1,Champions
16533,19,3,1095.56,4,4,4,12,444,Champions,365.1866666666667,3.457627118644068,112,68,22.666666666666668,2,1,0,Need Attention
16535,5,1,593.75,5,2,3,10,523,New / Promising,593.75,11.483870967741936,31,5,5.0,2,2,-1,Need Attention
16536,110,1,548.97,2,2,3,7,223,Others,548.97,4.5636363636363635,49,110,110.0,0,2,0,At Risk (used to be loyal)
16539,3,4,1388.81,5,4,4,13,544,Champions,347.2025,10.6,36,373,93.25,1,1,0,Champions
16542,54,1,119.62,3,2,1,6,321,Need Attention,119.62,9.2,5,54,54.0,2,2,0,Need Attention
16545,165,1,339.3,2,2,2,6,222,Hibernating,339.3,26.0,3,165,165.0,0,2,0,At Risk (used to be loyal)
16546,291,2,787.15,1,3,3,7,133,Others,393.575,21.96,25,373,186.5,0,0,0,At Risk (used to be loyal)
16549,10,10,4154.64,5,5,5,15,555,Champions,415.46399999999994,2.4108053007135575,445,334,33.4,1,1,0,Champions
16550,109,5,2298.97,2,4,5,11,245,At Risk,459.794,6.135458167330677,162,368,73.6,1,1,0,Champions
16551,96,3,922.12,2,4,3,9,243,At Risk,307.37333333333333,30.3125,26,337,112.33333333333333,0,0,0,At Risk (used to be loyal)
16552,243,2,379.73,1,3,2,6,132,Others,189.865,12.882352941176471,17,374,187.0,0,0,0,At Risk (used to be loyal)
16553,163,12,5719.82,2,5,5,12,255,At Risk,476.65166666666664,54.76190476190476,62,360,30.0,1,0,0,Champions
16554,42,3,837.1,3,4,3,10,343,Loyal,279.0333333333333,7.730769230769231,51,332,110.66666666666667,0,0,0,At Risk (used to be loyal)
16555,35,2,285.89,3,3,2,8,332,Need Attention,142.945,10.294117647058824,15,110,55.0,2,0,0,Need Attention
16556,67,7,3313.79,3,5,5,13,355,Loyal,473.3985714285714,9.130434782608695,144,360,51.42857142857143,1,1,0,Champions
16557,24,2,281.85,4,3,2,9,432,Others,140.92499999999998,10.090909090909092,11,137,68.5,0,0,0,At Risk (used to be loyal)
16558,1,20,8338.49,5,5,5,15,555,Champions,416.9245000000001,11.689130434782609,264,367,18.35,1,1,0,Champions
16560,27,2,841.41,4,3,3,10,433,Others,420.70500000000004,8.928571428571429,52,358,179.0,0,0,0,At Risk (used to be loyal)
16561,6,2,511.12,5,3,3,11,533,Others,255.56,7.870967741935484,29,60,30.0,2,1,0,Need Attention
16563,54,1,1077.74,3,2,4,9,324,Need Attention,1077.74,25.57894736842105,19,54,54.0,2,2,0,Need Attention
16565,364,1,173.7,1,2,1,4,121,Hibernating,173.7,15.333333333333334,3,364,364.0,0,0,0,At Risk (used to be loyal)
16566,15,5,614.66,4,4,3,11,443,Loyal,122.93200000000002,20.11111111111111,14,293,58.6,0,0,0,At Risk (used to be loyal)
16567,194,2,865.6,1,3,3,7,133,Others,432.8,28.457142857142856,34,337,168.5,0,0,0,At Risk (used to be loyal)
16569,3,1,124.2,5,2,1,8,521,New / Promising,124.2,18.6,5,3,3.0,2,2,-1,Need Attention
16570,15,10,3738.4,4,5,5,14,455,Champions,373.84000000000003,16.761904761904763,68,312,31.2,1,1,0,Champions
16571,27,3,1421.69,4,4,4,12,444,Champions,473.8966666666667,14.241379310344827,73,282,94.0,1,0,0,Champions
16572,127,3,1009.6,2,4,4,10,244,At Risk,336.53333333333336,9.333333333333334,40,276,92.0,0,0,0,At Risk (used to be loyal)
16573,85,2,663.61,2,3,3,8,233,Others,331.805,8.571428571428571,40,290,145.0,0,0,0,At Risk (used to be loyal)
16574,71,1,451.44,3,2,2,7,322,Need Attention,451.43999999999994,14.857142857142858,28,71,71.0,2,2,0,Need Attention
16581,183,1,105.84,1,2,1,4,121,Hibernating,105.84,14.88888888888889,9,183,183.0,0,0,0,At Risk (used to be loyal)
16582,113,1,313.62,2,2,2,6,222,Hibernating,313.61999999999995,27.333333333333332,6,113,113.0,0,2,0,At Risk (used to be loyal)
16583,374,1,233.45,1,2,1,4,121,Hibernating,233.45000000000002,7.928571428571429,14,374,374.0,0,0,0,At Risk (used to be loyal)
16584,80,2,936.08,2,3,3,8,233,Others,468.0399999999999,23.071428571428573,25,254,127.0,0,0,0,At Risk (used to be loyal)
16586,249,1,463.95,1,2,2,5,122,Hibernating,463.95,11.875,8,249,249.0,0,0,0,At Risk (used to be loyal)
16587,232,1,225.15,1,2,1,4,121,Hibernating,225.14999999999995,5.461538461538462,13,232,232.0,0,0,0,At Risk (used to be loyal)
16589,71,3,459.24,3,4,2,9,342,Loyal,153.08,11.151515151515152,31,161,53.666666666666664,0,0,0,At Risk (used to be loyal)
16591,69,1,213.5,3,2,1,6,321,Need Attention,213.5,4.1,10,69,69.0,2,2,0,Need Attention
16592,4,16,4113.68,5,5,5,15,555,Champions,257.105,13.550925925925926,142,288,18.0,1,1,0,Champions
16593,51,3,330.03,3,4,2,9,342,Loyal,110.01,4.296296296296297,24,328,109.33333333333333,0,0,0,At Risk (used to be loyal)
16594,75,1,181.09,2,2,1,5,221,Hibernating,181.09,1.2075471698113207,53,75,75.0,2,2,0,Need Attention
16595,61,1,360.16,3,2,2,7,322,Need Attention,360.15999999999997,3.9411764705882355,83,61,61.0,2,2,0,Need Attention
16596,16,2,250.15,4,3,1,8,431,Others,125.07499999999999,8.083333333333334,12,366,183.0,0,0,0,At Risk (used to be loyal)
16597,4,1,90.04,5,2,1,8,521,New / Promising,90.04000000000002,26.285714285714285,7,4,4.0,2,2,-1,Need Attention
16598,286,1,145.04999999999998,1,2,1,4,121,Hibernating,145.05,7.3,10,286,286.0,0,0,0,At Risk (used to be loyal)
16600,4,6,813.52,5,5,3,13,553,Loyal,135.58666666666664,18.467741935483872,50,339,56.5,1,1,0,Champions
16601,41,1,244.79999999999998,3,2,1,6,321,Need Attention,244.79999999999995,4.32258064516129,29,41,41.0,2,2,0,Need Attention
16602,36,1,528.08,3,2,3,8,323,Need Attention,528.0799999999999,11.586206896551724,29,36,36.0,2,2,0,Need Attention
16603,75,2,482.47,2,3,2,7,232,Others,241.235,14.117647058823529,34,91,45.5,2,1,0,Need Attention
16607,18,14,3347.71,4,5,5,14,455,Champions,239.12214285714285,16.622093023255815,140,359,25.642857142857142,1,1,0,Champions
16609,15,7,5493.46,4,5,5,14,455,Champions,784.78,8.768115942028986,155,253,36.142857142857146,1,1,0,Champions
16610,219,1,75.66,1,2,1,4,121,Hibernating,75.66,11.0,6,219,219.0,0,0,0,At Risk (used to be loyal)
16611,186,1,129.49,1,2,1,4,121,Hibernating,129.49,4.7,9,186,186.0,0,0,0,At Risk (used to be loyal)
16612,33,4,1187.66,4,4,4,12,444,Champions,296.91499999999996,7.666666666666667,48,312,78.0,1,0,0,Champions
16613,70,1,618.59,3,2,3,8,323,Need Attention,618.5900000000001,9.766666666666667,30,70,70.0,2,2,0,Need Attention
16614,183,1,506.19,1,2,3,6,123,Others,506.19,8.576923076923077,26,183,183.0,0,0,0,At Risk (used to be loyal)
16616,15,2,500.42,4,3,3,10,433,Others,250.21,11.212121212121213,31,157,78.5,2,0,0,Need Attention
16617,236,1,151.85,1,2,1,4,121,Hibernating,151.85000000000002,18.2,5,236,236.0,0,0,0,At Risk (used to be loyal)
16618,31,5,2647.59,4,4,5,13,445,Champions,529.5179999999999,14.197916666666666,79,323,64.6,1,1,0,Champions
16619,264,1,226.21,1,2,1,4,121,Hibernating,226.21,9.5,14,264,264.0,0,0,0,At Risk (used to be loyal)
16620,4,2,178.96,5,3,1,9,531,Others,89.48,9.777777777777779,9,261,130.5,0,0,0,At Risk (used to be loyal)
16621,52,4,813.48,3,4,3,10,343,Loyal,203.37000000000003,10.413793103448276,22,278,69.5,0,0,0,At Risk (used to be loyal)
16623,246,1,129.45,1,2,1,4,121,Hibernating,129.45,7.8,5,246,246.0,0,0,0,At Risk (used to be loyal)
16624,81,2,810.5699999999999,2,3,3,8,233,Others,405.28499999999997,10.166666666666666,44,197,98.5,0,0,0,At Risk (used to be loyal)
16625,275,1,333.08,1,2,2,5,122,Hibernating,333.08,7.130434782608695,23,275,275.0,0,0,0,At Risk (used to be loyal)
16626,1,17,4413.1,5,5,5,15,555,Champions,259.59411764705885,15.027932960893855,86,267,15.705882352941176,1,1,0,Champions
16627,79,1,322.8,2,2,2,6,222,Hibernating,322.80000000000007,8.1,20,79,79.0,2,2,0,Need Attention
16628,30,5,2188.05,4,4,5,13,445,Champions,437.61,10.2991452991453,79,235,47.0,1,1,0,Champions
16629,74,2,417.73,2,3,2,7,232,Others,208.865,7.703125,58,96,48.0,2,1,0,Need Attention
16633,17,6,2883.1,4,5,5,14,455,Champions,480.5166666666667,7.4868421052631575,115,234,39.0,1,1,0,Champions
16634,223,2,217.9,1,3,1,5,131,Others,108.95,9.11111111111111,9,372,186.0,0,0,0,At Risk (used to be loyal)
16637,32,4,1154.47,4,4,4,12,444,Champions,288.61750000000006,13.434782608695652,66,226,56.5,1,1,0,Champions
16638,23,10,1680.72,4,5,4,13,454,Champions,168.072,13.351063829787234,92,369,36.9,1,1,0,Champions
16639,31,3,1257.51,4,4,4,12,444,Champions,419.17,10.2,48,236,78.66666666666667,1,0,0,Champions
16641,106,1,231.10000000000002,2,2,1,5,221,Hibernating,231.10000000000002,21.333333333333332,12,106,106.0,0,2,0,At Risk (used to be loyal)
16642,5,2,688.33,5,3,3,11,533,Others,344.165,14.088235294117647,32,208,104.0,1,0,0,Champions
16643,246,1,487.51,1,2,2,5,122,Hibernating,487.51,9.962962962962964,27,246,246.0,0,0,0,At Risk (used to be loyal)
16644,178,2,833.78,2,3,3,8,233,Others,416.89,13.32258064516129,62,212,106.0,0,0,0,At Risk (used to be loyal)
16647,170,2,214.06,2,3,1,6,231,Others,107.03,10.428571428571429,12,205,102.5,0,0,0,At Risk (used to be loyal)
16648,43,1,290.65999999999997,3,2,2,7,322,Need Attention,290.65999999999997,14.789473684210526,19,43,43.0,2,2,0,Need Attention
16650,72,1,518.42,3,2,3,8,323,Need Attention,518.4200000000001,15.5,24,72,72.0,2,2,0,Need Attention
16652,59,7,6773.97,3,5,5,13,355,Loyal,967.71,27.822033898305083,74,273,39.0,1,1,0,Champions
16653,16,2,1212.66,4,3,4,11,434,Others,606.3300000000002,10.623188405797102,67,71,35.5,2,1,0,Need Attention
16654,141,4,601.27,2,4,3,9,243,At Risk,150.31749999999997,9.724137931034482,29,368,92.0,0,0,0,At Risk (used to be loyal)
16655,18,6,3794.52,4,5,5,14,455,Champions,632.42,9.068965517241379,208,332,55.333333333333336,1,1,0,Champions
16656,22,15,8625.8,4,5,5,14,455,Champions,575.0533333333334,121.83561643835617,14,365,24.333333333333332,1,0,0,Champions
16657,10,4,933.62,5,4,3,12,543,Loyal,233.40499999999997,5.908653846153846,158,255,63.75,1,1,0,Champions
16658,368,1,123.24,1,2,1,4,121,Hibernating,123.24,5.0,8,368,368.0,0,0,0,At Risk (used to be loyal)
16659,189,1,39.12,1,2,1,4,121,Hibernating,39.12,36.0,2,189,189.0,0,0,0,At Risk (used to be loyal)
16660,16,4,1267.6499999999999,4,4,4,12,444,Champions,316.91249999999997,35.6875,16,320,80.0,1,0,0,Champions
16665,362,1,135.39999999999998,1,2,1,4,121,Hibernating,135.39999999999998,6.555555555555555,9,362,362.0,0,0,0,At Risk (used to be loyal)
16666,19,1,118.98,4,2,1,7,421,New / Promising,118.97999999999999,7.28125,32,19,19.0,2,2,0,Need Attention
16667,68,2,570.13,3,3,3,9,333,Need Attention,285.065,4.471698113207547,52,284,142.0,0,0,0,At Risk (used to be loyal)
16668,15,6,306.71999999999997,4,5,2,11,452,Loyal,51.12,15.9,9,285,47.5,0,0,-1,At Risk (used to be loyal)
16669,24,3,1374.8700000000001,4,4,4,12,444,Champions,458.28999999999996,5.55,141,78,26.0,1,1,0,Champions
16670,17,11,4095.9,4,5,5,14,455,Champions,372.3545454545455,10.142857142857142,179,359,32.63636363636363,1,1,0,Champions
16671,28,3,1692.27,4,4,4,12,444,Champions,564.09,145.83333333333334,3,165,55.0,0,0,-1,At Risk (used to be loyal)
16672,2,20,8134.9400000000005,5,5,5,15,555,Champions,406.74699999999996,24.842105263157894,22,267,13.35,1,1,0,Champions
16674,55,2,319.61,3,3,2,8,332,Need Attention,159.80499999999998,1.9183673469387754,89,98,49.0,2,0,0,Need Attention
16676,34,4,1592.1200000000001,3,4,4,11,344,Loyal,398.03,7.146067415730337,75,337,84.25,1,0,0,Champions
16678,3,12,3109.99,5,5,5,15,555,Champions,259.1658333333333,14.705521472392638,92,283,23.583333333333332,1,1,0,Champions
16679,366,1,129.75,1,2,1,4,121,Hibernating,129.75,9.666666666666666,3,366,366.0,0,0,0,At Risk (used to be loyal)
16680,43,1,183.7,3,2,1,6,321,Need Attention,183.7,9.4,10,43,43.0,2,2,0,Need Attention
16681,73,6,1770.34,2,5,4,11,254,At Risk,295.0566666666667,31.977272727272727,18,253,42.166666666666664,1,0,0,Champions
16682,5,5,1028.0,5,4,4,13,544,Champions,205.59999999999997,34.666666666666664,15,188,37.6,1,0,0,Champions
16684,4,28,66653.56,5,5,5,15,555,Champions,2380.4842857142858,181.4259927797834,119,358,12.785714285714286,1,1,-1,Champions
16685,61,2,324.24,3,3,2,8,332,Need Attention,162.12,6.387096774193548,60,61,30.5,2,1,0,Need Attention
16686,47,7,3062.83,3,5,5,13,355,Loyal,437.54714285714283,3.47008547008547,406,355,50.714285714285715,1,1,0,Champions
16688,1,4,1260.86,5,4,4,13,544,Champions,315.215,12.96774193548387,52,61,15.25,2,1,0,Need Attention
16689,76,2,422.59999999999997,2,3,2,7,232,Others,211.29999999999998,25.384615384615383,12,82,41.0,2,2,0,Need Attention
16690,72,2,225.57999999999998,3,3,1,7,331,Need Attention,112.78999999999998,11.5,10,202,101.0,0,0,0,At Risk (used to be loyal)
16692,256,2,1276.0,1,3,4,8,134,Others,638.0,50.666666666666664,2,289,144.5,0,0,0,At Risk (used to be loyal)
16693,69,2,482.01,3,3,2,8,332,Need Attention,241.005,3.4,58,272,136.0,0,0,0,At Risk (used to be loyal)
16696,135,4,657.9000000000001,2,4,3,9,243,At Risk,164.47500000000002,14.6,7,248,62.0,0,0,0,At Risk (used to be loyal)
16697,241,1,112.75,1,2,1,4,121,Hibernating,112.75000000000001,1.2857142857142858,20,241,241.0,0,0,0,At Risk (used to be loyal)
16698,227,2,1998.0,1,3,4,8,134,Others,999.0,168.0,4,253,126.5,0,0,-1,At Risk (used to be loyal)
16700,9,13,5076.55,5,5,5,15,555,Champions,390.5038461538462,13.064935064935066,159,366,28.153846153846153,1,1,0,Champions
16701,9,13,5398.3,5,5,5,15,555,Champions,415.2538461538461,44.395833333333336,99,362,27.846153846153847,1,1,0,Champions
16705,1,20,14034.99,5,5,5,15,555,Champions,701.7495000000001,20.28148148148148,133,359,17.95,1,1,0,Champions
16706,37,3,531.35,3,4,3,10,343,Loyal,177.11666666666665,2.024390243902439,108,114,38.0,2,1,0,Need Attention
16708,46,1,656.63,3,2,3,8,323,Need Attention,656.6300000000001,10.555555555555555,27,46,46.0,2,2,0,Need Attention
16709,85,5,3029.87,2,4,5,11,245,At Risk,605.974,10.772151898734178,64,282,56.4,1,0,0,Champions
16710,19,10,2483.04,4,5,5,14,455,Champions,248.304,4.567164179104478,268,368,36.8,1,1,0,Champions
16711,3,5,1651.03,5,4,4,13,544,Champions,330.206,37.86363636363637,18,358,71.6,1,0,0,Champions
16712,9,11,3645.43,5,5,5,15,555,Champions,331.4027272727273,3.912751677852349,259,276,25.09090909090909,1,1,0,Champions
16713,19,15,6923.13,4,5,5,14,455,Champions,461.54200000000003,6.852564102564102,338,366,24.4,1,1,0,Champions
16714,219,3,1161.53,1,4,4,9,144,At Risk,387.1766666666667,6.559139784946237,77,317,105.66666666666667,0,0,0,At Risk (used to be loyal)
16715,78,1,301.71999999999997,2,2,2,6,222,Hibernating,301.71999999999997,33.78947368421053,19,78,78.0,2,2,0,Need Attention
16716,267,2,901.2,1,3,3,7,133,Others,450.6,60.0,1,311,155.5,0,0,0,At Risk (used to be loyal)
16717,24,6,3858.38,4,5,5,14,455,Champions,643.0633333333334,9.376884422110553,176,366,61.0,1,1,0,Champions
16718,369,1,623.75,1,2,3,6,123,Others,623.7500000000001,9.177777777777777,41,369,369.0,0,0,0,At Risk (used to be loyal)
16719,15,7,1790.42,4,5,4,13,454,Champions,255.77428571428572,5.990049751243781,107,369,52.714285714285715,1,1,0,Champions
16720,26,1,155.24,4,2,1,7,421,New / Promising,155.24,6.7407407407407405,25,26,26.0,2,2,0,Need Attention
16721,262,1,292.47,1,2,2,5,122,Hibernating,292.46999999999997,4.648648648648648,37,262,262.0,0,0,0,At Risk (used to be loyal)
16722,17,13,4730.81,4,5,5,14,455,Champions,363.9084615384615,22.226666666666667,96,368,28.307692307692307,1,1,0,Champions
16723,91,2,589.15,2,3,3,8,233,Others,294.57499999999993,9.279069767441861,37,108,54.0,2,0,0,Need Attention
16725,302,7,781.02,1,5,3,9,153,At Risk,111.57428571428571,1.9470198675496688,110,371,53.0,0,0,0,At Risk (used to be loyal)
16726,26,5,1382.02,4,4,4,12,444,Champions,276.404,5.281081081081081,121,361,72.2,1,1,0,Champions
16727,364,1,272.82,1,2,2,5,122,Hibernating,272.81999999999994,3.847826086956522,41,364,364.0,0,0,0,At Risk (used to be loyal)
16728,46,4,1054.67,3,4,4,11,344,Loyal,263.6675,2.516728624535316,218,264,66.0,1,1,0,Champions
16729,38,21,7239.92,3,5,5,13,355,Loyal,344.7580952380952,8.762121212121212,234,241,11.476190476190476,1,1,0,Champions
16730,52,3,743.11,3,4,3,10,343,Loyal,247.70333333333335,12.121951219512194,75,319,106.33333333333333,0,0,0,At Risk (used to be loyal)
16732,32,1,603.75,4,2,3,9,423,New / Promising,603.7499999999999,11.321428571428571,28,32,32.0,2,2,0,Need Attention
16734,52,3,650.51,3,4,3,10,343,Loyal,216.83666666666667,6.528301886792453,44,114,38.0,2,1,0,Need Attention
16735,79,5,2300.56,2,4,5,11,245,At Risk,460.11199999999997,12.584,88,334,66.8,1,0,0,Champions
16737,53,1,417.59999999999997,3,2,2,7,322,Need Attention,417.59999999999997,288.0,1,53,53.0,2,0,-1,Need Attention
16738,298,1,3.75,1,2,1,4,121,Hibernating,3.75,3.0,1,298,298.0,0,0,-1,At Risk (used to be loyal)
16739,177,1,323.0,2,2,2,6,222,Hibernating,323.00000000000006,13.23076923076923,13,177,177.0,0,0,0,At Risk (used to be loyal)
16742,47,1,464.9,3,2,2,7,322,Need Attention,464.9,1.0,1,47,47.0,2,2,0,Need Attention
16743,29,7,2238.09,4,5,5,14,455,Champions,319.7271428571429,10.717277486910994,89,359,51.285714285714285,1,1,0,Champions
16744,11,7,1304.76,5,5,4,14,554,Champions,186.3942857142857,3.3264462809917354,198,173,24.714285714285715,1,1,0,Champions
16745,87,17,7194.3,2,5,5,12,255,At Risk,423.1941176470588,18.865546218487395,148,312,18.352941176470587,1,1,0,Champions
16746,5,18,6697.66,5,5,5,15,555,Champions,372.09222222222223,10.389755011135858,234,359,19.944444444444443,1,1,0,Champions
16747,38,2,836.06,3,3,3,9,333,Need Attention,418.03,13.880952380952381,34,68,34.0,2,1,0,Need Attention
16748,18,5,1515.9,4,4,4,12,444,Champions,303.17999999999995,12.753623188405797,42,334,66.8,1,1,0,Champions
16750,45,5,623.93,3,4,3,10,343,Loyal,124.78600000000002,2.2526315789473683,74,232,46.4,1,0,0,Champions
16751,31,1,1764.72,4,2,4,10,424,New / Promising,1764.7199999999998,41.24,24,31,31.0,2,0,-1,Need Attention
16752,373,1,207.5,1,2,1,4,121,Hibernating,207.5,6.0,9,373,373.0,0,0,0,At Risk (used to be loyal)
16753,58,1,223.92000000000002,3,2,1,6,321,Need Attention,223.92,5.5588235294117645,34,58,58.0,2,2,0,Need Attention
16754,372,1,2002.4,1,2,4,7,124,Others,2002.4,2140.0,2,372,372.0,0,0,-1,At Risk (used to be loyal)
16755,114,3,1496.83,2,4,4,10,244,At Risk,498.9433333333333,6.258823529411765,133,316,105.33333333333333,1,0,0,Champions
16756,215,1,239.4,1,2,1,4,121,Hibernating,239.40000000000003,8.153846153846153,13,215,215.0,0,0,0,At Risk (used to be loyal)
16757,319,1,106.83000000000001,1,2,1,4,121,Hibernating,106.83,11.571428571428571,7,319,319.0,0,0,0,At Risk (used to be loyal)
16758,65,1,369.34000000000003,3,2,2,7,322,Need Attention,369.34000000000003,9.227272727272727,22,65,65.0,2,2,0,Need Attention
16759,8,3,789.79,5,4,3,12,543,Loyal,263.2633333333333,14.5,40,31,10.333333333333334,2,2,0,Need Attention
16761,97,1,316.62,2,2,2,6,222,Hibernating,316.62,26.23076923076923,13,97,97.0,0,2,0,At Risk (used to be loyal)
16762,20,3,1501.38,4,4,4,12,444,Champions,500.46,6.943820224719101,51,144,48.0,1,1,0,Champions
16763,199,1,611.85,1,2,3,6,123,Others,611.8500000000001,13.869565217391305,23,199,199.0,0,0,0,At Risk (used to be loyal)
16764,4,13,2799.25,5,5,5,15,555,Champions,215.32692307692307,1.7832861189801699,209,143,11.0,1,1,0,Champions
16765,294,1,34.0,1,2,1,4,121,Hibernating,34.0,4.0,1,294,294.0,0,0,0,At Risk (used to be loyal)
16766,273,2,1145.6,1,3,4,8,134,Others,572.7999999999998,15.764705882352942,17,273,136.5,0,0,0,At Risk (used to be loyal)
16767,31,11,5580.6,4,5,5,14,455,Champions,507.32727272727266,19.97747747747748,148,316,28.727272727272727,1,1,0,Champions
16768,48,3,478.09000000000003,3,4,2,9,342,Loyal,159.36333333333332,3.6296296296296298,47,272,90.66666666666667,0,0,0,At Risk (used to be loyal)
16769,260,1,380.39,1,2,2,5,122,Hibernating,380.39,2.075,33,260,260.0,0,0,0,At Risk (used to be loyal)
16770,58,5,770.1,3,4,3,10,343,Loyal,154.02,3.2,116,372,74.4,1,0,0,Champions
16771,33,5,2246.81,4,4,5,13,445,Champions,449.3620000000001,5.8392156862745095,200,338,67.6,1,1,0,Champions
16773,57,1,171.59,3,2,1,6,321,Need Attention,171.59,6.576923076923077,23,57,57.0,2,2,0,Need Attention
16774,68,4,661.52,3,4,3,10,343,Loyal,165.38,6.708333333333333,36,179,44.75,0,0,0,At Risk (used to be loyal)
16775,10,11,1695.66,5,5,4,14,554,Champions,154.15090909090907,2.7848101265822787,84,367,33.36363636363637,1,1,0,Champions
16776,60,1,388.28,3,2,2,7,322,Need Attention,388.2800000000001,3.4473684210526314,61,60,60.0,2,2,0,Need Attention
16777,80,2,226.35,2,3,1,6,231,Others,113.17500000000001,1.28,45,257,128.5,0,0,0,At Risk (used to be loyal)
16778,74,2,245.94,2,3,1,6,231,Others,122.97,12.125,16,274,137.0,0,0,0,At Risk (used to be loyal)
16779,2,22,10629.720000000001,5,5,5,15,555,Champions,483.169090909091,15.99099099099099,161,367,16.681818181818183,1,1,0,Champions
16780,100,2,425.19,2,3,2,7,232,Others,212.595,4.516666666666667,51,259,129.5,0,0,0,At Risk (used to be loyal)
16781,372,1,311.25,1,2,2,5,122,Hibernating,311.25,6.647058823529412,17,372,372.0,0,0,0,At Risk (used to be loyal)
16782,10,13,2279.9,5,5,5,15,555,Champions,175.37692307692308,3.7473684210526317,103,366,28.153846153846153,1,1,0,Champions
16784,20,1,107.6,4,2,1,7,421,New / Promising,107.6,8.0,3,20,20.0,2,2,0,Need Attention
16788,123,2,597.48,2,3,3,8,233,Others,298.73999999999995,2.0064516129032257,138,254,127.0,0,0,0,At Risk (used to be loyal)
16789,8,1,80.8,5,2,1,8,521,New / Promising,80.8,6.4,5,8,8.0,2,2,-1,Need Attention
16790,4,6,1545.6200000000001,5,5,4,14,554,Champions,257.60333333333335,9.655913978494624,88,38,6.333333333333333,2,1,0,Need Attention
16791,29,7,1721.78,4,5,4,13,454,Champions,245.96857142857138,2.384375,218,332,47.42857142857143,1,1,0,Champions
16792,282,2,110.38000000000001,1,3,1,5,131,Others,55.190000000000005,3.6666666666666665,11,282,141.0,0,0,0,At Risk (used to be loyal)
16793,57,1,243.84,3,2,1,6,321,Need Attention,243.84,9.125,16,57,57.0,2,2,0,Need Attention
16794,1,10,1222.71,5,5,4,14,554,Champions,122.27099999999999,3.287719298245614,142,180,18.0,1,1,0,Champions
16795,365,1,414.88,1,2,2,5,122,Hibernating,414.87999999999994,3.621212121212121,64,365,365.0,0,0,0,At Risk (used to be loyal)
16796,89,1,305.62,2,2,2,6,222,Hibernating,305.61999999999995,10.333333333333334,18,89,89.0,0,2,0,At Risk (used to be loyal)
16800,11,1,1201.49,5,2,4,11,524,New / Promising,1201.4899999999998,3.292682926829268,148,11,11.0,2,2,-1,Need Attention
16801,163,4,1619.73,2,4,4,10,244,At Risk,404.9325,6.565789473684211,72,273,68.25,1,0,0,Champions
16803,65,1,332.3,3,2,2,7,322,Need Attention,332.3,10.208333333333334,24,65,65.0,2,2,0,Need Attention
16804,23,3,536.99,4,4,3,11,443,Loyal,178.99666666666667,4.1,59,270,90.0,0,0,0,At Risk (used to be loyal)
16805,174,2,460.59,2,3,2,7,232,Others,230.29499999999996,5.5,94,360,180.0,0,0,0,At Risk (used to be loyal)
16806,103,4,801.49,2,4,3,9,243,At Risk,200.37250000000003,3.6699029126213594,68,239,59.75,0,0,0,At Risk (used to be loyal)
16807,143,3,1121.59,2,4,4,10,244,At Risk,373.8633333333333,11.611940298507463,57,271,90.33333333333333,0,0,0,At Risk (used to be loyal)
16808,99,2,288.42,2,3,2,7,232,Others,144.21,8.521739130434783,21,274,137.0,0,0,0,At Risk (used to be loyal)
16809,23,5,914.69,4,4,3,11,443,Loyal,182.93800000000002,4.375838926174497,79,262,52.4,1,1,0,Champions
16810,192,1,309.54,1,2,2,5,122,Hibernating,309.53999999999996,7.6,15,192,192.0,0,0,0,At Risk (used to be loyal)
16811,5,2,547.07,5,3,3,11,533,Others,273.53499999999997,17.035714285714285,26,17,8.5,2,2,0,Need Attention
16812,361,1,479.35,1,2,2,5,122,Hibernating,479.3500000000001,5.4,15,361,361.0,0,0,0,At Risk (used to be loyal)
16813,8,10,1692.98,5,5,4,14,554,Champions,169.298,3.3964365256124722,248,204,20.4,1,1,0,Champions
16814,14,21,6509.1,4,5,5,14,455,Champions,309.95714285714286,8.546296296296296,122,370,17.61904761904762,1,1,0,Champions
16816,103,4,417.06,2,4,2,8,242,At Risk,104.26500000000001,9.785714285714286,28,358,89.5,0,0,0,At Risk (used to be loyal)
16817,3,9,1604.75,5,5,4,14,554,Champions,178.30555555555554,9.55813953488372,73,368,40.888888888888886,1,1,0,Champions
16818,11,11,3349.57,5,5,5,15,555,Champions,304.50636363636363,11.51063829787234,172,206,18.727272727272727,1,1,0,Champions
16820,96,1,497.61,2,2,3,7,223,Others,497.61,11.807692307692308,26,96,96.0,0,2,0,At Risk (used to be loyal)
16823,227,1,358.38,1,2,2,5,122,Hibernating,358.37999999999994,3.5789473684210527,34,227,227.0,0,0,0,At Risk (used to be loyal)
16824,16,2,460.64,4,3,2,9,432,Others,230.32,9.076923076923077,23,164,82.0,0,0,0,At Risk (used to be loyal)
16825,39,2,775.1800000000001,3,3,3,9,333,Need Attention,387.59000000000003,20.214285714285715,27,186,93.0,0,0,0,At Risk (used to be loyal)
16826,51,1,341.7,3,2,2,7,322,Need Attention,341.70000000000005,7.181818181818182,22,51,51.0,2,2,0,Need Attention
16828,93,2,128.5,2,3,1,6,231,Others,64.25,7.375,8,112,56.0,0,0,0,At Risk (used to be loyal)
16829,157,1,197.22,2,2,1,5,221,Hibernating,197.22,9.0,11,157,157.0,0,2,0,At Risk (used to be loyal)
16830,39,1,325.91,3,2,2,7,322,Need Attention,325.90999999999997,11.478260869565217,23,39,39.0,2,2,0,Need Attention
16832,184,3,199.15,1,4,1,6,141,At Risk,66.38333333333334,2.75,11,217,72.33333333333333,0,0,0,At Risk (used to be loyal)
16833,1,4,1106.53,5,4,4,13,544,Champions,276.6325,9.361702127659575,46,334,83.5,1,1,0,Champions
16834,228,1,413.46,1,2,2,5,122,Hibernating,413.46000000000004,14.916666666666666,24,228,228.0,0,0,0,At Risk (used to be loyal)
16835,128,2,180.85,2,3,1,6,231,Others,90.42500000000001,6.1,10,373,186.5,0,0,0,At Risk (used to be loyal)
16836,40,2,251.87,3,3,2,8,332,Need Attention,125.935,15.0,11,117,58.5,0,0,0,At Risk (used to be loyal)
16837,31,11,3170.98,4,5,5,14,455,Champions,288.2709090909091,9.472727272727273,123,246,22.363636363636363,1,1,0,Champions
16838,197,2,588.85,1,3,3,7,133,Others,294.425,7.4,24,288,144.0,0,0,0,At Risk (used to be loyal)
16839,9,34,16594.35,5,5,5,15,555,Champions,488.06911764705876,33.7406015037594,114,370,10.882352941176471,1,1,0,Champions
16841,37,6,1869.82,3,5,4,12,354,Loyal,311.63666666666666,19.396551724137932,101,288,48.0,1,1,0,Champions
16842,101,3,1264.19,2,4,4,10,244,At Risk,421.3966666666667,11.0,45,302,100.66666666666667,0,0,0,At Risk (used to be loyal)
16843,43,16,10196.57,3,5,5,13,355,Loyal,637.2856250000001,26.875661375661377,226,327,20.4375,1,1,0,Champions
16846,50,1,214.32,3,2,1,6,321,Need Attention,214.32000000000002,12.272727272727273,11,50,50.0,2,2,0,Need Attention
16847,43,1,193.44,3,2,1,6,321,Need Attention,193.44,6.5,12,43,43.0,2,2,0,Need Attention
16848,53,1,281.42,3,2,2,7,322,Need Attention,281.42,13.0,14,53,53.0,2,2,0,Need Attention
16849,187,1,124.57,1,2,1,4,121,Hibernating,124.57,4.125,8,187,187.0,0,0,0,At Risk (used to be loyal)
16850,334,1,332.41,1,2,2,5,122,Hibernating,332.41,13.105263157894736,19,334,334.0,0,0,0,At Risk (used to be loyal)
16851,4,3,342.45,5,4,2,11,542,Loyal,114.15000000000002,13.55,17,52,17.333333333333332,2,1,0,Need Attention
16852,10,2,144.91000000000003,5,3,1,9,531,Others,72.455,6.222222222222222,9,176,88.0,0,0,0,At Risk (used to be loyal)
16855,24,2,328.4,4,3,2,9,432,Others,164.20000000000002,8.631578947368421,19,43,21.5,2,1,0,Need Attention
16856,15,1,35.400000000000006,4,2,1,7,421,New / Promising,35.400000000000006,6.0,2,15,15.0,2,2,-1,Need Attention
16858,369,1,375.69000000000005,1,2,2,5,122,Hibernating,375.69000000000005,9.1,9,369,369.0,0,0,0,At Risk (used to be loyal)
16859,145,2,747.81,2,3,3,8,233,Others,373.90500000000003,15.903846153846153,50,261,130.5,0,0,0,At Risk (used to be loyal)
16861,60,2,173.76,3,3,1,7,331,Need Attention,86.88,23.333333333333332,6,158,79.0,0,0,0,At Risk (used to be loyal)
16863,31,2,502.8,4,3,3,10,433,Others,251.4,15.73076923076923,25,367,183.5,0,0,0,At Risk (used to be loyal)
16866,141,3,207.73999999999998,2,4,1,7,241,At Risk,69.24666666666666,5.454545454545454,10,162,54.0,0,0,0,At Risk (used to be loyal)
16869,23,4,825.42,4,4,3,11,443,Loyal,206.35500000000002,4.5703125,113,175,43.75,1,1,0,Champions
16871,22,6,2812.34,4,5,5,14,455,Champions,468.72333333333336,9.145985401459853,131,271,45.166666666666664,1,1,0,Champions
16872,77,3,680.02,2,4,3,9,243,At Risk,226.67333333333332,85.71428571428571,5,184,61.333333333333336,0,0,0,At Risk (used to be loyal)
16873,5,6,7123.62,5,5,5,15,555,Champions,1187.2700000000002,13.763440860215054,179,364,60.666666666666664,1,1,0,Champions
16875,67,5,2095.53,3,4,5,12,345,Loyal,419.10600000000005,9.544642857142858,93,340,68.0,1,0,0,Champions
16877,12,6,853.72,5,5,3,13,553,Loyal,142.28666666666666,2.911949685534591,111,208,34.666666666666664,1,0,0,Champions
16878,84,1,13.3,2,2,1,5,221,Hibernating,13.3,4.0,3,84,84.0,0,0,-1,At Risk (used to be loyal)
16880,31,7,1519.08,4,5,4,13,454,Champions,217.01142857142858,4.230337078651686,121,189,27.0,1,1,0,Champions
16881,67,1,432.0,3,2,2,7,322,Need Attention,432.0,600.0,1,67,67.0,2,0,-1,Need Attention
16882,67,3,705.12,3,4,3,10,343,Loyal,235.04,10.871794871794872,39,317,105.66666666666667,0,0,0,At Risk (used to be loyal)
16883,187,2,276.73,1,3,2,6,132,Others,138.36499999999998,2.736842105263158,33,372,186.0,0,0,0,At Risk (used to be loyal)
16884,38,2,429.84000000000003,3,3,2,8,332,Need Attention,214.92000000000002,12.307692307692308,26,38,19.0,2,2,0,Need Attention
16885,15,3,471.51,4,4,2,10,442,Loyal,157.17,1.8217821782178218,82,357,119.0,0,0,0,At Risk (used to be loyal)
16887,35,1,194.88,3,2,1,6,321,Need Attention,194.88000000000002,4.243243243243243,35,35,35.0,2,2,0,Need Attention
16889,195,3,1578.67,1,4,4,9,144,At Risk,526.2233333333334,6.851851851851852,112,337,112.33333333333333,1,0,0,Champions
16891,2,5,809.7,5,4,3,12,543,Loyal,161.94,1.3940886699507389,166,372,74.4,1,1,0,Champions
16892,1,5,525.54,5,4,3,12,543,Loyal,105.10800000000002,2.414141414141414,87,184,36.8,1,1,0,Champions
16893,367,1,145.93,1,2,1,4,121,Hibernating,145.93,1.3777777777777778,44,367,367.0,0,0,0,At Risk (used to be loyal)
16895,65,1,219.14,3,2,1,6,321,Need Attention,219.14000000000001,1.4782608695652173,57,65,65.0,2,2,0,Need Attention
16897,299,2,289.78,1,3,2,6,132,Others,144.89,1.972972972972973,37,314,157.0,0,0,0,At Risk (used to be loyal)
16898,26,3,508.81,4,4,3,11,443,Loyal,169.60333333333332,2.5864197530864197,150,369,123.0,0,0,0,At Risk (used to be loyal)
16899,8,6,1281.56,5,5,4,14,554,Champions,213.59333333333333,4.176,80,360,60.0,1,1,0,Champions
16900,17,3,887.11,4,4,3,11,443,Loyal,295.7033333333333,10.544303797468354,78,63,21.0,2,2,0,Need Attention
16902,116,1,1706.88,2,2,4,8,224,Others,1706.88,14.295454545454545,43,116,116.0,0,0,0,At Risk (used to be loyal)
16903,29,1,373.24,4,2,2,8,422,New / Promising,373.24,4.366666666666666,50,29,29.0,2,2,0,Need Attention
16904,4,16,3754.27,5,5,5,15,555,Champions,234.641875,2.8647887323943664,387,367,22.9375,1,1,0,Champions
16905,5,7,3102.43,5,5,5,15,555,Champions,443.20428571428573,6.769230769230769,117,372,53.142857142857146,1,1,0,Champions
16906,82,4,579.77,2,4,3,9,243,At Risk,144.94250000000008,3.021505376344086,74,249,62.25,0,0,0,At Risk (used to be loyal)
16907,29,5,981.65,4,4,4,12,444,Champions,196.32999999999998,1.9735099337748345,89,365,73.0,1,0,0,Champions
16909,72,1,379.14,3,2,2,7,322,Need Attention,379.14,24.22222222222222,18,72,72.0,2,2,0,Need Attention
16910,4,8,1510.06,5,5,4,14,554,Champions,188.7575,1.6197440585009142,318,91,11.375,1,1,-1,Champions
16912,29,11,2575.38,4,5,5,14,455,Champions,234.12545454545455,10.188118811881187,88,323,29.363636363636363,1,1,0,Champions
16913,290,1,113.44,1,2,1,4,121,Hibernating,113.44,10.25,8,290,290.0,0,0,0,At Risk (used to be loyal)
16914,36,1,208.46,3,2,1,6,321,Need Attention,208.45999999999995,3.1842105263157894,25,36,36.0,2,2,0,Need Attention
16915,9,6,621.6800000000001,5,5,3,13,553,Loyal,103.61333333333334,2.3157894736842106,46,284,47.333333333333336,1,0,0,Champions
16916,24,2,576.26,4,3,3,10,433,Others,288.13000000000005,3.076923076923077,129,372,186.0,0,0,0,At Risk (used to be loyal)
16917,277,1,391.52,1,2,2,5,122,Hibernating,391.52000000000004,25.77777777777778,9,277,277.0,0,0,0,At Risk (used to be loyal)
16918,50,6,1068.82,3,5,4,12,354,Loyal,178.13666666666668,5.6328125,97,317,52.833333333333336,1,1,0,Champions
16919,156,11,2596.45,2,5,5,12,255,At Risk,236.0409090909091,4.321100917431193,141,368,33.45454545454545,1,1,0,Champions
16921,61,1,169.79,3,2,1,6,321,Need Attention,169.79000000000002,2.85,50,61,61.0,2,2,0,Need Attention
16923,12,19,7247.61,5,5,5,15,555,Champions,381.4531578947369,5.084821428571429,313,363,19.105263157894736,1,1,0,Champions
16924,21,3,846.75,4,4,3,11,443,Loyal,282.25,5.9397590361445785,69,84,28.0,2,1,0,Need Attention
16926,371,1,230.25,1,2,1,4,121,Hibernating,230.25000000000003,2.5,14,371,371.0,0,0,0,At Risk (used to be loyal)
16927,116,3,543.05,2,4,3,9,243,At Risk,181.01666666666668,165.5,5,362,120.66666666666667,0,0,-1,At Risk (used to be loyal)
16928,80,17,2847.6,2,5,5,12,255,At Risk,167.50588235294117,10.114832535885167,69,373,21.941176470588236,1,1,0,Champions
16929,4,7,1295.39,5,5,4,14,554,Champions,185.05571428571426,12.064935064935066,51,156,22.285714285714285,1,1,0,Champions
16930,26,3,380.55,4,4,2,10,442,Loyal,126.84999999999998,6.314814814814815,47,68,22.666666666666668,2,1,0,Need Attention
16931,5,21,4604.22,5,5,5,15,555,Champions,219.2485714285714,3.516703786191537,448,370,17.61904761904762,1,1,0,Champions
16932,53,1,161.94,3,2,1,6,321,Need Attention,161.93999999999997,1.6415094339622642,44,53,53.0,2,2,0,Need Attention
16933,1,2,563.23,5,3,3,11,533,Others,281.615,6.545454545454546,42,239,119.5,1,1,0,Champions
16934,55,2,950.9300000000001,3,3,4,10,334,Need Attention,475.46500000000003,6.435483870967742,59,55,27.5,2,1,0,Need Attention
16936,26,1,262.68,4,2,2,8,422,New / Promising,262.68,3.0350877192982457,56,26,26.0,2,2,0,Need Attention
16938,9,4,2736.38,5,4,5,14,545,Champions,684.095,10.53941908713693,212,309,77.25,1,1,0,Champions
16940,52,3,3049.88,3,4,5,12,345,Loyal,1016.6266666666667,7.111475409836066,226,290,96.66666666666667,1,1,0,Champions
16942,13,9,1920.59,5,5,4,14,554,Champions,213.39888888888888,2.886120996441281,159,228,25.333333333333332,1,1,0,Champions
16943,212,3,816.73,1,4,3,8,143,At Risk,272.2433333333333,4.393939393939394,23,318,106.0,0,0,0,At Risk (used to be loyal)
16945,22,19,4345.5,4,5,5,14,455,Champions,228.71052631578948,10.943775100401606,137,358,18.842105263157894,1,1,0,Champions
16947,236,1,406.48,1,2,2,5,122,Hibernating,406.48,14.857142857142858,21,236,236.0,0,0,0,At Risk (used to be loyal)
16948,139,3,435.02,2,4,2,8,242,At Risk,145.0066666666667,84.94736842105263,15,326,108.66666666666667,0,0,0,At Risk (used to be loyal)
16949,4,6,1286.27,5,5,4,14,554,Champions,214.37833333333336,13.183333333333334,57,317,52.833333333333336,1,1,0,Champions
16950,57,3,1178.56,3,4,4,11,344,Loyal,392.8533333333333,15.333333333333334,39,367,122.33333333333333,0,0,0,At Risk (used to be loyal)
16951,135,3,1277.75,2,4,4,10,244,At Risk,425.91666666666674,15.325581395348838,73,304,101.33333333333333,0,0,0,At Risk (used to be loyal)
16952,109,2,167.61,2,3,1,6,231,Others,83.80499999999999,5.75,16,109,54.5,0,0,0,At Risk (used to be loyal)
16953,30,1,20.8,4,2,1,7,421,New / Promising,20.8,10.0,1,30,30.0,2,2,-1,Need Attention
16954,1,9,2085.08,5,5,5,15,555,Champions,231.67555555555555,19.51851851851852,40,360,40.0,1,1,0,Champions
16955,185,4,518.67,1,4,3,8,143,At Risk,129.6675,10.64,18,373,93.25,0,0,0,At Risk (used to be loyal)
16956,18,1,308.74,4,2,2,8,422,New / Promising,308.74,7.125,16,18,18.0,2,2,0,Need Attention
16957,239,2,416.64,1,3,2,6,132,Others,208.32,10.75,15,282,141.0,0,0,0,At Risk (used to be loyal)
16959,87,1,117.35000000000001,2,2,1,5,221,Hibernating,117.35000000000001,7.0,7,87,87.0,0,2,0,At Risk (used to be loyal)
16960,39,3,507.05,3,4,3,10,343,Loyal,169.01666666666668,3.00990099009901,92,253,84.33333333333333,0,0,0,At Risk (used to be loyal)
16961,116,1,234.17,2,2,1,5,221,Hibernating,234.17000000000002,8.928571428571429,14,116,116.0,0,2,0,At Risk (used to be loyal)
16963,187,1,110.55000000000001,1,2,1,4,121,Hibernating,110.55000000000001,5.0,7,187,187.0,0,0,0,At Risk (used to be loyal)
16965,227,1,201.19,1,2,1,4,121,Hibernating,201.18999999999994,11.192307692307692,26,227,227.0,0,0,0,At Risk (used to be loyal)
16966,8,7,2154.97,5,5,5,15,555,Champions,307.8528571428572,70.75,8,240,34.285714285714285,1,0,0,Champions
16967,189,1,319.02,1,2,2,5,122,Hibernating,319.02,15.857142857142858,21,189,189.0,0,0,0,At Risk (used to be loyal)
16968,4,2,439.43,5,3,2,10,532,Others,219.715,10.516129032258064,31,108,54.0,2,1,0,Need Attention
16969,39,3,650.41,3,4,3,10,343,Loyal,216.80333333333337,19.428571428571427,42,192,64.0,0,0,0,At Risk (used to be loyal)
16971,38,1,357.21,3,2,2,7,322,Need Attention,357.21,1.7560975609756098,40,38,38.0,2,2,0,Need Attention
16976,267,1,251.51999999999998,1,2,2,5,122,Hibernating,251.51999999999998,44.0,2,267,267.0,0,0,0,At Risk (used to be loyal)
16978,78,1,344.33,2,2,2,6,222,Hibernating,344.3299999999999,4.256410256410256,39,78,78.0,2,2,0,Need Attention
16979,4,6,1852.0,5,5,4,14,554,Champions,308.6666666666667,9.719101123595506,64,298,49.666666666666664,1,1,0,Champions
16980,255,2,1078.96,1,3,4,8,134,Others,539.4800000000001,9.057471264367816,71,291,145.5,0,0,0,At Risk (used to be loyal)
16982,61,1,384.06,3,2,2,7,322,Need Attention,384.06,8.272727272727273,22,61,61.0,2,2,0,Need Attention
16983,13,7,1931.25,5,5,4,14,554,Champions,275.89285714285717,9.317567567567568,112,370,52.857142857142854,1,1,0,Champions
16984,88,2,4481.35,2,3,5,10,235,Others,2240.675,5.953316953316953,354,130,65.0,1,1,-1,Champions
16985,17,10,5464.12,4,5,5,14,455,Champions,546.4119999999999,15.266666666666667,62,359,35.9,1,1,0,Champions
16986,30,2,1873.2,4,3,4,11,434,Others,936.6,346.6666666666667,3,30,15.0,2,0,-1,Need Attention
16987,3,7,1625.05,5,5,4,14,554,Champions,232.15000000000003,3.116279069767442,74,205,29.285714285714285,1,1,0,Champions
16988,5,1,126.12,5,2,1,8,521,New / Promising,126.12,6.142857142857143,7,5,5.0,2,2,-1,Need Attention
16989,7,6,1133.25,5,5,4,14,554,Champions,188.875,102.75,7,151,25.166666666666668,1,0,-1,Champions
16990,219,1,179.0,1,2,1,4,121,Hibernating,179.0,100.0,1,219,219.0,0,0,0,At Risk (used to be loyal)
16992,11,5,1614.31,5,4,4,13,544,Champions,322.86199999999997,9.24731182795699,84,285,57.0,1,1,0,Champions
16996,30,6,1456.96,4,5,4,13,454,Champions,242.8266666666667,14.702702702702704,13,353,58.833333333333336,1,0,0,Champions
16997,288,3,702.0,1,4,3,8,143,At Risk,234.0,30.0,7,326,108.66666666666667,0,0,0,At Risk (used to be loyal)
16998,150,4,295.0,2,4,2,8,242,At Risk,73.75,19.0,1,304,76.0,0,0,0,At Risk (used to be loyal)
16999,23,2,484.82,4,3,2,9,432,Others,242.41,12.782608695652174,21,74,37.0,2,1,0,Need Attention
17001,1,11,3989.57,5,5,5,15,555,Champions,362.6881818181818,12.804733727810651,75,359,32.63636363636363,1,1,0,Champions
17002,86,3,1493.73,2,4,4,10,244,At Risk,497.9100000000001,13.857142857142858,41,291,97.0,1,0,0,Champions
17004,46,2,1412.94,3,3,4,10,334,Need Attention,706.4700000000001,18.613636363636363,38,93,46.5,2,1,0,Need Attention
17006,5,4,781.78,5,4,3,12,543,Loyal,195.445,6.181818181818182,37,76,19.0,2,1,0,Need Attention
17007,51,6,889.9300000000001,3,5,3,11,353,Loyal,148.32166666666663,11.48076923076923,50,357,59.5,1,1,0,Champions
17010,18,1,195.36,4,2,1,7,421,New / Promising,195.36,10.727272727272727,11,18,18.0,2,2,0,Need Attention
17011,30,1,270.9,4,2,2,8,422,New / Promising,270.9,12.4,15,30,30.0,2,2,0,Need Attention
17014,8,3,586.33,5,4,3,12,543,Loyal,195.4433333333333,3.310810810810811,63,67,22.333333333333332,2,1,0,Need Attention
17015,29,3,1842.56,4,4,4,12,444,Champions,614.1866666666666,9.129032258064516,182,185,61.666666666666664,1,1,0,Champions
17017,3,20,8694.26,5,5,5,15,555,Champions,434.713,26.48015873015873,88,373,18.65,1,1,0,Champions
17018,41,2,920.1,3,3,3,9,333,Need Attention,460.05,11.0,15,326,163.0,0,0,0,At Risk (used to be loyal)
17019,11,4,1272.61,5,4,4,13,544,Champions,318.15250000000003,3.534188034188034,166,368,92.0,1,1,0,Champions
17022,31,1,71.0,4,2,1,7,421,New / Promising,71.0,15.428571428571429,7,31,31.0,2,2,0,Need Attention
17024,45,3,95.85,3,4,1,8,341,Loyal,31.95,23.0,2,158,52.666666666666664,0,0,-1,At Risk (used to be loyal)
17025,61,3,357.77,3,4,2,9,342,Loyal,119.25666666666666,26.11111111111111,8,373,124.33333333333333,0,0,0,At Risk (used to be loyal)
17026,185,2,154.82999999999998,1,3,1,5,131,Others,77.41499999999999,24.25,4,370,185.0,0,0,0,At Risk (used to be loyal)
17027,79,6,890.29,2,5,3,10,253,At Risk,148.3816666666667,2.7516339869281046,110,317,52.833333333333336,1,0,0,Champions
17029,111,2,716.0,2,3,3,8,233,Others,358.0,200.0,1,237,118.5,0,0,-1,At Risk (used to be loyal)
17030,64,1,146.87,3,2,1,6,321,Need Attention,146.87000000000003,13.272727272727273,11,64,64.0,2,2,0,Need Attention
17031,12,2,380.35,5,3,2,10,532,Others,190.175,10.681818181818182,19,155,77.5,2,0,0,Need Attention
17033,86,3,1030.14,2,4,4,10,244,At Risk,343.38000000000005,26.785714285714285,24,359,119.66666666666667,0,0,0,At Risk (used to be loyal)
17034,16,3,745.52,4,4,3,11,443,Loyal,248.5066666666667,13.666666666666666,28,288,96.0,0,0,0,At Risk (used to be loyal)
17035,246,2,433.53000000000003,1,3,2,6,132,Others,216.765,8.178571428571429,27,312,156.0,0,0,0,At Risk (used to be loyal)
17037,88,1,1267.32,2,2,4,8,224,Others,1267.32,8.746666666666666,75,88,88.0,2,2,0,Need Attention
17038,30,1,112.4,4,2,1,7,421,New / Promising,112.40000000000002,1.2727272727272727,22,30,30.0,2,2,0,Need Attention
17040,138,1,449.73,2,2,2,6,222,Hibernating,449.72999999999996,12.066666666666666,15,138,138.0,0,2,0,At Risk (used to be loyal)
17041,27,3,1081.57,4,4,4,12,444,Champions,360.5233333333333,13.585714285714285,59,361,120.33333333333333,1,0,0,Champions
17042,3,5,1044.3799999999999,5,4,4,13,544,Champions,208.87600000000003,10.142857142857142,74,247,49.4,1,1,0,Champions
17043,32,4,1735.18,4,4,4,12,444,Champions,433.795,9.784313725490197,100,266,66.5,1,0,0,Champions
17044,25,1,948.48,4,2,4,10,424,New / Promising,948.48,84.0,6,25,25.0,2,0,-1,Need Attention
17045,113,3,339.44,2,4,2,8,242,At Risk,113.14666666666665,4.818181818181818,20,248,82.66666666666667,0,0,0,At Risk (used to be loyal)
17046,157,1,642.02,2,2,3,7,223,Others,642.0199999999999,23.181818181818183,22,157,157.0,0,0,0,At Risk (used to be loyal)
17047,85,3,1100.9,2,4,4,10,244,At Risk,366.96666666666664,8.2,59,205,68.33333333333333,1,0,0,Champions
17048,118,3,925.35,2,4,3,9,243,At Risk,308.45,11.279069767441861,41,331,110.33333333333333,0,0,0,At Risk (used to be loyal)
17049,3,9,5659.9800000000005,5,5,5,15,555,Champions,628.8866666666667,8.415094339622641,201,276,30.666666666666668,1,1,0,Champions
17050,96,6,3228.84,2,5,5,12,255,At Risk,538.14,5.1075949367088604,169,300,50.0,1,1,0,Champions
17051,194,1,247.14000000000001,1,2,1,4,121,Hibernating,247.14,4.27906976744186,40,194,194.0,0,0,0,At Risk (used to be loyal)
17052,28,1,413.75,4,2,2,8,422,New / Promising,413.74999999999994,2.8369565217391304,72,28,28.0,2,2,0,Need Attention
17053,131,1,498.48,2,2,3,7,223,Others,498.47999999999996,9.384615384615385,13,131,131.0,0,2,0,At Risk (used to be loyal)
17054,28,5,1356.33,4,4,4,12,444,Champions,271.266,9.686746987951807,64,245,49.0,1,1,0,Champions
17058,82,3,1179.89,2,4,4,10,244,At Risk,393.2966666666666,9.548387096774194,51,240,80.0,1,0,0,Champions
17059,30,5,3095.04,4,4,5,13,445,Champions,619.008,3.5949612403100777,292,370,74.0,1,1,0,Champions
17060,266,1,234.24,1,2,1,4,121,Hibernating,234.24,43.2,5,266,266.0,0,0,0,At Risk (used to be loyal)
17061,74,11,5232.2300000000005,2,5,5,12,255,At Risk,475.6572727272727,15.414141414141413,57,232,21.09090909090909,1,1,0,Champions
17062,314,4,538.37,1,4,3,8,143,At Risk,134.5925,6.142857142857143,52,370,92.5,0,0,0,At Risk (used to be loyal)
17063,21,7,1461.14,4,5,4,13,454,Champions,208.73428571428573,9.871794871794872,66,289,41.285714285714285,1,1,0,Champions
17064,59,3,859.35,3,4,3,10,343,Loyal,286.45,5.129032258064516,53,327,109.0,0,0,0,At Risk (used to be loyal)
17068,12,21,4552.14,5,5,5,15,555,Champions,216.7685714285714,7.3108108108108105,116,368,17.523809523809526,1,1,0,Champions
17069,28,9,2709.7000000000003,4,5,5,14,455,Champions,301.0777777777778,10.531468531468532,111,373,41.44444444444444,1,1,0,Champions
17070,114,1,312.14,2,2,2,6,222,Hibernating,312.14,2.078125,62,114,114.0,0,0,0,At Risk (used to be loyal)
17071,28,9,2429.03,4,5,5,14,455,Champions,269.89222222222224,8.55,102,310,34.44444444444444,1,1,0,Champions
17073,18,4,1446.09,4,4,4,12,444,Champions,361.52250000000004,4.362068965517241,142,109,27.25,1,1,0,Champions
17075,18,4,834.12,4,4,3,11,443,Loyal,208.52999999999997,3.792207792207792,62,317,79.25,1,1,0,Champions
17076,36,3,841.0799999999999,3,4,3,10,343,Loyal,280.35999999999996,11.8,17,365,121.66666666666667,0,0,0,At Risk (used to be loyal)
17078,36,2,378.2,3,3,2,8,332,Need Attention,189.10000000000002,28.142857142857142,28,36,18.0,2,2,0,Need Attention
17079,78,1,118.80000000000001,2,2,1,5,221,Hibernating,118.80000000000001,12.0,2,78,78.0,0,0,0,At Risk (used to be loyal)
17080,22,2,287.62,4,3,2,9,432,Others,143.81,20.75,8,270,135.0,0,0,0,At Risk (used to be loyal)
17081,25,2,290.16,4,3,2,9,432,Others,145.07999999999998,1.21875,55,46,23.0,2,2,0,Need Attention
17082,33,2,2003.85,4,3,4,11,434,Others,1001.925,12.950617283950617,75,318,159.0,1,1,0,Champions
17083,109,3,1405.78,2,4,4,10,244,At Risk,468.5933333333333,14.846153846153847,24,304,101.33333333333333,0,0,0,At Risk (used to be loyal)
17084,35,2,2949.75,3,3,5,11,335,Need Attention,1474.875,11.209876543209877,146,35,17.5,2,0,-1,Need Attention
17085,123,5,1566.65,2,4,4,10,244,At Risk,313.33000000000004,4.2032085561497325,115,363,72.6,1,0,0,Champions
17086,7,6,2050.08,5,5,4,14,554,Champions,341.68,19.364583333333332,76,64,10.666666666666666,1,1,0,Champions
17088,28,4,1991.01,4,4,4,12,444,Champions,497.75250000000005,7.547826086956522,96,254,63.5,1,0,0,Champions
17090,4,7,2043.95,5,5,4,14,554,Champions,291.9928571428572,14.619047619047619,45,354,50.57142857142857,1,1,0,Champions
17091,3,9,3827.76,5,5,5,15,555,Champions,425.30666666666673,8.953846153846154,119,368,40.888888888888886,1,1,0,Champions
17092,50,4,1777.78,3,4,4,11,344,Loyal,444.44500000000005,9.048,99,277,69.25,1,0,0,Champions
17094,322,1,302.0,1,2,2,5,122,Hibernating,301.99999999999994,10.857142857142858,14,322,322.0,0,0,0,At Risk (used to be loyal)
17095,23,3,1324.16,4,4,4,12,444,Champions,441.3866666666666,8.35135135135135,69,335,111.66666666666667,1,0,0,Champions
17096,15,4,1022.13,4,4,4,12,444,Champions,255.53249999999997,7.0625,46,262,65.5,1,1,0,Champions
17097,2,8,954.42,5,5,4,14,554,Champions,119.3025,2.175355450236967,153,365,45.625,1,1,0,Champions
17100,18,2,971.74,4,3,4,11,434,Others,485.87,12.307692307692308,65,18,9.0,2,2,0,Need Attention
17101,10,4,1621.73,5,4,4,13,544,Champions,405.4325,19.404761904761905,28,178,44.5,1,0,0,Champions
17102,262,1,25.5,1,2,1,4,121,Hibernating,25.5,2.0,1,262,262.0,0,0,0,At Risk (used to be loyal)
17105,159,2,665.78,2,3,3,8,233,Others,332.88999999999993,7.7,80,306,153.0,0,0,0,At Risk (used to be loyal)
17107,33,6,10815.43,4,5,5,14,455,Champions,1802.5716666666667,11.57177033492823,269,278,46.333333333333336,1,1,0,Champions
17109,29,6,885.04,4,5,3,12,453,Loyal,147.5066666666667,5.034188034188034,107,232,38.666666666666664,1,0,0,Champions
17110,165,1,163.29999999999998,2,2,1,5,221,Hibernating,163.3,4.166666666666667,12,165,165.0,0,0,0,At Risk (used to be loyal)
17111,47,1,248.61,3,2,1,6,321,Need Attention,248.60999999999996,10.066666666666666,29,47,47.0,2,2,0,Need Attention
17114,6,8,808.62,5,5,3,13,553,Loyal,101.0775,1.7244094488188977,85,335,41.875,1,1,0,Champions
17115,8,3,837.5,5,4,3,12,543,Loyal,279.1666666666666,9.538461538461538,33,233,77.66666666666667,1,0,0,Champions
17117,288,1,116.19999999999999,1,2,1,4,121,Hibernating,116.19999999999999,7.555555555555555,9,288,288.0,0,0,0,At Risk (used to be loyal)
17118,318,1,157.02,1,2,1,4,121,Hibernating,157.02,15.4,10,318,318.0,0,0,0,At Risk (used to be loyal)
17119,3,2,606.91,5,3,3,11,533,Others,303.455,9.542857142857143,35,60,30.0,2,2,0,Need Attention
17120,233,1,307.46,1,2,2,5,122,Hibernating,307.46000000000004,6.666666666666667,18,233,233.0,0,0,0,At Risk (used to be loyal)
17122,119,1,138.32,2,2,1,5,221,Hibernating,138.32,11.428571428571429,7,119,119.0,0,2,0,At Risk (used to be loyal)
17123,162,1,345.29999999999995,2,2,2,6,222,Hibernating,345.29999999999995,27.333333333333332,9,162,162.0,0,0,0,At Risk (used to be loyal)
17124,185,1,298.89,1,2,2,5,122,Hibernating,298.89,4.0625,31,185,185.0,0,0,0,At Risk (used to be loyal)
17125,50,1,259.35,3,2,2,7,322,Need Attention,259.35,7.275,34,50,50.0,2,2,0,Need Attention
17126,152,5,1004.75,2,4,4,10,244,At Risk,200.95,3.046153846153846,187,363,72.6,1,0,0,Champions
17128,335,1,157.09,1,2,1,4,121,Hibernating,157.08999999999997,5.428571428571429,14,335,335.0,0,0,0,At Risk (used to be loyal)
17131,5,5,2463.17,5,4,5,14,545,Champions,492.634,7.335820895522388,78,76,15.2,1,1,0,Champions
17133,16,7,4892.240000000001,4,5,5,14,455,Champions,698.8914285714287,101.11111111111111,13,266,38.0,1,0,0,Champions
17134,107,2,425.0,2,3,2,7,232,Others,212.5,4.25,21,265,132.5,0,0,0,At Risk (used to be loyal)
17135,16,7,1139.73,4,5,4,13,454,Champions,162.81857142857143,23.53846153846154,34,372,53.142857142857146,1,1,0,Champions
17138,276,1,380.5,1,2,2,5,122,Hibernating,380.5,5.25,24,276,276.0,0,0,0,At Risk (used to be loyal)
17139,16,12,10668.47,4,5,5,14,455,Champions,889.0391666666668,10.841004184100418,309,289,24.083333333333332,1,1,0,Champions
17140,247,1,465.32,1,2,2,5,122,Hibernating,465.32,15.1,16,247,247.0,0,0,0,At Risk (used to be loyal)
17142,239,1,579.0,1,2,3,6,123,Others,578.9999999999999,5.4,15,239,239.0,0,0,0,At Risk (used to be loyal)
17144,1,2,984.57,5,3,4,12,534,Others,492.28499999999997,10.0625,42,85,42.5,2,2,0,Need Attention
17146,106,3,749.78,2,4,3,9,243,At Risk,249.92666666666665,6.057142857142857,33,359,119.66666666666667,0,0,0,At Risk (used to be loyal)
17147,23,4,1714.59,4,4,4,12,444,Champions,428.6475,10.88888888888889,68,312,78.0,1,0,0,Champions
17148,52,1,124.88,3,2,1,6,321,Need Attention,124.88,9.11111111111111,9,52,52.0,2,2,0,Need Attention
17152,195,3,1689.5,1,4,4,9,144,At Risk,563.1666666666666,36.92857142857143,9,263,87.66666666666667,0,0,0,At Risk (used to be loyal)
17153,24,1,213.78,4,2,1,7,421,New / Promising,213.77999999999997,7.428571428571429,14,24,24.0,2,2,0,Need Attention
17154,75,1,329.34,2,2,2,6,222,Hibernating,329.34,21.304347826086957,23,75,75.0,2,2,0,Need Attention
17155,18,2,251.70000000000002,4,3,2,9,432,Others,125.84999999999997,12.1,19,178,89.0,0,0,0,At Risk (used to be loyal)
17157,8,2,319.0,5,3,2,10,532,Others,159.5,13.23076923076923,11,176,88.0,0,0,0,At Risk (used to be loyal)
17158,32,3,1266.97,4,4,4,12,444,Champions,422.3233333333333,11.611940298507463,53,360,120.0,1,0,0,Champions
17159,22,3,1538.88,4,4,4,12,444,Champions,512.96,11.0,96,172,57.333333333333336,1,1,0,Champions
17160,31,6,3518.03,4,5,5,14,455,Champions,586.3383333333333,12.471615720524017,111,242,40.333333333333336,1,1,0,Champions
17162,29,10,1715.46,4,5,4,13,454,Champions,171.546,9.625,81,306,30.6,1,1,0,Champions
17163,22,2,293.1,4,3,2,9,432,Others,146.55,13.2,3,78,39.0,2,2,0,Need Attention
17164,33,7,2467.35,4,5,5,14,455,Champions,352.4785714285714,10.42361111111111,92,273,39.0,1,1,0,Champions
17165,284,1,158.68,1,2,1,4,121,Hibernating,158.68,10.0,10,284,284.0,0,0,0,At Risk (used to be loyal)
17166,39,2,206.34,3,3,1,7,331,Need Attention,103.16999999999999,6.5,11,204,102.0,0,0,0,At Risk (used to be loyal)
17169,58,2,835.78,3,3,3,9,333,Need Attention,417.8900000000001,9.74074074074074,51,183,91.5,0,0,0,At Risk (used to be loyal)
17171,289,1,224.91,1,2,1,4,121,Hibernating,224.91,11.5625,16,289,289.0,0,0,0,At Risk (used to be loyal)
17172,79,1,317.76,2,2,2,6,222,Hibernating,317.76,32.0,15,79,79.0,0,2,0,At Risk (used to be loyal)
17173,5,8,3766.6,5,5,5,15,555,Champions,470.82499999999993,13.046511627906977,36,131,16.375,1,1,0,Champions
17174,218,1,59.9,1,2,1,4,121,Hibernating,59.9,10.25,4,218,218.0,0,0,0,At Risk (used to be loyal)
17175,44,4,1443.69,3,4,4,11,344,Loyal,360.9225,13.746031746031745,42,296,74.0,1,0,0,Champions
17176,202,1,306.13,1,2,2,5,122,Hibernating,306.13,11.333333333333334,15,202,202.0,0,0,0,At Risk (used to be loyal)
17179,178,3,711.79,2,4,3,9,243,At Risk,237.26333333333332,3.625,56,361,120.33333333333333,0,0,0,At Risk (used to be loyal)
17180,56,4,796.03,3,4,3,10,343,Loyal,199.0075,5.3359375,91,316,79.0,1,0,0,Champions
17181,57,2,239.92000000000002,3,3,1,7,331,Need Attention,119.95999999999998,10.478260869565217,23,374,187.0,0,0,0,At Risk (used to be loyal)
17183,8,6,3347.31,5,5,5,15,555,Champions,557.885,17.753424657534246,42,105,17.5,1,1,0,Champions
17186,47,2,144.0,3,3,1,7,331,Need Attention,72.0,100.0,1,60,30.0,2,0,-1,Need Attention
17187,227,1,203.95,1,2,1,4,121,Hibernating,203.95,14.4,10,227,227.0,0,0,0,At Risk (used to be loyal)
17188,11,7,2474.23,5,5,5,15,555,Champions,353.4614285714286,15.80952380952381,71,362,51.714285714285715,1,1,0,Champions
17189,106,2,384.40000000000003,2,3,2,7,232,Others,192.20000000000002,3.721311475409836,52,359,179.5,0,0,0,At Risk (used to be loyal)
17190,59,2,444.74,3,3,2,8,332,Need Attention,222.37,8.473684210526315,19,207,103.5,0,0,0,At Risk (used to be loyal)
17191,28,7,2095.13,4,5,5,14,455,Champions,299.30428571428575,4.924050632911392,163,368,52.57142857142857,1,1,0,Champions
17193,36,7,1699.3000000000002,3,5,4,12,354,Loyal,242.7571428571429,39.1875,17,177,25.285714285714285,1,0,0,Champions
17194,274,2,262.62,1,3,2,6,132,Others,131.31,4.103448275862069,26,361,180.5,0,0,0,At Risk (used to be loyal)
17197,30,1,1013.01,4,2,4,10,424,New / Promising,1013.01,6.586206896551724,29,30,30.0,2,2,0,Need Attention
17198,24,3,692.22,4,4,3,11,443,Loyal,230.73999999999998,3.71875,89,371,123.66666666666667,1,0,0,Champions
17201,54,1,342.63,3,2,2,7,322,Need Attention,342.63,6.7,38,54,54.0,2,2,0,Need Attention
17203,36,6,3563.85,3,5,5,13,355,Loyal,593.9749999999999,18.75,116,60,10.0,1,1,0,Champions
17204,175,4,1564.56,2,4,4,10,244,At Risk,391.14,11.333333333333334,44,264,66.0,1,0,0,Champions
17205,54,1,384.08,3,2,2,7,322,Need Attention,384.08,68.0,13,54,54.0,2,2,0,Need Attention
17206,53,1,204.24,3,2,1,6,321,Need Attention,204.24,10.857142857142858,7,53,53.0,2,2,0,Need Attention
17211,27,8,2317.2200000000003,4,5,5,14,455,Champions,289.65250000000003,6.270142180094787,150,370,46.25,1,1,0,Champions
17212,253,1,226.85,1,2,1,4,121,Hibernating,226.85,36.75,4,253,253.0,0,0,0,At Risk (used to be loyal)
17213,40,7,2781.23,3,5,5,13,355,Loyal,397.3185714285715,7.490445859872612,85,366,52.285714285714285,1,1,0,Champions
17214,60,6,1069.1200000000001,3,5,4,12,354,Loyal,178.1866666666667,2.679611650485437,79,359,59.833333333333336,1,0,0,Champions
17217,234,1,113.5,1,2,1,4,121,Hibernating,113.49999999999999,2.6666666666666665,9,234,234.0,0,0,0,At Risk (used to be loyal)
17218,4,10,1960.72,5,5,4,14,554,Champions,196.07199999999997,3.4963503649635035,146,368,36.8,1,1,0,Champions
17219,32,1,114.23,4,2,1,7,421,New / Promising,114.23,3.56,24,32,32.0,2,2,0,Need Attention
17220,24,14,3198.25,4,5,5,14,455,Champions,228.44642857142858,4.036016949152542,303,364,26.0,1,1,0,Champions
17221,7,2,335.13,5,3,2,10,532,Others,167.56500000000003,4.571428571428571,59,36,18.0,2,2,0,Need Attention
17222,65,1,354.15,3,2,2,7,322,Need Attention,354.15,4.571428571428571,27,65,65.0,2,2,0,Need Attention
17223,310,2,426.79,1,3,2,6,132,Others,213.395,2.2857142857142856,43,368,184.0,0,0,0,At Risk (used to be loyal)
17226,309,1,393.49,1,2,2,5,122,Hibernating,393.48999999999995,19.333333333333332,21,309,309.0,0,0,0,At Risk (used to be loyal)
17227,19,6,939.32,4,5,3,12,453,Loyal,156.5533333333333,15.76595744680851,28,369,61.5,1,1,0,Champions
17228,16,8,1906.09,4,5,4,13,454,Champions,238.26125,7.365384615384615,140,372,46.5,1,1,0,Champions
17229,96,2,318.76,2,3,2,7,232,Others,159.38000000000002,3.9361702127659575,39,143,71.5,0,0,0,At Risk (used to be loyal)
17230,264,8,3638.41,1,5,5,11,155,At Risk,454.80125,23.92753623188406,51,360,45.0,1,0,0,Champions
17231,12,10,3174.32,5,5,5,15,555,Champions,317.432,3.21996303142329,292,361,36.1,1,1,0,Champions
17232,3,2,421.52,5,3,2,10,532,Others,210.76,5.638888888888889,30,15,7.5,2,2,0,Need Attention
17233,35,1,190.88,3,2,1,6,321,Need Attention,190.88,5.24,25,35,35.0,2,2,0,Need Attention
17234,183,1,149.89000000000001,1,2,1,4,121,Hibernating,149.89,3.9285714285714284,14,183,183.0,0,0,0,At Risk (used to be loyal)
17235,25,2,550.06,4,3,3,10,433,Others,275.0300000000001,7.724137931034483,24,372,186.0,0,0,0,At Risk (used to be loyal)
17236,13,6,916.13,5,5,3,13,553,Loyal,152.68833333333336,4.514285714285714,88,363,60.5,1,1,0,Champions
17237,11,2,314.69,5,3,2,10,532,Others,157.345,5.526315789473684,18,22,11.0,2,2,0,Need Attention
17238,3,17,3744.65,5,5,5,15,555,Champions,220.2735294117647,3.2190812720848054,297,371,21.823529411764707,1,1,0,Champions
17239,313,1,382.5,1,2,2,5,122,Hibernating,382.50000000000006,10.0,15,313,313.0,0,0,0,At Risk (used to be loyal)
17242,108,2,1135.04,2,3,4,9,234,Others,567.52,15.275,30,180,90.0,0,0,0,At Risk (used to be loyal)
17243,1,26,8676.85,5,5,5,15,555,Champions,333.72499999999997,8.425,180,370,14.23076923076923,1,1,0,Champions
17244,53,1,954.9,3,2,4,9,324,Need Attention,954.9,19.870967741935484,31,53,53.0,2,2,0,Need Attention
17245,205,1,171.45,1,2,1,4,121,Hibernating,171.45,8.333333333333334,9,205,205.0,0,0,0,At Risk (used to be loyal)
17247,15,1,282.19,4,2,2,8,422,New / Promising,282.19,1.9272727272727272,53,15,15.0,2,2,0,Need Attention
17248,120,1,318.65,2,2,2,6,222,Hibernating,318.65000000000003,3.0869565217391304,68,120,120.0,0,0,0,At Risk (used to be loyal)
17250,4,2,384.52,5,3,2,10,532,Others,192.26,2.9473684210526314,55,261,130.5,0,0,0,At Risk (used to be loyal)
17251,363,1,283.28000000000003,1,2,2,5,122,Hibernating,283.28,2.8205128205128207,37,363,363.0,0,0,0,At Risk (used to be loyal)
17252,117,2,353.86,2,3,2,7,232,Others,176.92999999999998,2.218390804597701,86,186,93.0,0,0,0,At Risk (used to be loyal)
17253,18,1,178.26,4,2,1,7,421,New / Promising,178.26,2.388888888888889,18,18,18.0,2,2,0,Need Attention
17254,5,2,272.44,5,3,2,10,532,Others,136.22,2.25,100,15,7.5,2,2,0,Need Attention
17255,41,2,298.41,3,3,2,8,332,Need Attention,149.205,2.9743589743589745,69,299,149.5,0,0,0,At Risk (used to be loyal)
17256,107,2,240.0,2,3,1,6,231,Others,120.0,8.8125,12,312,156.0,0,0,0,At Risk (used to be loyal)
17259,148,2,603.37,2,3,3,8,233,Others,301.685,3.306451612903226,104,368,184.0,0,0,0,At Risk (used to be loyal)
17262,52,5,1253.3600000000001,3,4,4,11,344,Loyal,250.67200000000003,30.583333333333332,9,366,73.2,0,0,0,At Risk (used to be loyal)
17263,208,1,63.440000000000005,1,2,1,4,121,Hibernating,63.440000000000005,1.565217391304348,23,208,208.0,0,0,0,At Risk (used to be loyal)
17265,139,2,562.9,2,3,3,8,233,Others,281.4500000000001,3.1023622047244093,106,181,90.5,0,0,0,At Risk (used to be loyal)
17266,2,3,310.64,5,4,2,11,542,Loyal,103.54666666666667,2.0125,60,148,49.333333333333336,2,1,0,Need Attention
17267,127,2,317.62,2,3,2,7,232,Others,158.80999999999997,4.184210526315789,37,127,63.5,0,0,0,At Risk (used to be loyal)
17268,108,4,763.64,2,4,3,9,243,At Risk,190.91,140.66666666666666,3,245,61.25,0,0,0,At Risk (used to be loyal)
17272,42,4,2148.63,3,4,5,12,345,Loyal,537.1575000000001,15.596491228070175,70,263,65.75,1,0,0,Champions
17274,35,1,111.97999999999999,3,2,1,6,321,Need Attention,111.98000000000002,2.925925925925926,24,35,35.0,2,2,0,Need Attention
17277,228,2,1065.3500000000001,1,3,4,8,134,Others,532.6750000000001,6.231884057971015,67,323,161.5,0,0,0,At Risk (used to be loyal)
17278,241,1,246.04,1,2,1,4,121,Hibernating,246.04000000000002,11.933333333333334,15,241,241.0,0,0,0,At Risk (used to be loyal)
17279,58,1,187.82999999999998,3,2,1,6,321,Need Attention,187.82999999999998,5.333333333333333,8,58,58.0,2,2,0,Need Attention
17282,130,3,1703.41,2,4,4,10,244,At Risk,567.8033333333334,19.96808510638298,79,300,100.0,1,0,0,Champions
17284,60,6,1652.58,3,5,4,12,354,Loyal,275.43,4.671232876712328,229,336,56.0,1,1,0,Champions
17286,22,1,153.92,4,2,1,7,421,New / Promising,153.92000000000002,2.6222222222222222,44,22,22.0,2,2,0,Need Attention
17287,26,7,1064.11,4,5,4,13,454,Champions,152.0157142857143,4.508064516129032,88,373,53.285714285714285,1,1,0,Champions
17288,9,7,1419.73,5,5,4,14,554,Champions,202.81857142857143,8.471830985915492,118,358,51.142857142857146,1,1,0,Champions
17289,32,3,944.41,4,4,4,12,444,Champions,314.80333333333334,4.684684684684685,86,180,60.0,1,1,0,Champions
17290,4,2,525.24,5,3,3,11,533,Others,262.62,3.9607843137254903,92,16,8.0,2,2,0,Need Attention
17291,308,1,550.8000000000001,1,2,3,6,123,Others,550.8000000000001,72.0,1,308,308.0,0,0,0,At Risk (used to be loyal)
17293,8,9,1875.1100000000001,5,5,4,14,554,Champions,208.34555555555556,8.444444444444445,93,361,40.111111111111114,1,1,0,Champions
17295,29,3,556.95,4,4,3,11,443,Loyal,185.65,4.260869565217392,53,65,21.666666666666668,2,1,0,Need Attention
17297,17,1,131.78,4,2,1,7,421,New / Promising,131.78,1.3137254901960784,49,17,17.0,2,2,0,Need Attention
17298,101,2,498.42,2,3,3,8,233,Others,249.21,12.9,30,125,62.5,0,0,0,At Risk (used to be loyal)
17299,12,4,669.11,5,4,3,12,543,Loyal,167.27749999999997,11.894736842105264,50,173,43.25,1,1,0,Champions
17301,21,1,197.63,4,2,1,7,421,New / Promising,197.63000000000002,2.257575757575758,59,21,21.0,2,2,0,Need Attention
17302,15,5,1135.63,4,4,4,12,444,Champions,227.12600000000003,7.2784810126582276,68,306,61.2,1,1,0,Champions
17303,361,1,250.04,1,2,1,4,121,Hibernating,250.03999999999996,2.7169811320754715,53,361,361.0,0,0,0,At Risk (used to be loyal)
17306,11,19,8631.31,5,5,5,15,555,Champions,454.2794736842106,174.1060606060606,13,353,18.57894736842105,1,0,-1,Champions
17309,95,1,82.75,2,2,1,5,221,Hibernating,82.75,3.4166666666666665,11,95,95.0,0,2,0,At Risk (used to be loyal)
17311,78,2,1384.85,2,3,4,9,234,Others,692.425,18.272727272727273,55,317,158.5,0,0,0,At Risk (used to be loyal)
17312,139,3,644.3,2,4,3,9,243,At Risk,214.76666666666665,26.571428571428573,11,159,53.0,0,0,0,At Risk (used to be loyal)
17313,31,1,2328.84,4,2,5,11,425,New / Promising,2328.84,58.416666666666664,24,31,31.0,2,0,-1,Need Attention
17314,25,8,2527.92,4,5,5,14,455,Champions,315.99,14.473282442748092,120,313,39.125,1,1,0,Champions
17315,2,38,6292.26,5,5,5,15,555,Champions,165.58578947368423,8.219873150105709,256,358,9.421052631578947,1,1,0,Champions
17317,46,3,2600.34,3,4,5,12,345,Loyal,866.7800000000001,127.33333333333333,8,90,30.0,2,0,-1,Need Attention
17320,100,3,1200.6200000000001,2,4,4,10,244,At Risk,400.2066666666667,8.684931506849315,57,368,122.66666666666667,0,0,0,At Risk (used to be loyal)
17321,8,2,700.86,5,3,3,11,533,Others,350.42999999999995,3.485981308411215,94,68,34.0,2,1,0,Need Attention
17323,15,7,921.07,4,5,3,12,453,Loyal,131.58142857142857,3.88,125,292,41.714285714285715,1,0,0,Champions
17324,18,4,990.23,4,4,4,12,444,Champions,247.55749999999998,16.88,43,367,91.75,1,0,0,Champions
17325,280,1,96.8,1,2,1,4,121,Hibernating,96.8,10.0,6,280,280.0,0,0,0,At Risk (used to be loyal)
17329,14,2,523.11,4,3,3,10,433,Others,261.555,4.303030303030303,29,315,157.5,0,0,0,At Risk (used to be loyal)
17330,23,2,363.9,4,3,2,9,432,Others,181.95,20.0,5,68,34.0,2,2,0,Need Attention
17331,124,1,175.2,2,2,1,5,221,Hibernating,175.2,16.0,1,124,124.0,0,0,0,At Risk (used to be loyal)
17333,86,1,494.25,2,2,3,7,223,Others,494.25,13.392857142857142,28,86,86.0,0,2,0,At Risk (used to be loyal)
17334,302,2,307.02,1,3,2,6,132,Others,153.51000000000002,28.636363636363637,11,309,154.5,0,0,0,At Risk (used to be loyal)
17337,151,4,2027.8700000000001,2,4,4,10,244,At Risk,506.9675,2.3370165745856353,421,310,77.5,1,1,0,Champions
17338,17,8,6643.93,4,5,5,14,455,Champions,830.49125,4.154050464807437,389,361,45.125,1,1,0,Champions
17339,94,2,243.36,2,3,1,6,231,Others,121.68,16.88888888888889,9,365,182.5,0,0,0,At Risk (used to be loyal)
17340,30,11,12353.29,4,5,5,14,455,Champions,1123.0263636363636,14.660933660933662,229,366,33.27272727272727,1,1,0,Champions
17341,157,3,781.36,2,4,3,9,243,At Risk,260.4533333333333,2.6721311475409837,147,367,122.33333333333333,0,0,0,At Risk (used to be loyal)
17343,355,1,193.64,1,2,1,4,121,Hibernating,193.64,3.2941176470588234,17,355,355.0,0,0,0,At Risk (used to be loyal)
17344,46,1,160.57,3,2,1,6,321,Need Attention,160.57000000000002,2.0625,31,46,46.0,2,2,0,Need Attention
17345,15,4,537.74,4,4,3,11,443,Loyal,134.43500000000003,3.9770114942528734,70,197,49.25,1,0,0,Champions
17346,4,15,2676.56,5,5,5,15,555,Champions,178.43733333333333,3.314,299,373,24.866666666666667,1,1,0,Champions
17347,86,1,228.96,2,2,1,5,221,Hibernating,228.96,216.0,1,86,86.0,0,0,-1,At Risk (used to be loyal)
17348,15,5,1159.52,4,4,4,12,444,Champions,231.90399999999994,6.5162790697674415,180,298,59.6,1,1,0,Champions
17349,179,1,110.75,2,2,1,5,221,Hibernating,110.75,12.444444444444445,8,179,179.0,0,0,0,At Risk (used to be loyal)
17350,8,4,1286.07,5,4,4,13,544,Champions,321.51750000000004,11.19718309859155,66,51,12.75,2,1,0,Need Attention
17351,36,3,587.15,3,4,3,10,343,Loyal,195.71666666666667,4.185185185185185,22,273,91.0,0,0,0,At Risk (used to be loyal)
17353,129,2,1740.0,2,3,4,9,234,Others,870.0,150.0,5,154,77.0,0,0,-1,At Risk (used to be loyal)
17354,51,1,1393.06,3,2,4,9,324,Need Attention,1393.06,62.875,15,51,51.0,2,0,0,Need Attention
17356,312,1,178.22,1,2,1,4,121,Hibernating,178.21999999999997,8.736842105263158,19,312,312.0,0,0,0,At Risk (used to be loyal)
17357,24,2,388.14,4,3,2,9,432,Others,194.06999999999996,3.4,41,24,12.0,2,2,0,Need Attention
17358,303,2,365.85,1,3,2,6,132,Others,182.92499999999998,3.4237288135593222,55,355,177.5,0,0,0,At Risk (used to be loyal)
17359,11,1,127.86,5,2,1,8,521,New / Promising,127.85999999999999,10.733333333333333,13,11,11.0,2,2,0,Need Attention
17360,17,3,585.79,4,4,3,11,443,Loyal,195.26333333333335,2.537878787878788,113,184,61.333333333333336,1,0,0,Champions
17361,49,3,488.2,3,4,2,9,342,Loyal,162.73333333333335,5.413793103448276,26,292,97.33333333333333,0,0,0,At Risk (used to be loyal)
17362,239,2,312.23,1,3,2,6,132,Others,156.11499999999998,5.457142857142857,30,310,155.0,0,0,0,At Risk (used to be loyal)
17364,1,11,4481.18,5,5,5,15,555,Champions,407.38000000000005,6.571776155717761,288,331,30.09090909090909,1,1,0,Champions
17365,13,8,4801.56,5,5,5,15,555,Champions,600.1949999999999,10.207264957264957,278,333,41.625,1,1,0,Champions
17367,238,1,168.4,1,2,1,4,121,Hibernating,168.39999999999998,4.411764705882353,33,238,238.0,0,0,0,At Risk (used to be loyal)
17368,23,8,1912.67,4,5,4,13,454,Champions,239.08375000000004,12.531531531531531,93,338,42.25,1,1,0,Champions
17370,73,4,446.18,2,4,2,8,242,At Risk,111.54499999999999,16.363636363636363,31,170,42.5,0,0,0,At Risk (used to be loyal)
17371,17,3,423.89,4,4,2,10,442,Loyal,141.29666666666665,1.7471264367816093,83,361,120.33333333333333,0,0,0,At Risk (used to be loyal)
17372,41,8,1342.68,3,5,4,12,354,Loyal,167.835,2.960474308300395,215,363,45.375,1,1,0,Champions
17373,40,4,646.92,3,4,3,10,343,Loyal,161.73000000000002,7.157894736842105,47,313,78.25,0,1,0,At Risk (used to be loyal)
17374,219,2,495.77,1,3,3,7,133,Others,247.88499999999996,3.0357142857142856,24,281,140.5,0,0,0,At Risk (used to be loyal)
17375,199,3,400.1,1,4,2,7,142,At Risk,133.36666666666665,5.318840579710145,63,361,120.33333333333333,0,0,0,At Risk (used to be loyal)
17376,71,2,203.2,3,3,1,7,331,Need Attention,101.6,3.5833333333333335,23,311,155.5,0,0,0,At Risk (used to be loyal)
17377,24,20,4100.92,4,5,5,14,455,Champions,205.046,4.966507177033493,190,374,18.7,1,1,0,Champions
17379,11,1,404.66,5,2,2,9,522,New / Promising,404.66,7.9879518072289155,71,11,11.0,2,2,0,Need Attention
17381,9,29,20275.61,5,5,5,15,555,Champions,699.1589655172414,235.3119266055046,40,372,12.827586206896552,1,1,-1,Champions
17382,65,1,65.4,3,2,1,6,321,Need Attention,65.4,12.5,2,65,65.0,2,0,0,Need Attention
17383,4,1,199.29,5,2,1,8,521,New / Promising,199.28999999999996,2.9411764705882355,49,4,4.0,2,2,0,Need Attention
17384,19,2,336.4,4,3,2,9,432,Others,168.2,5.866666666666666,12,219,109.5,0,0,0,At Risk (used to be loyal)
17385,15,1,261.11,4,2,2,8,422,New / Promising,261.11,4.276595744680851,42,15,15.0,2,2,0,Need Attention
17386,8,6,2686.42,5,5,5,15,555,Champions,447.73666666666674,67.92857142857143,23,166,27.666666666666668,1,0,0,Champions
17387,20,2,784.11,4,3,3,10,433,Others,392.05499999999995,6.948717948717949,71,34,17.0,2,2,0,Need Attention
17388,78,4,1259.56,2,4,4,10,244,At Risk,314.89000000000004,71.2,13,288,72.0,0,0,0,At Risk (used to be loyal)
17389,1,34,31833.68,5,5,5,15,555,Champions,936.2847058823529,35.737089201877936,45,331,9.735294117647058,1,1,0,Champions
17391,164,2,508.8,2,3,3,8,233,Others,254.4,160.0,2,165,82.5,0,0,-1,At Risk (used to be loyal)
17392,307,2,457.91,1,3,2,6,132,Others,228.95499999999998,5.161290322580645,53,358,179.0,0,0,0,At Risk (used to be loyal)
17394,219,1,203.86999999999998,1,2,1,4,121,Hibernating,203.86999999999995,60.25,4,219,219.0,0,0,0,At Risk (used to be loyal)
17396,39,8,7330.8,3,5,5,13,355,Loyal,916.35,74.25925925925925,24,372,46.5,1,0,0,Champions
17397,22,2,696.41,4,3,3,10,433,Others,348.20500000000004,2.760869565217391,88,22,11.0,2,2,0,Need Attention
17398,115,3,653.38,2,4,3,9,243,At Risk,217.79333333333332,8.157894736842104,30,255,85.0,0,0,0,At Risk (used to be loyal)
17400,126,5,2129.96,2,4,5,11,245,At Risk,425.992,5.150234741784038,175,353,70.6,1,1,0,Champions
17402,5,13,2633.85,5,5,5,15,555,Champions,202.60384615384612,11.88135593220339,33,369,28.384615384615383,1,1,0,Champions
17403,36,1,281.62,3,2,2,7,322,Need Attention,281.62,3.5454545454545454,32,36,36.0,2,2,0,Need Attention
17404,4,15,31906.82,5,5,5,15,555,Champions,2127.121333333333,165.3939393939394,111,360,24.0,1,1,-1,Champions
17405,1,3,1031.41,5,4,4,13,544,Champions,343.80333333333334,8.853658536585366,77,150,50.0,1,1,0,Champions
17406,333,3,2200.42,1,4,5,10,145,At Risk,733.4733333333334,6.964601769911504,99,367,122.33333333333333,1,0,0,Champions
17408,163,1,32.65,2,2,1,5,221,Hibernating,32.65,1.5,2,163,163.0,0,0,-1,At Risk (used to be loyal)
17409,185,2,771.85,1,3,3,7,133,Others,385.92499999999995,8.076923076923077,13,248,124.0,0,0,0,At Risk (used to be loyal)
17410,16,5,1214.72,4,4,4,12,444,Champions,242.94400000000002,9.625,57,215,43.0,1,1,0,Champions
17411,12,3,778.94,5,4,3,12,543,Loyal,259.64666666666665,7.463414634146342,39,261,87.0,1,1,0,Champions
17412,3,7,1258.06,5,5,4,14,554,Champions,179.72285714285718,11.181818181818182,48,372,53.142857142857146,1,1,0,Champions
17414,44,2,778.0,3,3,3,9,333,Need Attention,389.0,350.0,5,185,92.5,0,0,-1,At Risk (used to be loyal)
17415,80,1,507.84,2,2,3,7,223,Others,507.8399999999999,8.142857142857142,14,80,80.0,2,2,0,Need Attention
17416,30,7,6893.42,4,5,5,14,455,Champions,984.7742857142857,15.992565055762082,186,281,40.142857142857146,1,1,0,Champions
17418,42,2,463.46000000000004,3,3,2,8,332,Need Attention,231.73,9.633333333333333,29,324,162.0,0,0,0,At Risk (used to be loyal)
17419,11,12,4226.57,5,5,5,15,555,Champions,352.21416666666664,9.106796116504855,155,367,30.583333333333332,1,1,0,Champions
17420,50,3,598.83,3,4,3,10,343,Loyal,199.61,8.833333333333334,28,374,124.66666666666667,0,0,0,At Risk (used to be loyal)
17422,16,6,1979.37,4,5,4,13,454,Champions,329.89500000000004,19.256410256410255,93,296,49.333333333333336,1,1,0,Champions
17423,46,2,698.41,3,3,3,9,333,Need Attention,349.205,17.653846153846153,26,218,109.0,0,0,0,At Risk (used to be loyal)
17425,19,2,759.17,4,3,3,10,433,Others,379.58500000000004,9.465116279069768,42,61,30.5,2,1,0,Need Attention
17426,8,6,5037.26,5,5,5,15,555,Champions,839.5433333333334,11.416974169741698,179,282,47.0,1,1,0,Champions
17427,72,1,100.8,3,2,1,6,321,Need Attention,100.8,17.0,2,72,72.0,0,0,0,At Risk (used to be loyal)
17428,1,28,17256.85,5,5,5,15,555,Champions,616.3160714285714,28.884146341463413,252,369,13.178571428571429,1,1,0,Champions
17429,128,3,524.9200000000001,2,4,3,9,243,At Risk,174.97333333333336,16.0,36,219,73.0,0,0,0,At Risk (used to be loyal)
17430,33,2,265.76,4,3,2,9,432,Others,132.88000000000002,13.571428571428571,14,365,182.5,0,0,0,At Risk (used to be loyal)
17431,313,1,403.3,1,2,2,5,122,Hibernating,403.3,6.790697674418604,41,313,313.0,0,0,0,At Risk (used to be loyal)
17432,18,2,365.76,4,3,2,9,432,Others,182.88,4.3125,44,37,18.5,2,2,0,Need Attention
17433,88,1,303.15999999999997,2,2,2,6,222,Hibernating,303.15999999999997,3.425925925925926,53,88,88.0,0,2,0,At Risk (used to be loyal)
17434,2,7,2373.82,5,5,5,15,555,Champions,339.1171428571428,12.634328358208956,100,85,12.142857142857142,1,1,0,Champions
17436,2,2,216.29999999999998,5,3,1,9,531,Others,108.15,10.0,7,227,113.5,0,0,0,At Risk (used to be loyal)
17438,254,1,388.45000000000005,1,2,2,5,122,Hibernating,388.45000000000005,6.0588235294117645,17,254,254.0,0,0,0,At Risk (used to be loyal)
17440,157,3,186.42000000000002,2,4,1,7,241,At Risk,62.13999999999999,49.2,3,248,82.66666666666667,0,0,-1,At Risk (used to be loyal)
17442,37,6,2248.56,3,5,5,13,355,Loyal,374.76,11.08148148148148,96,290,48.333333333333336,1,1,0,Champions
17443,220,1,534.24,1,2,3,6,123,Others,534.24,504.0,1,220,220.0,0,0,-1,At Risk (used to be loyal)
17444,148,3,2940.04,2,4,5,11,245,At Risk,980.0133333333333,15.696296296296296,132,173,57.666666666666664,1,1,0,Champions
17446,177,2,120.9,2,3,1,6,231,Others,60.45000000000001,22.0,6,310,155.0,0,0,0,At Risk (used to be loyal)
17447,40,2,541.53,3,3,3,9,333,Need Attention,270.765,12.305555555555555,33,72,36.0,2,1,0,Need Attention
17449,2,7,2520.86,5,5,5,15,555,Champions,360.1228571428572,4.050541516245487,178,360,51.42857142857143,1,1,0,Champions
17450,8,46,194550.79,5,5,5,15,555,Champions,4229.365,207.69436201780417,124,368,8.0,1,1,-1,Champions
17451,1,7,1721.4,5,5,4,14,554,Champions,245.91428571428574,12.03,83,106,15.142857142857142,1,1,0,Champions
17453,18,2,486.71999999999997,4,3,2,9,432,Others,243.35999999999999,11.526315789473685,19,64,32.0,2,1,0,Need Attention
17454,192,4,517.53,1,4,3,8,143,At Risk,129.3825,3.9836065573770494,57,360,90.0,0,0,0,At Risk (used to be loyal)
17455,204,1,131.7,1,2,1,4,121,Hibernating,131.7,8.25,8,204,204.0,0,0,0,At Risk (used to be loyal)
17456,365,1,249.86,1,2,1,4,121,Hibernating,249.86,13.058823529411764,17,365,365.0,0,0,0,At Risk (used to be loyal)
17457,127,5,1737.7,2,4,4,10,244,At Risk,347.54,43.473684210526315,14,339,67.8,0,0,0,At Risk (used to be loyal)
17458,15,1,316.5,4,2,2,8,422,New / Promising,316.49999999999994,3.1481481481481484,52,15,15.0,2,2,0,Need Attention
17459,43,2,657.3,3,3,3,9,333,Need Attention,328.65,4.837837837837838,88,60,30.0,2,2,0,Need Attention
17460,94,6,622.4300000000001,2,5,3,10,253,At Risk,103.73833333333333,8.137931034482758,18,373,62.166666666666664,0,0,0,At Risk (used to be loyal)
17461,23,3,757.46,4,4,3,11,443,Loyal,252.48666666666665,7.198198198198198,104,30,10.0,2,2,0,Need Attention
17462,60,2,675.69,3,3,3,9,333,Need Attention,337.84499999999997,8.407407407407407,25,284,142.0,0,0,0,At Risk (used to be loyal)
17463,16,5,1896.41,4,4,4,12,444,Champions,379.28200000000004,5.093023255813954,162,313,62.6,1,1,0,Champions
17464,158,1,289.96000000000004,2,2,2,6,222,Hibernating,289.96000000000004,24.444444444444443,9,158,158.0,0,0,0,At Risk (used to be loyal)
17466,10,2,763.28,5,3,3,11,533,Others,381.64,7.463414634146342,41,79,39.5,2,1,0,Need Attention
17468,10,2,137.0,5,3,1,9,531,Others,68.5,23.2,5,14,7.0,2,2,-1,Need Attention
17469,16,5,1870.97,4,4,4,12,444,Champions,374.1940000000001,8.943181818181818,61,205,41.0,1,1,0,Champions
17470,45,5,1125.07,3,4,4,11,344,Loyal,225.01400000000004,21.474358974358974,67,368,73.6,1,0,0,Champions
17472,191,3,710.29,1,4,3,8,143,At Risk,236.76333333333332,2.552486187845304,142,299,99.66666666666667,0,0,0,At Risk (used to be loyal)
17475,79,1,194.37,2,2,1,5,221,Hibernating,194.36999999999995,12.714285714285714,14,79,79.0,0,2,0,At Risk (used to be loyal)
17480,78,1,511.82,2,2,3,7,223,Others,511.82,11.655172413793103,29,78,78.0,2,2,0,Need Attention
17481,4,4,1255.59,5,4,4,13,544,Champions,313.8975,12.939024390243903,69,94,23.5,1,1,0,Champions
17483,65,3,414.04,3,4,2,9,342,Loyal,138.01333333333335,9.095238095238095,18,183,61.0,0,0,0,At Risk (used to be loyal)
17486,261,1,396.87,1,2,2,5,122,Hibernating,396.87,7.958333333333333,24,261,261.0,0,0,0,At Risk (used to be loyal)
17489,59,2,376.64,3,3,2,8,332,Need Attention,188.31999999999996,14.758620689655173,28,213,106.5,0,0,0,At Risk (used to be loyal)
17490,1,7,2092.32,5,5,5,15,555,Champions,298.90285714285716,14.921052631578947,63,177,25.285714285714285,1,1,0,Champions
17491,1,10,3558.87,5,5,5,15,555,Champions,355.88700000000006,18.46788990825688,72,368,36.8,1,1,0,Champions
17492,248,1,374.57,1,2,2,5,122,Hibernating,374.57,12.916666666666666,12,248,248.0,0,0,0,At Risk (used to be loyal)
17495,8,2,497.56,5,3,3,11,533,Others,248.78000000000003,8.481481481481481,21,39,19.5,2,2,0,Need Attention
17496,359,1,271.05,1,2,2,5,122,Hibernating,271.05,7.9,10,359,359.0,0,0,0,At Risk (used to be loyal)
17498,76,1,272.22,2,2,2,6,222,Hibernating,272.22,23.176470588235293,17,76,76.0,2,2,0,Need Attention
17499,290,1,622.88,1,2,3,6,123,Others,622.88,17.775,40,290,290.0,0,0,0,At Risk (used to be loyal)
17500,17,3,1138.0,4,4,4,12,444,Champions,379.3333333333333,3.4,3,30,10.0,2,2,0,Need Attention
17501,221,2,288.6,1,3,2,6,132,Others,144.29999999999998,8.88888888888889,18,221,110.5,0,0,0,At Risk (used to be loyal)
17502,9,4,689.1,5,4,3,12,543,Loyal,172.27499999999998,13.428571428571429,25,29,7.25,2,2,0,Need Attention
17503,3,2,558.96,5,3,3,11,533,Others,279.47999999999996,12.789473684210526,36,39,19.5,2,2,0,Need Attention
17504,206,9,2997.0299999999997,1,5,5,11,155,At Risk,333.00333333333333,13.10236220472441,112,323,35.888888888888886,1,1,0,Champions
17505,162,2,1145.84,2,3,4,9,234,Others,572.92,10.692307692307692,48,206,103.0,0,0,0,At Risk (used to be loyal)
17506,76,1,302.2,2,2,2,6,222,Hibernating,302.20000000000005,9.928571428571429,14,76,76.0,2,2,0,Need Attention
17507,262,2,605.58,1,3,3,7,133,Others,302.79,4.079545454545454,79,309,154.5,0,0,0,At Risk (used to be loyal)
17508,281,1,387.31,1,2,2,5,122,Hibernating,387.31,13.136363636363637,22,281,281.0,0,0,0,At Risk (used to be loyal)
17509,58,8,6115.14,3,5,5,13,355,Loyal,764.3924999999999,9.655737704918034,75,63,7.875,1,1,0,Champions
17510,25,1,308.48,4,2,2,8,422,New / Promising,308.48,10.7,20,25,25.0,2,2,0,Need Attention
17511,3,31,91062.38,5,5,5,15,555,Champions,2937.496129032258,67.02907580477674,453,374,12.064516129032258,1,1,-1,Champions
17512,29,10,2924.9900000000002,4,5,5,14,455,Champions,292.49899999999997,26.21904761904762,61,302,30.2,1,1,0,Champions
17513,72,1,513.2,3,2,3,8,323,Need Attention,513.2,42.333333333333336,6,72,72.0,2,2,0,Need Attention
17514,128,1,208.65,2,2,1,5,221,Hibernating,208.65,3.375,40,128,128.0,0,0,0,At Risk (used to be loyal)
17515,31,4,639.02,4,4,3,11,443,Loyal,159.755,2.793103448275862,49,318,79.5,0,0,0,At Risk (used to be loyal)
17516,15,5,768.08,4,4,3,11,443,Loyal,153.616,3.0364963503649633,113,286,57.2,1,0,0,Champions
17517,309,1,153.94,1,2,1,4,121,Hibernating,153.94,9.272727272727273,11,309,309.0,0,0,0,At Risk (used to be loyal)
17519,17,6,1844.02,4,5,4,13,454,Champions,307.33666666666664,15.073170731707316,60,368,61.333333333333336,1,1,0,Champions
17520,54,1,546.81,3,2,3,8,323,Need Attention,546.81,12.166666666666666,30,54,54.0,2,2,0,Need Attention
17521,30,3,723.2099999999999,4,4,3,11,443,Loyal,241.07000000000002,11.533333333333333,38,199,66.33333333333333,0,0,0,At Risk (used to be loyal)
17522,2,5,1070.71,5,4,4,13,544,Champions,214.142,14.164383561643836,59,218,43.6,1,1,0,Champions
17523,11,4,652.74,5,4,3,12,543,Loyal,163.185,26.424242424242426,25,19,4.75,2,2,0,Need Attention
17524,361,1,145.0,1,2,1,4,121,Hibernating,145.0,15.0,6,361,361.0,0,0,0,At Risk (used to be loyal)
17525,360,1,422.70000000000005,1,2,2,5,122,Hibernating,422.7,9.11111111111111,9,360,360.0,0,0,0,At Risk (used to be loyal)
17526,5,4,1195.8999999999999,5,4,4,13,544,Champions,298.975,16.31578947368421,17,366,91.5,1,0,0,Champions
17527,54,4,939.37,3,4,3,10,343,Loyal,234.8425,10.382978723404255,45,218,54.5,1,0,0,Champions
17528,1,8,3628.5,5,5,5,15,555,Champions,453.5625,8.450592885375494,183,71,8.875,1,1,0,Champions
17530,1,10,2385.0,5,5,5,15,555,Champions,238.5,3.8730964467005076,306,365,36.5,1,1,0,Champions
17531,190,1,296.7,1,2,2,5,122,Hibernating,296.7,9.714285714285714,14,190,190.0,0,0,0,At Risk (used to be loyal)
17534,54,1,223.36,3,2,1,6,321,Need Attention,223.36,11.444444444444445,9,54,54.0,2,2,0,Need Attention
17535,280,1,164.4,1,2,1,4,121,Hibernating,164.39999999999998,10.461538461538462,13,280,280.0,0,0,0,At Risk (used to be loyal)
17536,177,1,76.5,2,2,1,5,221,Hibernating,76.5,2.0,3,177,177.0,0,0,0,At Risk (used to be loyal)
17537,30,2,897.62,4,3,3,10,433,Others,448.81,9.333333333333334,74,303,151.5,0,0,0,At Risk (used to be loyal)
17538,26,1,98.42,4,2,1,7,421,New / Promising,98.42,14.88888888888889,9,26,26.0,2,2,0,Need Attention
17540,25,2,578.9,4,3,3,10,433,Others,289.45,7.76,20,316,158.0,0,0,0,At Risk (used to be loyal)
17542,270,1,170.75,1,2,1,4,121,Hibernating,170.75,5.36,24,270,270.0,0,0,0,At Risk (used to be loyal)
17545,43,3,645.96,3,4,3,10,343,Loyal,215.32000000000002,2.3517241379310345,122,43,14.333333333333334,2,1,0,Need Attention
17548,234,1,103.3,1,2,1,4,121,Hibernating,103.3,11.6,5,234,234.0,0,0,0,At Risk (used to be loyal)
17549,24,2,148.86,4,3,1,8,431,Others,74.43,35.0,5,52,26.0,2,2,-1,Need Attention
17550,197,3,267.16,1,4,2,7,142,At Risk,89.05333333333336,2.0476190476190474,42,243,81.0,0,0,0,At Risk (used to be loyal)
17551,359,1,306.84,1,2,2,5,122,Hibernating,306.84000000000003,3.488372093023256,39,359,359.0,0,0,0,At Risk (used to be loyal)
17552,60,4,930.41,3,4,3,10,343,Loyal,232.6025,14.673469387755102,43,372,93.0,0,0,0,At Risk (used to be loyal)
17553,130,1,1487.6,2,2,4,8,224,Others,1487.6,524.0,2,130,130.0,0,0,-1,At Risk (used to be loyal)
17554,1,5,1952.45,5,4,4,13,544,Champions,390.48999999999995,20.03409090909091,58,148,29.6,1,1,0,Champions
17555,20,2,483.26,4,3,2,9,432,Others,241.63,3.292452830188679,101,335,167.5,0,0,0,At Risk (used to be loyal)
17556,206,1,157.9,1,2,1,4,121,Hibernating,157.9,16.833333333333332,6,206,206.0,0,0,0,At Risk (used to be loyal)
17557,14,3,541.46,4,4,3,11,443,Loyal,180.48666666666665,9.0,27,81,27.0,2,1,0,Need Attention
17560,95,4,854.95,2,4,3,9,243,At Risk,213.7375,24.423076923076923,22,311,77.75,0,0,0,At Risk (used to be loyal)
17561,19,1,167.62,4,2,1,7,421,New / Promising,167.61999999999998,3.1739130434782608,44,19,19.0,2,2,0,Need Attention
17562,14,7,1122.38,4,5,4,13,454,Champions,160.33999999999997,12.968253968253968,48,173,24.714285714285715,1,1,0,Champions
17564,24,3,454.01,4,4,2,10,442,Loyal,151.33666666666667,2.979591836734694,38,80,26.666666666666668,2,1,0,Need Attention
17566,8,2,901.21,5,3,3,11,533,Others,450.60499999999996,3.4078947368421053,113,25,12.5,2,2,0,Need Attention
17567,7,8,4331.48,5,5,5,15,555,Champions,541.435,15.951515151515151,110,372,46.5,1,1,0,Champions
17569,332,1,344.14,1,2,2,5,122,Hibernating,344.13999999999993,5.482758620689655,29,332,332.0,0,0,0,At Risk (used to be loyal)
17571,50,4,1498.51,3,4,4,11,344,Loyal,374.6275,3.0267558528428093,247,298,74.5,1,1,0,Champions
17572,71,4,226.75000000000003,3,4,1,8,341,Loyal,56.6875,7.916666666666667,7,373,93.25,0,0,0,At Risk (used to be loyal)
17573,29,3,380.6,4,4,2,10,442,Loyal,126.86666666666666,12.32,24,94,31.333333333333332,2,1,0,Need Attention
17574,243,1,185.65,1,2,1,4,121,Hibernating,185.64999999999998,9.625,8,243,243.0,0,0,0,At Risk (used to be loyal)
17576,8,19,3622.68,5,5,5,15,555,Champions,190.66736842105263,4.851581508515815,245,365,19.210526315789473,1,1,0,Champions
17578,218,1,143.45999999999998,1,2,1,4,121,Hibernating,143.45999999999998,27.6,5,218,218.0,0,0,0,At Risk (used to be loyal)
17579,5,3,448.90000000000003,5,4,2,11,542,Loyal,149.6333333333333,5.16,46,179,59.666666666666664,2,1,0,Need Attention
17580,253,3,215.72,1,4,1,6,141,At Risk,71.90666666666665,1.9555555555555555,43,358,119.33333333333333,0,0,0,At Risk (used to be loyal)
17581,1,25,11045.04,5,5,5,15,555,Champions,441.80159999999995,13.470454545454546,229,372,14.88,1,1,0,Champions
17582,236,1,175.27,1,2,1,4,121,Hibernating,175.27,4.241379310344827,28,236,236.0,0,0,0,At Risk (used to be loyal)
17584,7,2,1242.3,5,3,4,12,534,Others,621.1500000000001,13.085714285714285,30,127,63.5,1,1,0,Champions
17585,109,4,1133.07,2,4,4,10,244,At Risk,283.2675,7.808411214953271,176,338,84.5,1,0,0,Champions
17588,100,3,1240.2,2,4,4,10,244,At Risk,413.40000000000003,29.391304347826086,19,233,77.66666666666667,0,0,0,At Risk (used to be loyal)
17589,60,4,2404.17,3,4,5,12,345,Loyal,601.0425,6.446640316205533,172,240,60.0,1,1,0,Champions
17590,2,3,1479.22,5,4,4,13,544,Champions,493.0733333333333,4.119402985074627,162,40,13.333333333333334,2,1,-1,Need Attention
17591,73,7,2225.9700000000003,2,5,5,12,255,At Risk,317.9957142857143,6.078313253012048,81,367,52.42857142857143,1,0,0,Champions
17593,4,5,3927.34,5,4,5,14,545,Champions,785.4680000000001,14.55868544600939,190,353,70.6,1,1,0,Champions
17594,85,2,993.18,2,3,4,9,234,Others,496.59000000000003,11.0,42,255,127.5,0,0,0,At Risk (used to be loyal)
17595,12,2,388.79,5,3,2,10,532,Others,194.39499999999998,2.7590361445783134,68,37,18.5,2,2,0,Need Attention
17596,23,7,2827.93,4,5,5,14,455,Champions,403.99000000000007,16.296296296296298,168,369,52.714285714285715,1,1,0,Champions
17597,214,1,2044.3700000000001,1,2,4,7,124,Others,2044.37,21.381818181818183,55,214,214.0,0,0,0,At Risk (used to be loyal)
17600,18,1,161.67000000000002,4,2,1,7,421,New / Promising,161.67000000000002,11.076923076923077,13,18,18.0,2,2,0,Need Attention
17601,239,1,116.00999999999999,1,2,1,4,121,Hibernating,116.00999999999999,11.444444444444445,9,239,239.0,0,0,0,At Risk (used to be loyal)
17602,2,6,5102.97,5,5,5,15,555,Champions,850.495,7.4125,335,324,54.0,1,1,0,Champions
17603,78,1,394.72,2,2,2,6,222,Hibernating,394.71999999999997,6.7272727272727275,11,78,78.0,2,2,0,Need Attention
17604,217,2,309.36,1,3,2,6,132,Others,154.67999999999998,2.6825396825396823,57,312,156.0,0,0,0,At Risk (used to be loyal)
17608,33,2,193.42,4,3,1,8,431,Others,96.71000000000001,3.9322033898305087,54,33,16.5,2,2,0,Need Attention
17609,41,5,1112.22,3,4,4,11,344,Loyal,222.44399999999996,3.050632911392405,199,327,65.4,1,1,0,Champions
17611,7,15,3984.22,5,5,5,15,555,Champions,265.61466666666666,4.444444444444445,440,361,24.066666666666666,1,1,0,Champions
17612,53,6,2048.45,3,5,4,12,354,Loyal,341.4083333333333,13.392592592592592,116,298,49.666666666666664,1,1,0,Champions
17613,23,14,4559.150000000001,4,5,5,14,455,Champions,325.65357142857147,8.0,211,306,21.857142857142858,1,1,0,Champions
17614,57,1,390.07,3,2,2,7,322,Need Attention,390.07000000000005,2.38,97,57,57.0,2,2,0,Need Attention
17615,130,3,329.6,2,4,2,8,242,At Risk,109.86666666666669,10.0,13,222,74.0,0,0,0,At Risk (used to be loyal)
17616,174,3,571.1999999999999,2,4,3,9,243,At Risk,190.4,74.66666666666667,1,368,122.66666666666667,0,0,0,At Risk (used to be loyal)
17618,6,3,971.58,5,4,4,13,544,Champions,323.86000000000007,4.243589743589744,56,362,120.66666666666667,1,0,0,Champions
17619,312,1,218.52,1,2,1,4,121,Hibernating,218.51999999999995,1.6493506493506493,71,312,312.0,0,0,0,At Risk (used to be loyal)
17620,60,1,81.44,3,2,1,6,321,Need Attention,81.44,15.0,4,60,60.0,2,0,0,Need Attention
17621,21,3,1379.9,4,4,4,12,444,Champions,459.96666666666664,19.76923076923077,24,354,118.0,1,0,0,Champions
17623,33,1,527.0500000000001,4,2,3,9,423,New / Promising,527.0500000000001,8.030303030303031,33,33,33.0,2,2,0,Need Attention
17624,15,2,843.48,4,3,3,10,433,Others,421.74,11.08,49,218,109.0,1,0,0,Champions
17625,18,4,2047.0,4,4,4,12,444,Champions,511.75,3.803174603174603,223,258,64.5,1,1,0,Champions
17628,81,1,75.75,2,2,1,5,221,Hibernating,75.75000000000001,15.8,5,81,81.0,0,0,0,At Risk (used to be loyal)
17629,6,8,1814.12,5,5,4,14,554,Champions,226.765,13.24390243902439,106,360,45.0,1,1,0,Champions
17630,170,2,503.59999999999997,2,3,3,8,233,Others,251.79999999999998,6.076923076923077,24,232,116.0,0,0,0,At Risk (used to be loyal)
17631,2,3,528.33,5,4,3,12,543,Loyal,176.11000000000004,8.564102564102564,39,232,77.33333333333333,1,1,0,Champions
17633,31,4,1324.84,4,4,4,12,444,Champions,331.21000000000004,9.2,59,120,30.0,1,1,0,Champions
17634,36,9,2361.9700000000003,3,5,5,13,355,Loyal,262.4411111111111,2.8282828282828283,209,338,37.55555555555556,1,1,0,Champions
17636,19,1,285.56,4,2,2,8,422,New / Promising,285.55999999999995,9.1,20,19,19.0,2,2,0,Need Attention
17637,31,2,547.0600000000001,4,3,3,10,433,Others,273.53000000000003,8.0,35,115,57.5,2,1,0,Need Attention
17639,276,1,108.5,1,2,1,4,121,Hibernating,108.5,7.0,7,276,276.0,0,0,0,At Risk (used to be loyal)
17640,87,1,621.66,2,2,3,7,223,Others,621.6600000000001,50.0,5,87,87.0,0,2,0,At Risk (used to be loyal)
17642,120,2,712.29,2,3,3,8,233,Others,356.145,11.85,34,176,88.0,0,0,0,At Risk (used to be loyal)
17643,373,1,101.55,1,2,1,4,121,Hibernating,101.55,8.875,8,373,373.0,0,0,0,At Risk (used to be loyal)
17644,1,11,2895.64,5,5,5,15,555,Champions,263.24,11.420382165605096,102,261,23.727272727272727,1,1,0,Champions
17646,219,3,1008.39,1,4,4,9,144,At Risk,336.13,6.333333333333333,46,365,121.66666666666667,0,0,0,At Risk (used to be loyal)
17647,65,1,133.06,3,2,1,6,321,Need Attention,133.06,4.285714285714286,7,65,65.0,2,2,0,Need Attention
17648,61,4,1797.5,3,4,4,11,344,Loyal,449.375,5.351648351648351,81,250,62.5,1,0,0,Champions
17649,138,1,868.49,2,2,3,7,223,Others,868.49,7.673076923076923,52,138,138.0,0,2,0,At Risk (used to be loyal)
17650,21,1,166.08,4,2,1,7,421,New / Promising,166.07999999999998,18.75,8,21,21.0,2,2,0,Need Attention
17651,12,10,3945.0,5,5,5,15,555,Champions,394.5,13.413793103448276,149,177,17.7,1,1,0,Champions
17652,25,12,4867.72,4,5,5,14,455,Champions,405.6433333333334,9.687258687258687,118,281,23.416666666666668,1,1,0,Champions
17653,37,4,1207.56,3,4,4,11,344,Loyal,301.89,32.02272727272727,44,120,30.0,1,0,0,Champions
17654,277,1,117.55,1,2,1,4,121,Hibernating,117.55000000000001,1.8636363636363635,22,277,277.0,0,0,0,At Risk (used to be loyal)
17655,11,7,2638.94,5,5,5,15,555,Champions,376.9914285714286,12.263736263736265,66,366,52.285714285714285,1,1,0,Champions
17656,73,5,1674.69,2,4,4,10,244,At Risk,334.93800000000005,17.0609756097561,67,129,25.8,1,0,0,Champions
17658,26,2,595.42,4,3,3,10,433,Others,297.71,32.421052631578945,17,211,105.5,0,0,0,At Risk (used to be loyal)
17659,17,12,2999.46,4,5,5,14,455,Champions,249.955,9.651898734177216,127,372,31.0,1,1,0,Champions
17660,141,1,196.0,2,2,1,5,221,Hibernating,196.0,2.888888888888889,37,141,141.0,0,0,0,At Risk (used to be loyal)
17663,26,7,1802.91,4,5,4,13,454,Champions,257.5585714285715,9.267441860465116,63,287,41.0,1,1,0,Champions
17664,19,2,604.64,4,3,3,10,433,Others,302.32,14.046511627906977,41,212,106.0,0,0,0,At Risk (used to be loyal)
17666,4,2,728.16,5,3,3,11,533,Others,364.0799999999999,33.111111111111114,14,66,33.0,2,2,0,Need Attention
17667,66,5,2055.51,3,4,4,11,344,Loyal,411.10200000000003,8.905172413793103,85,299,59.8,1,0,0,Champions
17668,1,2,347.75,5,3,2,10,532,Others,173.875,6.2,14,38,19.0,2,2,0,Need Attention
17669,43,7,3406.7200000000003,3,5,5,13,355,Loyal,486.6742857142857,28.176470588235293,45,250,35.714285714285715,1,1,0,Champions
17670,228,1,205.7,1,2,1,4,121,Hibernating,205.7,10.0,11,228,228.0,0,0,0,At Risk (used to be loyal)
17671,16,4,1572.71,4,4,4,12,444,Champions,393.17750000000007,14.566037735849056,40,365,91.25,1,0,0,Champions
17672,50,2,3178.17,3,3,5,11,335,Need Attention,1589.085,15.363636363636363,105,309,154.5,1,0,0,Champions
17673,2,6,1629.12,5,5,4,14,554,Champions,271.52,6.5506607929515415,118,320,53.333333333333336,1,1,0,Champions
17674,74,2,551.04,2,3,3,8,233,Others,275.52000000000004,24.88888888888889,19,369,184.5,0,0,0,At Risk (used to be loyal)
17675,1,31,20374.28,5,5,5,15,555,Champions,657.2348387096774,11.858156028368795,239,367,11.838709677419354,1,1,0,Champions
17676,4,6,1387.68,5,5,4,14,554,Champions,231.28,11.948717948717949,49,366,61.0,1,1,0,Champions
17677,2,30,16363.23,5,5,5,15,555,Champions,545.441,32.1546052631579,178,369,12.3,1,1,0,Champions
17678,264,1,298.11,1,2,2,5,122,Hibernating,298.11,12.9375,16,264,264.0,0,0,0,At Risk (used to be loyal)
17679,53,2,1992.1100000000001,3,3,4,10,334,Need Attention,996.0550000000001,24.3,29,86,43.0,2,2,0,Need Attention
17680,24,1,184.4,4,2,1,7,421,New / Promising,184.39999999999998,8.727272727272727,11,24,24.0,2,2,0,Need Attention
17682,10,6,2474.33,5,5,5,15,555,Champions,412.38833333333326,11.584745762711865,48,368,61.333333333333336,1,1,0,Champions
17684,44,1,239.41,3,2,1,6,321,Need Attention,239.41,9.666666666666666,15,44,44.0,2,2,0,Need Attention
17685,17,7,3191.53,4,5,5,14,455,Champions,455.9328571428572,15.046153846153846,88,372,53.142857142857146,1,1,0,Champions
17686,7,7,5739.46,5,5,5,15,555,Champions,819.9228571428573,8.664335664335665,205,303,43.285714285714285,1,1,0,Champions
17690,30,15,4757.95,4,5,5,14,455,Champions,317.19666666666666,6.92578125,186,373,24.866666666666667,1,1,0,Champions
17691,358,2,290.40000000000003,1,3,2,6,132,Others,145.2,7.052631578947368,18,369,184.5,0,0,0,At Risk (used to be loyal)
17692,127,4,740.9399999999999,2,4,3,9,243,At Risk,185.23499999999996,14.608695652173912,34,359,89.75,0,0,0,At Risk (used to be loyal)
17693,137,1,200.47,2,2,1,5,221,Hibernating,200.46999999999997,14.4375,16,137,137.0,0,2,0,At Risk (used to be loyal)
17694,142,1,283.12,2,2,2,6,222,Hibernating,283.12,12.266666666666667,15,142,142.0,0,2,0,At Risk (used to be loyal)
17695,132,2,765.34,2,3,3,8,233,Others,382.6700000000001,22.257142857142856,30,172,86.0,0,0,0,At Risk (used to be loyal)
17696,38,8,2285.71,3,5,5,13,355,Loyal,285.71375000000006,15.269565217391305,78,365,45.625,1,1,0,Champions
17697,236,1,338.95,1,2,2,5,122,Hibernating,338.95000000000005,4.894736842105263,19,236,236.0,0,0,0,At Risk (used to be loyal)
17698,261,1,154.95,1,2,1,4,121,Hibernating,154.95,11.625,8,261,261.0,0,0,0,At Risk (used to be loyal)
17700,17,4,2534.64,4,4,5,13,445,Champions,633.66,8.915492957746478,116,281,70.25,1,1,0,Champions
17701,253,1,417.95,1,2,2,5,122,Hibernating,417.95000000000005,4.541666666666667,24,253,253.0,0,0,0,At Risk (used to be loyal)
17702,30,4,1824.37,4,4,4,12,444,Champions,456.0925,18.283783783783782,58,206,51.5,1,0,0,Champions
17703,35,3,798.74,3,4,3,10,343,Loyal,266.24666666666667,10.727272727272727,47,138,46.0,1,0,0,Champions
17704,169,2,885.19,2,3,3,8,233,Others,442.59499999999997,11.064516129032258,27,240,120.0,0,0,0,At Risk (used to be loyal)
17705,3,9,1823.52,5,5,4,14,554,Champions,202.61333333333334,9.349514563106796,63,302,33.55555555555556,1,1,0,Champions
17706,4,17,10504.49,5,5,5,15,555,Champions,617.9111764705882,10.206806282722512,270,367,21.58823529411765,1,1,0,Champions
17707,185,2,152.4,1,3,1,5,131,Others,76.19999999999999,28.8,3,336,168.0,0,0,0,At Risk (used to be loyal)
17708,188,2,267.08,1,3,2,6,132,Others,133.54000000000002,2.6,28,325,162.5,0,0,0,At Risk (used to be loyal)
17709,170,1,137.45,2,2,1,5,221,Hibernating,137.45,2.4285714285714284,7,170,170.0,0,0,0,At Risk (used to be loyal)
17711,11,2,385.1,5,3,2,10,532,Others,192.55,10.695652173913043,22,290,145.0,0,0,0,At Risk (used to be loyal)
17712,45,1,522.91,3,2,3,8,323,Need Attention,522.91,7.413793103448276,29,45,45.0,2,2,0,Need Attention
17714,321,1,153.0,1,2,1,4,121,Hibernating,153.0,9.2,10,321,321.0,0,0,0,At Risk (used to be loyal)
17715,201,1,326.4,1,2,2,5,122,Hibernating,326.4,384.0,1,201,201.0,0,0,-1,At Risk (used to be loyal)
17716,23,11,5655.99,4,5,5,14,455,Champions,514.180909090909,12.538775510204081,171,268,24.363636363636363,1,1,0,Champions
17718,232,1,139.35,1,2,1,4,121,Hibernating,139.35,13.833333333333334,6,232,232.0,0,0,0,At Risk (used to be loyal)
17719,38,15,5396.04,3,5,5,13,355,Loyal,359.736,9.0,111,256,17.066666666666666,1,1,0,Champions
17720,26,4,1195.94,4,4,4,12,444,Champions,298.985,11.52,39,368,92.0,1,0,0,Champions
17722,96,4,2424.04,2,4,5,11,245,At Risk,606.01,13.869565217391305,111,367,91.75,1,1,0,Champions
17723,127,6,3276.4000000000005,2,5,5,12,255,At Risk,546.0666666666667,79.2,4,214,35.666666666666664,1,0,0,Champions
17724,71,3,1033.0,3,4,4,11,344,Loyal,344.3333333333333,7.5,38,138,46.0,1,0,0,Champions
17725,16,11,3439.08,4,5,5,14,455,Champions,312.64363636363635,11.260416666666666,115,267,24.272727272727273,1,1,0,Champions
17727,15,1,1060.25,4,2,4,10,424,New / Promising,1060.25,9.772727272727273,66,15,15.0,2,2,0,Need Attention
17728,4,3,2876.01,5,4,5,14,545,Champions,958.6700000000001,8.903030303030302,153,87,29.0,1,1,0,Champions
17730,3,13,5298.4800000000005,5,5,5,15,555,Champions,407.57538461538456,16.40366972477064,127,326,25.076923076923077,1,1,0,Champions
17731,79,4,1240.11,2,4,4,10,244,At Risk,310.0275,7.358208955223881,54,183,45.75,1,0,0,Champions
17732,373,1,303.97,1,2,2,5,122,Hibernating,303.96999999999997,5.166666666666667,18,373,373.0,0,0,0,At Risk (used to be loyal)
17733,39,2,692.19,3,3,3,9,333,Need Attention,346.09499999999997,13.228571428571428,33,262,131.0,0,0,0,At Risk (used to be loyal)
17734,54,3,700.63,3,4,3,10,343,Loyal,233.54333333333332,9.813953488372093,40,234,78.0,0,0,0,At Risk (used to be loyal)
17735,2,19,13110.02,5,5,5,15,555,Champions,690.001052631579,12.230434782608695,319,368,19.36842105263158,1,1,0,Champions
17736,9,3,377.44,5,4,2,11,542,Loyal,125.81333333333333,9.52,24,113,37.666666666666664,2,1,0,Need Attention
17737,9,2,168.24,5,3,1,9,531,Others,84.12,10.8,8,58,29.0,2,2,0,Need Attention
17738,19,4,1879.05,4,4,4,12,444,Champions,469.7625,10.608247422680412,89,282,70.5,1,0,0,Champions
17739,12,7,2791.35,5,5,5,15,555,Champions,398.7642857142858,18.319148936170212,29,360,51.42857142857143,1,1,0,Champions
17742,113,2,355.11,2,3,2,7,232,Others,177.555,5.933333333333334,13,333,166.5,0,0,0,At Risk (used to be loyal)
17744,4,6,2322.4,5,5,5,15,555,Champions,387.06666666666666,25.08823529411765,110,358,59.666666666666664,1,1,0,Champions
17746,240,1,110.25,1,2,1,4,121,Hibernating,110.25000000000001,4.833333333333333,6,240,240.0,0,0,0,At Risk (used to be loyal)
17747,113,1,71.4,2,2,1,5,221,Hibernating,71.4,12.0,1,113,113.0,0,0,0,At Risk (used to be loyal)
17749,178,2,674.52,2,3,3,8,233,Others,337.26,9.142857142857142,33,256,128.0,0,0,0,At Risk (used to be loyal)
17750,5,9,1797.57,5,5,4,14,554,Champions,199.73000000000002,20.502590673575128,101,164,18.22222222222222,1,1,0,Champions
17752,359,1,80.64,1,2,1,4,121,Hibernating,80.64,192.0,1,359,359.0,0,0,0,At Risk (used to be loyal)
17754,1,5,1772.26,5,4,4,13,544,Champions,354.45199999999994,20.315217391304348,82,260,52.0,1,1,0,Champions
17757,1,30,5605.29,5,5,5,15,555,Champions,186.84300000000002,4.480431848852901,275,372,12.4,1,1,0,Champions
17758,19,8,3456.7000000000003,4,5,5,14,455,Champions,432.0875,5.075242718446602,310,250,31.25,1,1,0,Champions
17759,17,3,834.99,4,4,3,11,443,Loyal,278.33,7.4526315789473685,82,169,56.333333333333336,1,1,0,Champions
17760,22,2,287.59,4,3,2,9,432,Others,143.79500000000002,9.56,25,373,186.5,0,0,0,At Risk (used to be loyal)
17761,33,1,712.78,4,2,3,9,423,New / Promising,712.78,20.94736842105263,19,33,33.0,2,2,0,Need Attention
17763,263,1,15.0,1,2,1,4,121,Hibernating,15.0,12.0,1,263,263.0,0,0,-1,At Risk (used to be loyal)
17764,51,2,818.8199999999999,3,3,3,9,333,Need Attention,409.41,5.266666666666667,71,211,105.5,0,0,0,At Risk (used to be loyal)
17765,159,3,371.88,2,4,2,8,242,At Risk,123.96,2.526315789473684,51,257,85.66666666666667,0,0,0,At Risk (used to be loyal)
17767,15,1,271.2,4,2,2,8,422,New / Promising,271.20000000000005,6.095238095238095,21,15,15.0,2,2,0,Need Attention
17768,8,3,2273.1800000000003,5,4,5,14,545,Champions,757.7266666666666,11.295238095238096,77,166,55.333333333333336,1,1,0,Champions
17769,13,10,3997.98,5,5,5,15,555,Champions,399.79800000000006,6.006451612903226,200,321,32.1,1,1,0,Champions
17770,199,5,1143.27,1,4,4,9,144,At Risk,228.65399999999994,9.605263157894736,33,282,56.4,0,0,0,At Risk (used to be loyal)
17771,57,2,245.81,3,3,1,7,331,Need Attention,122.90500000000002,5.314814814814815,51,323,161.5,0,0,0,At Risk (used to be loyal)
17772,11,2,182.77,5,3,1,9,531,Others,91.38499999999999,1.0943396226415094,50,11,5.5,2,2,-1,Need Attention
17774,97,4,1225.41,2,4,4,10,244,At Risk,306.35249999999996,3.282051282051282,123,305,76.25,1,0,0,Champions
17775,255,1,56.4,1,2,1,4,121,Hibernating,56.4,24.0,3,255,255.0,0,0,0,At Risk (used to be loyal)
17777,25,3,665.86,4,4,3,11,443,Loyal,221.95333333333338,2.61340206185567,141,100,33.333333333333336,2,1,0,Need Attention
17779,21,3,658.57,4,4,3,11,443,Loyal,219.52333333333334,4.841463414634147,73,144,48.0,1,1,0,Champions
17781,159,2,188.02,2,3,1,6,231,Others,94.00999999999999,2.8333333333333335,12,253,126.5,0,0,0,At Risk (used to be loyal)
17783,72,2,283.47,3,3,2,8,332,Need Attention,141.73499999999996,5.2835820895522385,67,248,124.0,0,0,0,At Risk (used to be loyal)
17785,53,1,131.94,3,2,1,6,321,Need Attention,131.94,5.153846153846154,13,53,53.0,2,2,0,Need Attention
17786,85,2,278.74,2,3,2,7,232,Others,139.37,2.7777777777777777,57,317,158.5,0,0,0,At Risk (used to be loyal)
17787,153,4,1865.19,2,4,4,10,244,At Risk,466.2975,6.791044776119403,94,371,92.75,1,0,0,Champions
17788,74,2,1117.9,2,3,4,9,234,Others,558.95,42.2,3,130,65.0,0,2,0,At Risk (used to be loyal)
17789,281,1,225.9,1,2,1,4,121,Hibernating,225.9,5.285714285714286,14,281,281.0,0,0,0,At Risk (used to be loyal)
17790,27,14,1965.55,4,5,4,13,454,Champions,140.39642857142857,4.4,121,365,26.071428571428573,1,1,0,Champions
17791,30,1,106.1,4,2,1,7,421,New / Promising,106.1,4.6,10,30,30.0,2,2,0,Need Attention
17793,25,1,323.04,4,2,2,8,422,New / Promising,323.04,4.0,49,25,25.0,2,2,0,Need Attention
17795,180,2,350.39,1,3,2,6,132,Others,175.19499999999996,7.413043478260869,43,265,132.5,0,0,0,At Risk (used to be loyal)
17796,40,4,697.9,3,4,3,10,343,Loyal,174.47500000000002,2.1707317073170733,63,370,92.5,0,0,0,At Risk (used to be loyal)
17797,22,3,780.43,4,4,3,11,443,Loyal,260.1433333333334,4.486486486486487,102,183,61.0,1,1,0,Champions
17799,22,10,3055.93,4,5,5,14,455,Champions,305.593,4.3088235294117645,280,361,36.1,1,1,0,Champions
17800,37,9,1199.01,3,5,4,12,354,Loyal,133.22333333333333,7.076923076923077,51,334,37.111111111111114,1,1,0,Champions
17802,82,3,1285.04,2,4,4,10,244,At Risk,428.34666666666664,5.371428571428571,102,372,124.0,1,0,0,Champions
17805,74,1,512.31,2,2,3,7,223,Others,512.31,47.8,10,74,74.0,2,2,0,Need Attention
17806,11,1,546.04,5,2,3,10,523,New / Promising,546.04,16.906976744186046,43,11,11.0,2,2,0,Need Attention
17809,16,12,5411.91,4,5,5,14,455,Champions,450.9925,33.721311475409834,46,374,31.166666666666668,1,1,0,Champions
17811,4,39,7837.7300000000005,5,5,5,15,555,Champions,200.9674358974359,4.90834312573443,359,334,8.564102564102564,1,1,0,Champions
17812,13,4,732.16,5,4,3,12,543,Loyal,183.03999999999996,2.482269503546099,113,368,92.0,1,0,0,Champions
17813,14,5,1770.8799999999999,4,4,4,12,444,Champions,354.176,2.129380053908356,297,71,14.2,1,1,0,Champions
17816,37,4,36.56,3,4,1,8,341,Loyal,9.139999999999999,1.7647058823529411,16,365,91.25,0,0,-1,At Risk (used to be loyal)
17817,4,3,387.68,5,4,2,11,542,Loyal,129.22666666666666,2.0303030303030303,32,277,92.33333333333333,0,0,0,At Risk (used to be loyal)
17819,72,7,3704.87,3,5,5,13,355,Loyal,529.2671428571429,21.479166666666668,36,371,53.0,1,0,0,Champions
17824,51,1,298.4,3,2,2,7,322,Need Attention,298.4,31.384615384615383,13,51,51.0,2,2,0,Need Attention
17827,5,5,1995.46,5,4,4,13,544,Champions,399.092,5.668181818181818,190,365,73.0,1,1,0,Champions
17828,23,4,1820.09,4,4,4,12,444,Champions,455.02250000000004,9.955223880597014,54,185,46.25,1,0,0,Champions
17829,299,1,889.24,1,2,3,6,123,Others,889.24,16.533333333333335,30,299,299.0,0,0,0,At Risk (used to be loyal)
17830,2,3,398.7,5,4,2,11,542,Loyal,132.89999999999998,4.0,18,289,96.33333333333333,0,1,0,At Risk (used to be loyal)
17831,33,1,35.400000000000006,4,2,1,7,421,New / Promising,35.400000000000006,6.0,2,33,33.0,2,2,-1,Need Attention
17832,50,1,155.37,3,2,1,6,321,Need Attention,155.37000000000003,3.4098360655737703,61,50,50.0,2,2,0,Need Attention
17835,3,3,350.64,5,4,2,11,542,Loyal,116.87999999999998,5.704918032786885,45,23,7.666666666666667,2,2,0,Need Attention
17836,47,1,110.21000000000001,3,2,1,6,321,Need Attention,110.21,3.6666666666666665,23,47,47.0,2,2,0,Need Attention
17837,42,8,1593.38,3,5,4,12,354,Loyal,199.1725,3.06508875739645,110,163,20.375,1,1,0,Champions
17838,27,5,2779.3,4,4,5,13,445,Champions,555.86,15.52892561983471,96,372,74.4,1,1,0,Champions
17839,42,1,338.8,3,2,2,7,322,Need Attention,338.79999999999995,5.089285714285714,50,42,42.0,2,2,0,Need Attention
17841,2,124,40991.57,5,5,5,15,555,Champions,330.5771774193548,2.9401044985344718,1323,373,3.0080645161290325,1,1,-1,Champions
17843,303,1,205.48,1,2,1,4,121,Hibernating,205.48000000000002,3.054054054054054,36,303,303.0,0,0,0,At Risk (used to be loyal)
17844,107,1,51.559999999999995,2,2,1,5,221,Hibernating,51.56,10.4,5,107,107.0,0,0,0,At Risk (used to be loyal)
17846,85,1,2033.1,2,2,4,8,224,Others,2033.1,1.0,1,85,85.0,2,2,0,Need Attention
17848,81,9,901.1999999999999,2,5,3,10,253,At Risk,100.13333333333334,7.803921568627451,41,358,39.77777777777778,1,1,0,Champions
17849,218,4,605.8000000000001,1,4,3,8,143,At Risk,151.45000000000002,4.384615384615385,14,334,83.5,0,0,0,At Risk (used to be loyal)
17850,372,34,5391.21,1,5,5,11,155,At Risk,158.56500000000003,5.835016835016835,21,374,11.0,1,1,0,Champions
17852,12,2,114.34,5,3,1,9,531,Others,57.17,2.2083333333333335,21,12,6.0,2,2,-1,Need Attention
17854,185,2,311.26,1,3,2,6,132,Others,155.63,5.6,15,227,113.5,0,0,0,At Risk (used to be loyal)
17855,373,1,208.97,1,2,1,4,121,Hibernating,208.97,11.588235294117647,17,373,373.0,0,0,0,At Risk (used to be loyal)
17856,2,4,1418.03,5,4,4,13,544,Champions,354.50750000000005,56.13333333333333,12,282,70.5,1,0,0,Champions
17857,4,23,26879.04,5,5,5,15,555,Champions,1168.6539130434783,356.5925925925926,19,366,15.91304347826087,1,1,-1,Champions
17858,6,12,5155.66,5,5,5,15,555,Champions,429.6383333333333,13.597989949748744,101,369,30.75,1,1,0,Champions
17859,305,1,148.21,1,2,1,4,121,Hibernating,148.21,5.08,23,305,305.0,0,0,0,At Risk (used to be loyal)
17860,369,1,252.8,1,2,2,5,122,Hibernating,252.8,1.793103448275862,49,369,369.0,0,0,0,At Risk (used to be loyal)
17861,3,8,2100.8,5,5,5,15,555,Champions,262.6,8.954954954954955,172,320,40.0,1,1,0,Champions
17862,324,1,330.9,1,2,2,5,122,Hibernating,330.9,9.090909090909092,11,324,324.0,0,0,0,At Risk (used to be loyal)
17863,59,6,3160.0,3,5,5,13,355,Loyal,526.6666666666666,17.824324324324323,110,369,61.5,1,1,0,Champions
17864,13,3,597.5,5,4,3,12,543,Loyal,199.16666666666666,7.9411764705882355,70,276,92.0,1,1,0,Champions
17865,31,20,10526.32,4,5,5,14,455,Champions,526.316,15.55945945945946,191,364,18.2,1,1,0,Champions
17866,143,1,329.65,2,2,2,6,222,Hibernating,329.65,19.333333333333332,9,143,143.0,0,2,0,At Risk (used to be loyal)
17867,30,6,1197.1000000000001,4,5,4,13,454,Champions,199.51666666666674,6.860759493670886,62,289,48.166666666666664,1,1,0,Champions
17869,107,5,428.18,2,4,2,8,242,At Risk,85.636,2.775,37,368,73.6,0,0,0,At Risk (used to be loyal)
17870,2,12,1894.35,5,5,4,14,554,Champions,157.8625,5.021505376344086,214,367,30.583333333333332,1,1,0,Champions
17871,205,1,155.9,1,2,1,4,121,Hibernating,155.90000000000003,18.2,10,205,205.0,0,0,0,At Risk (used to be loyal)
17873,80,5,1859.16,2,4,4,10,244,At Risk,371.83200000000005,23.795454545454547,24,373,74.6,1,0,0,Champions
17874,185,6,683.46,1,5,3,9,153,At Risk,113.91000000000003,4.804347826086956,37,256,42.666666666666664,0,0,0,At Risk (used to be loyal)
17877,170,1,237.61,2,2,1,5,221,Hibernating,237.61,8.166666666666666,12,170,170.0,0,2,0,At Risk (used to be loyal)
17878,44,1,379.45,3,2,2,7,322,Need Attention,379.45,15.423076923076923,26,44,44.0,2,2,0,Need Attention
17879,174,1,178.51999999999998,2,2,1,5,221,Hibernating,178.51999999999998,7.5,6,174,174.0,0,2,0,At Risk (used to be loyal)
17880,365,1,458.92,1,2,2,5,122,Hibernating,458.91999999999996,12.076923076923077,26,365,365.0,0,0,0,At Risk (used to be loyal)
17881,304,1,133.35000000000002,1,2,1,4,121,Hibernating,133.35000000000002,4.0,8,304,304.0,0,0,0,At Risk (used to be loyal)
17883,3,4,671.77,5,4,3,12,543,Loyal,167.9425,2.613793103448276,133,246,61.5,1,0,0,Champions
17884,4,4,717.45,5,4,3,12,543,Loyal,179.3625,7.299145299145299,107,372,93.0,1,1,0,Champions
17885,12,1,190.19,5,2,1,8,521,New / Promising,190.19,2.609375,50,12,12.0,2,2,0,Need Attention
17886,32,3,899.61,4,4,3,11,443,Loyal,299.86999999999995,4.412844036697248,93,250,83.33333333333333,1,0,0,Champions
17887,129,1,111.35,2,2,1,5,221,Hibernating,111.35,3.0,10,129,129.0,0,0,0,At Risk (used to be loyal)
17888,21,8,726.05,4,5,3,12,453,Loyal,90.75625,14.626865671641792,60,357,44.625,1,1,0,Champions
17889,212,2,203.87,1,3,1,5,131,Others,101.935,3.761904761904762,20,322,161.0,0,0,0,At Risk (used to be loyal)
17890,323,2,602.09,1,3,3,7,133,Others,301.0450000000001,4.425531914893617,88,361,180.5,0,0,0,At Risk (used to be loyal)
17891,162,1,203.85999999999999,2,2,1,5,221,Hibernating,203.85999999999996,11.558823529411764,34,162,162.0,0,0,0,At Risk (used to be loyal)
17892,56,3,244.1,3,4,1,8,341,Loyal,81.36666666666667,3.892857142857143,27,155,51.666666666666664,0,0,0,At Risk (used to be loyal)
17893,225,1,112.25,1,2,1,4,121,Hibernating,112.25,10.0625,15,225,225.0,0,0,0,At Risk (used to be loyal)
17894,72,8,1119.81,3,5,4,12,354,Loyal,139.97625,2.098445595854922,127,366,45.75,1,1,0,Champions
17895,44,1,98.0,3,2,1,6,321,Need Attention,98.0,8.125,15,44,44.0,2,2,0,Need Attention
17896,23,1,256.32,4,2,2,8,422,New / Promising,256.32,144.0,2,23,23.0,2,0,-1,Need Attention
17897,173,3,566.6,2,4,3,9,243,At Risk,188.86666666666667,2.008771929824561,100,374,124.66666666666667,0,0,0,At Risk (used to be loyal)
17898,85,2,152.06,2,3,1,6,231,Others,76.03,6.785714285714286,27,207,103.5,0,0,0,At Risk (used to be loyal)
17899,159,1,155.8,2,2,1,5,221,Hibernating,155.79999999999998,5.34375,29,159,159.0,0,0,0,At Risk (used to be loyal)
17900,190,2,112.19999999999999,1,3,1,5,131,Others,56.099999999999994,12.166666666666666,4,190,95.0,0,0,0,At Risk (used to be loyal)
17901,29,1,110.38,4,2,1,7,421,New / Promising,110.38,1.263157894736842,19,29,29.0,2,2,0,Need Attention
17904,21,1,191.67,4,2,1,7,421,New / Promising,191.66999999999993,1.6578947368421053,33,21,21.0,2,2,0,Need Attention
17905,71,4,800.24,3,4,3,10,343,Loyal,200.06,11.970588235294118,33,373,93.25,0,0,0,At Risk (used to be loyal)
17906,247,1,72.9,1,2,1,4,121,Hibernating,72.9,2.1666666666666665,12,247,247.0,0,0,0,At Risk (used to be loyal)
17908,374,1,243.28,1,2,1,4,121,Hibernating,243.27999999999997,2.9827586206896552,51,374,374.0,0,0,0,At Risk (used to be loyal)
17911,9,1,366.23,5,2,2,9,522,New / Promising,366.23,5.717948717948718,39,9,9.0,2,2,0,Need Attention
17912,310,5,311.01,1,4,2,7,142,At Risk,62.202,4.868421052631579,35,365,73.0,0,0,0,At Risk (used to be loyal)
17913,59,2,411.6,3,3,2,8,332,Need Attention,205.79999999999998,4.898305084745763,55,356,178.0,0,0,0,At Risk (used to be loyal)
17914,4,1,336.43,5,2,2,9,522,New / Promising,336.43,5.9125,72,4,4.0,2,2,-1,Need Attention
17917,45,3,341.28,3,4,2,9,342,Loyal,113.76,1.9893617021276595,77,363,121.0,0,0,0,At Risk (used to be loyal)
17919,88,1,1304.04,2,2,4,8,224,Others,1304.0400000000002,32.869565217391305,23,88,88.0,2,0,0,Need Attention
17920,4,17,4204.1,5,5,5,15,555,Champions,247.3,3.6149425287356323,407,374,22.0,1,1,0,Champions
17921,64,4,826.52,3,4,3,10,343,Loyal,206.63,2.9655172413793105,114,266,66.5,1,0,0,Champions
17923,282,1,207.50000000000003,1,2,1,4,121,Hibernating,207.50000000000003,50.0,1,282,282.0,0,0,0,At Risk (used to be loyal)
17924,12,7,2962.5,5,5,5,15,555,Champions,423.21428571428584,37.41935483870968,26,374,53.42857142857143,1,0,0,Champions
17925,373,1,244.08,1,2,1,4,121,Hibernating,244.08,72.0,1,373,373.0,0,0,0,At Risk (used to be loyal)
17926,133,2,397.29,2,3,2,7,232,Others,198.645,14.571428571428571,17,204,102.0,0,0,0,At Risk (used to be loyal)
17928,45,2,212.54,3,3,1,7,331,Need Attention,106.27000000000001,6.086956521739131,23,246,123.0,0,0,0,At Risk (used to be loyal)
17929,11,4,843.0,5,4,3,12,543,Loyal,210.75,21.6,4,309,77.25,0,0,0,At Risk (used to be loyal)
17930,36,5,1740.48,3,4,4,11,344,Loyal,348.09599999999995,40.87179487179487,26,239,47.8,1,0,0,Champions
17931,134,2,408.36,2,3,2,7,232,Others,204.18,3.830769230769231,63,256,128.0,0,0,0,At Risk (used to be loyal)
17932,29,3,1331.57,4,4,4,12,444,Champions,443.8566666666666,8.766666666666667,84,211,70.33333333333333,1,0,0,Champions
17934,52,2,704.25,3,3,3,9,333,Need Attention,352.125,22.761904761904763,21,59,29.5,2,1,0,Need Attention
17935,138,2,145.79,2,3,1,6,231,Others,72.89500000000001,2.8275862068965516,28,142,71.0,0,0,0,At Risk (used to be loyal)
17936,5,1,389.84,5,2,2,9,522,New / Promising,389.84,3.4025974025974026,68,5,5.0,2,2,-1,Need Attention
17937,9,7,4301.22,5,5,5,15,555,Champions,614.46,40.7906976744186,19,362,51.714285714285715,1,0,0,Champions
17939,160,1,99.14,2,2,1,5,221,Hibernating,99.14000000000001,3.3333333333333335,12,160,160.0,0,0,0,At Risk (used to be loyal)
17940,49,10,4106.4400000000005,3,5,5,13,355,Loyal,410.64400000000006,513.421052631579,6,303,30.3,1,0,-1,Champions
17941,131,1,304.56,2,2,2,6,222,Hibernating,304.56,126.0,2,131,131.0,0,0,-1,At Risk (used to be loyal)
17942,8,1,77.50000000000001,5,2,1,8,521,New / Promising,77.50000000000001,19.0,2,8,8.0,2,2,0,Need Attention
17946,233,2,149.57999999999998,1,3,1,5,131,Others,74.79,3.75,18,259,129.5,0,0,0,At Risk (used to be loyal)
17947,37,1,176.68,3,2,1,6,321,Need Attention,176.67999999999998,18.666666666666668,9,37,37.0,2,2,0,Need Attention
17948,147,1,358.56000000000006,2,2,2,6,222,Hibernating,358.56000000000006,144.0,1,147,147.0,0,0,-1,At Risk (used to be loyal)
17949,1,45,58510.48,5,5,5,15,555,Champions,1300.2328888888892,436.37142857142857,29,371,8.244444444444444,1,1,-1,Champions
17950,72,3,482.2,3,4,2,9,342,Loyal,160.73333333333332,5.154929577464789,63,365,121.66666666666667,0,0,0,At Risk (used to be loyal)
17951,40,3,1008.5400000000001,3,4,4,11,344,Loyal,336.1800000000001,30.8,18,374,124.66666666666667,0,0,0,At Risk (used to be loyal)
17954,5,12,2332.72,5,5,5,15,555,Champions,194.39333333333335,4.606185567010309,326,371,30.916666666666668,1,1,0,Champions
17955,199,4,557.3,1,4,3,8,143,At Risk,139.325,14.368421052631579,14,220,55.0,0,0,0,At Risk (used to be loyal)
17956,249,1,12.75,1,2,1,4,121,Hibernating,12.75,1.0,1,249,249.0,0,0,-1,At Risk (used to be loyal)
17957,66,1,111.68,3,2,1,6,321,Need Attention,111.67999999999999,9.258064516129032,31,66,66.0,2,2,0,Need Attention
17958,117,1,508.4599999999999,2,2,3,7,223,Others,508.4599999999999,12.0,7,117,117.0,0,2,0,At Risk (used to be loyal)
17960,171,1,73.78,2,2,1,5,221,Hibernating,73.78,1.5769230769230769,26,171,171.0,0,0,0,At Risk (used to be loyal)
17961,21,39,1296.44,4,5,4,13,454,Champions,33.242051282051285,2.248995983935743,211,372,9.538461538461538,1,1,-1,Champions
17962,142,1,102.83,2,2,1,5,221,Hibernating,102.83,3.657142857142857,33,142,142.0,0,0,0,At Risk (used to be loyal)
17964,32,2,471.7,4,3,2,9,432,Others,235.84999999999997,2.894230769230769,84,372,186.0,0,0,0,At Risk (used to be loyal)
17965,38,14,2622.57,3,5,5,13,355,Loyal,187.32642857142858,4.729483282674772,274,369,26.357142857142858,1,1,0,Champions
17966,38,5,1098.43,3,4,4,11,344,Loyal,219.68599999999998,37.80882352941177,53,261,52.2,1,0,0,Champions
17967,372,1,123.07,1,2,1,4,121,Hibernating,123.07,1.6666666666666667,41,372,372.0,0,0,0,At Risk (used to be loyal)
17968,374,1,277.35,1,2,2,5,122,Hibernating,277.35,1.8823529411764706,74,374,374.0,0,0,0,At Risk (used to be loyal)
17969,166,2,228.2,2,3,1,6,231,Others,114.10000000000001,10.857142857142858,14,361,180.5,0,0,0,At Risk (used to be loyal)
17970,211,1,582.59,1,2,3,6,123,Others,582.59,16.93548387096774,27,211,211.0,0,0,0,At Risk (used to be loyal)
17972,242,1,136.04,1,2,1,4,121,Hibernating,136.04,1.1935483870967742,30,242,242.0,0,0,0,At Risk (used to be loyal)
17973,52,1,337.04,3,2,2,7,322,Need Attention,337.03999999999996,11.733333333333333,15,52,52.0,2,2,0,Need Attention
17974,25,3,740.79,4,4,3,11,443,Loyal,246.92999999999998,2.899441340782123,143,220,73.33333333333333,1,1,0,Champions
17975,15,13,4488.81,4,5,5,14,455,Champions,345.29307692307697,5.297297297297297,189,367,28.23076923076923,1,1,0,Champions
17976,372,1,353.19,1,2,2,5,122,Hibernating,353.19000000000005,1.6307692307692307,56,372,372.0,0,0,0,At Risk (used to be loyal)
17977,29,1,288.14,4,2,2,8,422,New / Promising,288.14,16.285714285714285,19,29,29.0,2,2,0,Need Attention
17978,365,1,300.91999999999996,1,2,2,5,122,Hibernating,300.91999999999996,41.583333333333336,12,365,365.0,0,0,0,At Risk (used to be loyal)
17979,36,4,757.71,3,4,3,10,343,Loyal,189.42749999999995,2.719178082191781,116,260,65.0,1,0,0,Champions
17980,166,3,811.45,2,4,3,9,243,At Risk,270.48333333333335,22.733333333333334,23,359,119.66666666666667,0,0,0,At Risk (used to be loyal)
17984,145,1,152.68,2,2,1,5,221,Hibernating,152.68,2.0416666666666665,48,145,145.0,0,0,0,At Risk (used to be loyal)
17985,22,1,634.95,4,2,3,9,423,New / Promising,634.9499999999999,7.956521739130435,20,22,22.0,2,2,0,Need Attention
17986,56,1,20.8,3,2,1,6,321,Need Attention,20.8,10.0,1,56,56.0,2,2,-1,Need Attention
17987,185,1,198.57,1,2,1,4,121,Hibernating,198.57,20.076923076923077,13,185,185.0,0,0,0,At Risk (used to be loyal)
17988,12,7,201.12,5,5,1,11,551,Loyal,28.73142857142857,1.131578947368421,37,327,46.714285714285715,0,0,-1,At Risk (used to be loyal)
17990,237,3,630.84,1,4,3,8,143,At Risk,210.28,14.275862068965518,27,362,120.66666666666667,0,0,0,At Risk (used to be loyal)
17991,225,2,93.35,1,3,1,5,131,Others,46.675,5.0,4,226,113.0,0,0,0,At Risk (used to be loyal)
17994,122,4,678.49,2,4,3,9,243,At Risk,169.6225,6.135802469135802,63,291,72.75,0,0,0,At Risk (used to be loyal)
17995,282,1,76.1,1,2,1,4,121,Hibernating,76.1,66.5,2,282,282.0,0,0,0,At Risk (used to be loyal)
17997,74,8,1970.6699999999998,2,5,4,11,254,At Risk,246.33375,13.843373493975903,133,164,20.5,1,1,0,Champions
17999,37,2,382.06,3,3,2,8,332,Need Attention,191.03000000000003,2.3763440860215055,87,366,183.0,0,0,0,At Risk (used to be loyal)
18001,12,2,417.23,5,3,2,10,532,Others,208.61499999999998,6.258620689655173,56,87,43.5,2,1,0,Need Attention
18004,362,1,169.47,1,2,1,4,121,Hibernating,169.47,1.95,32,362,362.0,0,0,0,At Risk (used to be loyal)
18005,4,2,249.72,5,3,1,9,531,Others,124.85999999999999,1.55,52,47,23.5,2,2,0,Need Attention
18006,23,1,444.68,4,2,2,8,422,New / Promising,444.68,10.0,21,23,23.0,2,2,0,Need Attention
18008,70,9,2116.19,3,5,5,13,355,Loyal,235.13222222222223,52.7,24,319,35.44444444444444,1,0,0,Champions
18009,235,1,257.34,1,2,2,5,122,Hibernating,257.34,3.9375,31,235,235.0,0,0,0,At Risk (used to be loyal)
18010,257,1,174.8,1,2,1,4,121,Hibernating,174.79999999999998,4.285714285714286,14,257,257.0,0,0,0,At Risk (used to be loyal)
18011,373,1,102.78999999999999,1,2,1,4,121,Hibernating,102.79,2.5357142857142856,28,373,373.0,0,0,0,At Risk (used to be loyal)
18013,155,2,187.29,2,3,1,6,231,Others,93.645,9.193548387096774,31,155,77.5,0,0,0,At Risk (used to be loyal)
18014,28,1,166.42,4,2,1,7,421,New / Promising,166.42,2.125,29,28,28.0,2,2,0,Need Attention
18015,4,1,120.03,5,2,1,8,521,New / Promising,120.03000000000002,3.4130434782608696,46,4,4.0,2,2,0,Need Attention
18016,32,5,1483.56,4,4,4,12,444,Champions,296.712,8.365853658536585,90,364,72.8,1,0,0,Champions
18017,81,3,523.0,2,4,3,9,243,At Risk,174.33333333333334,100.0,1,310,103.33333333333333,0,0,-1,At Risk (used to be loyal)
18018,108,2,122.14,2,3,1,6,231,Others,61.07,1.896551724137931,29,199,99.5,0,0,0,At Risk (used to be loyal)
18019,52,1,38.45,3,2,1,6,321,Need Attention,38.45,1.4,5,52,52.0,2,2,-1,Need Attention
18022,36,1,668.11,3,2,3,8,323,Need Attention,668.1099999999999,3.8534031413612566,141,36,36.0,2,2,0,Need Attention
18024,153,2,389.78,2,3,2,7,232,Others,194.89,8.761904761904763,21,153,76.5,0,0,0,At Risk (used to be loyal)
18027,99,1,115.31,2,2,1,5,221,Hibernating,115.30999999999999,3.7142857142857144,21,99,99.0,0,2,0,At Risk (used to be loyal)
18030,4,2,230.64999999999998,5,3,1,9,531,Others,115.32499999999999,7.444444444444445,8,42,21.0,2,1,0,Need Attention
18032,334,1,73.5,1,2,1,4,121,Hibernating,73.5,8.4,5,334,334.0,0,0,0,At Risk (used to be loyal)
18033,65,1,97.97,3,2,1,6,321,Need Attention,97.97000000000001,7.4411764705882355,32,65,65.0,2,2,0,Need Attention
18034,22,2,422.88,4,3,2,9,432,Others,211.43999999999997,5.008928571428571,99,22,11.0,2,2,0,Need Attention
18035,36,3,730.4,3,4,3,10,343,Loyal,243.46666666666673,11.528301886792454,44,43,14.333333333333334,2,2,0,Need Attention
18036,32,3,405.62,4,4,2,10,442,Loyal,135.20666666666668,2.4375,77,246,82.0,0,0,0,At Risk (used to be loyal)
18037,154,6,70.02,2,5,1,8,251,At Risk,11.67,1.0526315789473684,19,362,60.333333333333336,0,0,-1,At Risk (used to be loyal)
18040,19,2,357.20000000000005,4,3,2,9,432,Others,178.6,7.7894736842105265,18,246,123.0,0,0,0,At Risk (used to be loyal)
18041,12,21,4183.39,5,5,5,15,555,Champions,199.20904761904762,8.091101694915254,285,373,17.761904761904763,1,1,0,Champions
18042,54,1,165.04999999999998,3,2,1,6,321,Need Attention,165.04999999999998,4.714285714285714,7,54,54.0,2,2,0,Need Attention
18043,25,3,559.51,4,4,3,11,443,Loyal,186.50333333333333,2.330578512396694,106,367,122.33333333333333,0,0,0,At Risk (used to be loyal)
18044,4,10,2088.6,5,5,5,15,555,Champions,208.85999999999999,8.133858267716535,88,361,36.1,1,1,0,Champions
18045,45,1,189.4,3,2,1,6,321,Need Attention,189.39999999999998,3.021276595744681,43,45,45.0,2,2,0,Need Attention
18048,203,2,172.29000000000002,1,3,1,5,131,Others,86.14500000000001,18.142857142857142,6,203,101.5,0,0,0,At Risk (used to be loyal)
18050,359,1,74.4,1,2,1,4,121,Hibernating,74.4,8.0,5,359,359.0,0,0,0,At Risk (used to be loyal)
18053,71,1,300.02,3,2,2,7,322,Need Attention,300.0200000000001,15.1,20,71,71.0,2,2,0,Need Attention
18055,7,10,6784.1900000000005,5,5,5,15,555,Champions,678.4190000000001,6.819444444444445,223,370,37.0,1,1,0,Champions
18056,288,1,363.65,1,2,2,5,122,Hibernating,363.65,11.105263157894736,19,288,288.0,0,0,0,At Risk (used to be loyal)
18058,10,1,170.16,5,2,1,8,521,New / Promising,170.16,29.333333333333332,3,10,10.0,2,2,0,Need Attention
18059,23,3,306.46,4,4,2,10,442,Loyal,102.15333333333332,14.333333333333334,17,68,22.666666666666668,2,1,0,Need Attention
18061,22,10,2119.41,4,5,5,14,455,Champions,211.94099999999997,20.76086956521739,18,366,36.6,1,1,0,Champions
18062,173,3,720.52,2,4,3,9,243,At Risk,240.17333333333337,14.666666666666666,23,338,112.66666666666667,0,0,0,At Risk (used to be loyal)
18064,133,2,814.0,2,3,3,8,233,Others,407.0,54.857142857142854,7,235,117.5,0,0,0,At Risk (used to be loyal)
18065,6,14,2392.83,5,5,5,15,555,Champions,170.91642857142855,7.4963503649635035,110,365,26.071428571428573,1,1,0,Champions
18066,75,1,318.0,2,2,2,6,222,Hibernating,318.0,10.8,10,75,75.0,2,2,0,Need Attention
18067,40,1,396.33,3,2,2,7,322,Need Attention,396.33000000000004,5.108108108108108,36,40,40.0,2,2,0,Need Attention
18068,289,1,101.69999999999999,1,2,1,4,121,Hibernating,101.69999999999999,6.0,1,289,289.0,0,0,0,At Risk (used to be loyal)
18069,26,5,2036.67,4,4,4,12,444,Champions,407.334,2.7893617021276595,334,327,65.4,1,1,0,Champions
18071,258,2,453.0,1,3,2,6,132,Others,226.5,10.4,23,366,183.0,0,0,0,At Risk (used to be loyal)
18072,186,1,247.44,1,2,1,4,121,Hibernating,247.44,16.0,18,186,186.0,0,0,0,At Risk (used to be loyal)
18073,114,12,3877.5200000000004,2,5,5,12,255,At Risk,323.1266666666666,42.57534246575342,23,197,16.416666666666668,1,0,0,Champions
18074,374,1,489.6,1,2,2,5,122,Hibernating,489.6,14.615384615384615,13,374,374.0,0,0,0,At Risk (used to be loyal)
18075,23,10,2611.75,4,5,5,14,455,Champions,261.175,10.309859154929578,97,361,36.1,1,1,0,Champions
18077,8,11,2633.0099999999998,5,5,5,15,555,Champions,239.36454545454546,8.273127753303966,101,367,33.36363636363637,1,1,0,Champions
18078,217,2,336.13,1,3,2,6,132,Others,168.065,5.0,27,259,129.5,0,0,0,At Risk (used to be loyal)
18079,45,4,3651.97,3,4,5,12,345,Loyal,912.9924999999998,58.51968503937008,99,239,59.75,1,1,0,Champions
18080,19,2,1231.5,4,3,4,11,434,Others,615.75,321.0,2,243,121.5,0,0,-1,At Risk (used to be loyal)
18081,36,3,343.45,3,4,2,9,342,Loyal,114.48333333333333,11.470588235294118,14,134,44.666666666666664,2,0,0,Need Attention
18082,26,1,703.37,4,2,3,9,423,New / Promising,703.37,8.506849315068493,62,26,26.0,2,2,0,Need Attention
18084,16,1,90.47999999999999,4,2,1,7,421,New / Promising,90.47999999999999,312.0,1,16,16.0,2,0,-1,Need Attention
18085,330,2,689.95,1,3,3,7,133,Others,344.97499999999997,9.137931034482758,25,374,187.0,0,0,0,At Risk (used to be loyal)
18086,274,1,101.34,1,2,1,4,121,Hibernating,101.33999999999999,15.142857142857142,7,274,274.0,0,0,0,At Risk (used to be loyal)
18087,98,2,4055.7199999999993,2,3,5,10,235,Others,2027.8599999999997,1953.5,2,291,145.5,0,0,-1,At Risk (used to be loyal)
18088,61,1,167.67000000000002,3,2,1,6,321,Need Attention,167.66999999999996,2.7948717948717947,35,61,61.0,2,2,0,Need Attention
18092,2,11,9068.26,5,5,5,15,555,Champions,824.3872727272727,47.7752808988764,28,366,33.27272727272727,1,1,0,Champions
18093,93,4,2106.52,2,4,5,11,245,At Risk,526.63,38.666666666666664,31,303,75.75,1,0,0,Champions
18094,82,7,3017.3,2,5,5,12,255,At Risk,431.04285714285714,35.97142857142857,39,292,41.714285714285715,1,0,0,Champions
18095,313,2,580.0500000000001,1,3,3,7,133,Others,290.025,19.952380952380953,20,333,166.5,0,0,0,At Risk (used to be loyal)
18096,12,3,911.15,5,4,3,12,543,Loyal,303.7166666666667,3.8732394366197185,157,64,21.333333333333332,2,1,0,Need Attention
18097,8,6,2697.8,5,5,5,15,555,Champions,449.6333333333334,15.61111111111111,65,354,59.0,1,1,0,Champions
18099,127,1,168.31,2,2,1,5,221,Hibernating,168.31,7.842105263157895,19,127,127.0,0,2,0,At Risk (used to be loyal)
18101,11,2,223.65,5,3,1,9,531,Others,111.82499999999999,2.1463414634146343,37,143,71.5,2,0,0,Need Attention
18102,1,60,259657.3,5,5,5,15,555,Champions,4327.621666666667,148.77958236658932,150,367,6.116666666666666,1,1,-1,Champions
18104,37,1,754.64,3,2,3,8,323,Need Attention,754.6400000000001,9.526315789473685,38,37,37.0,2,2,0,Need Attention
18105,38,1,113.48000000000002,3,2,1,6,321,Need Attention,113.48000000000002,2.5555555555555554,18,38,38.0,2,2,0,Need Attention
18106,330,1,430.7,1,2,2,5,122,Hibernating,430.7,3.282051282051282,33,330,330.0,0,0,0,At Risk (used to be loyal)
18108,254,1,271.0,1,2,2,5,122,Hibernating,271.0,4.9411764705882355,17,254,254.0,0,0,0,At Risk (used to be loyal)
18109,2,26,8052.97,5,5,5,15,555,Champions,309.7296153846154,9.542792792792794,119,370,14.23076923076923,1,1,0,Champions
18110,20,1,236.3,4,2,1,7,421,New / Promising,236.3,1.8695652173913044,33,20,20.0,2,2,0,Need Attention
18112,12,2,352.69,5,3,2,10,532,Others,176.34500000000003,9.807692307692308,26,166,83.0,0,0,0,At Risk (used to be loyal)
18113,369,1,76.32000000000001,1,2,1,4,121,Hibernating,76.32000000000001,72.0,1,369,369.0,0,0,0,At Risk (used to be loyal)
18114,290,1,220.1,1,2,1,4,121,Hibernating,220.1,1.9642857142857142,28,290,290.0,0,0,0,At Risk (used to be loyal)
18116,68,8,1418.03,3,5,4,12,354,Loyal,177.25375,2.2433862433862433,230,365,45.625,1,1,0,Champions
18117,26,1,320.72,4,2,2,8,422,New / Promising,320.71999999999997,8.35135135135135,68,26,26.0,2,2,0,Need Attention
18118,11,26,5653.82,5,5,5,15,555,Champions,217.45461538461538,2.253322908522283,424,370,14.23076923076923,1,1,0,Champions
18119,368,1,181.12,1,2,1,4,121,Hibernating,181.11999999999995,4.166666666666667,29,368,368.0,0,0,0,At Risk (used to be loyal)
18120,214,1,111.15,1,2,1,4,121,Hibernating,111.14999999999999,1.8235294117647058,17,214,214.0,0,0,0,At Risk (used to be loyal)
18121,149,2,673.1,2,3,3,8,233,Others,336.55,14.0625,28,155,77.5,0,0,0,At Risk (used to be loyal)
18122,8,6,1826.21,5,5,4,14,554,Champions,304.36833333333334,3.39010989010989,239,151,25.166666666666668,1,1,0,Champions
18123,24,2,589.4399999999999,4,3,3,10,433,Others,294.72,16.5,31,31,15.5,2,2,0,Need Attention
18125,30,4,1142.99,4,4,4,12,444,Champions,285.7475,4.1020408163265305,164,316,79.0,1,1,0,Champions
18126,61,1,206.82999999999998,3,2,1,6,321,Need Attention,206.83,2.5714285714285716,52,61,61.0,2,2,0,Need Attention
18127,19,3,348.73,4,4,2,10,442,Loyal,116.24333333333334,4.0,41,134,44.666666666666664,2,1,0,Need Attention
18129,243,1,112.55000000000001,1,2,1,4,121,Hibernating,112.55,3.4285714285714284,13,243,243.0,0,0,0,At Risk (used to be loyal)
18130,15,3,1059.39,4,4,4,12,444,Champions,353.12999999999994,11.771428571428572,58,57,19.0,2,2,0,Need Attention
18133,212,1,931.4999999999999,1,2,3,6,123,Others,931.4999999999999,1350.0,1,212,212.0,0,0,-1,At Risk (used to be loyal)
18135,29,5,681.9100000000001,4,4,3,11,443,Loyal,136.382,17.45,11,190,38.0,0,0,0,At Risk (used to be loyal)
18136,63,3,784.33,3,4,3,10,343,Loyal,261.44333333333327,9.973684210526315,34,320,106.66666666666667,0,0,0,At Risk (used to be loyal)
18138,295,1,152.65,1,2,1,4,121,Hibernating,152.65,4.75,8,295,295.0,0,0,0,At Risk (used to be loyal)
18139,18,6,8438.34,4,5,5,14,455,Champions,1406.39,34.9496855345912,35,18,3.0,2,2,-1,Need Attention
18142,157,2,1019.52,2,3,4,9,234,Others,509.76,85.06666666666666,9,216,108.0,0,0,0,At Risk (used to be loyal)
18143,117,2,1000.16,2,3,4,9,234,Others,500.08000000000004,9.344262295081966,59,142,71.0,0,0,0,At Risk (used to be loyal)
18144,8,12,2888.75,5,5,5,15,555,Champions,240.7291666666667,31.232558139534884,27,373,31.083333333333332,1,1,0,Champions
18145,13,4,2861.55,5,4,5,14,545,Champions,715.3875,11.877828054298643,174,313,78.25,1,1,0,Champions
18146,141,2,160.35000000000002,2,3,1,6,231,Others,80.175,15.3,10,220,110.0,0,0,0,At Risk (used to be loyal)
18147,46,2,179.33999999999997,3,3,1,7,331,Need Attention,89.66999999999999,29.0,7,109,54.5,0,0,0,At Risk (used to be loyal)
18149,51,3,612.0799999999999,3,4,3,10,343,Loyal,204.02666666666664,19.375,11,274,91.33333333333333,0,0,0,At Risk (used to be loyal)
18150,32,3,566.58,4,4,3,11,443,Loyal,188.86000000000004,8.972972972972974,29,202,67.33333333333333,0,0,0,At Risk (used to be loyal)
18151,135,2,653.35,2,3,3,8,233,Others,326.67499999999995,9.342105263157896,38,290,145.0,0,0,0,At Risk (used to be loyal)
18154,3,2,399.19,5,3,2,10,532,Others,199.59499999999997,12.142857142857142,15,44,22.0,2,2,0,Need Attention
18155,75,3,371.62,2,4,2,8,242,At Risk,123.87333333333335,10.64,19,292,97.33333333333333,0,0,0,At Risk (used to be loyal)
18156,13,2,734.94,5,3,3,11,533,Others,367.47,2.15,100,370,185.0,1,0,0,Champions
18158,9,2,453.4,5,3,2,10,532,Others,226.7,10.411764705882353,24,89,44.5,2,1,0,Need Attention
18159,301,1,530.15,1,2,3,6,123,Others,530.1500000000001,6.043478260869565,23,301,301.0,0,0,0,At Risk (used to be loyal)
18160,57,2,638.0600000000001,3,3,3,9,333,Need Attention,319.0300000000001,7.538461538461538,37,200,100.0,0,0,0,At Risk (used to be loyal)
18161,15,5,1618.69,4,4,4,12,444,Champions,323.738,10.15,49,320,64.0,1,1,0,Champions
18164,37,1,399.65000000000003,3,2,2,7,322,Need Attention,399.65,7.666666666666667,24,37,37.0,2,2,0,Need Attention
18165,177,1,302.46000000000004,2,2,2,6,222,Hibernating,302.46000000000004,25.4,10,177,177.0,0,0,0,At Risk (used to be loyal)
18167,23,3,1384.8600000000001,4,4,4,12,444,Champions,461.61999999999995,10.324324324324325,24,106,35.333333333333336,2,1,0,Need Attention
18168,176,6,1169.94,2,5,4,11,254,At Risk,194.99,4.534351145038168,97,372,62.0,1,0,0,Champions
18169,61,1,202.65,3,2,1,6,321,Need Attention,202.65,6.777777777777778,9,61,61.0,2,2,0,Need Attention
18170,33,3,980.31,4,4,4,12,444,Champions,326.77000000000004,10.763157894736842,29,217,72.33333333333333,1,0,0,Champions
18171,59,5,1231.31,3,4,4,11,344,Loyal,246.262,8.907407407407407,43,334,66.8,1,0,0,Champions
18172,15,20,7561.68,4,5,5,14,455,Champions,378.084,16.84656084656085,100,290,14.5,1,1,0,Champions
18173,87,4,2106.84,2,4,5,11,245,At Risk,526.7100000000002,39.354838709677416,23,275,68.75,1,0,0,Champions
18174,7,1,104.0,5,2,1,8,521,New / Promising,104.0,50.0,1,7,7.0,2,2,-1,Need Attention
18176,358,1,476.35,1,2,2,5,122,Hibernating,476.35,9.433333333333334,30,358,358.0,0,0,0,At Risk (used to be loyal)
18177,31,6,1341.42,4,5,4,13,454,Champions,223.57000000000002,9.594594594594595,53,256,42.666666666666664,1,1,0,Champions
18178,129,4,1590.81,2,4,4,10,244,At Risk,397.7025,10.1340206185567,80,365,91.25,1,0,0,Champions
18179,9,6,1793.17,5,5,4,14,554,Champions,298.86166666666674,15.11111111111111,86,336,56.0,1,1,0,Champions
18180,5,6,1843.75,5,5,4,14,554,Champions,307.29166666666674,14.46218487394958,108,143,23.833333333333332,1,1,0,Champions
18181,24,1,382.8,4,2,2,8,422,New / Promising,382.7999999999999,3.3181818181818183,40,24,24.0,2,2,0,Need Attention
18183,227,2,632.07,1,3,3,7,133,Others,316.0350000000001,10.027027027027026,36,275,137.5,0,0,0,At Risk (used to be loyal)
18184,15,1,49.8,4,2,1,7,421,New / Promising,49.8,60.0,1,15,15.0,2,2,-1,Need Attention
18185,249,1,304.25,1,2,2,5,122,Hibernating,304.25,10.764705882352942,17,249,249.0,0,0,0,At Risk (used to be loyal)
18188,15,3,2001.04,4,4,4,12,444,Champions,667.0133333333332,16.450704225352112,63,290,96.66666666666667,1,0,0,Champions
18189,78,2,1090.24,2,3,4,9,234,Others,545.1200000000001,8.323529411764707,65,268,134.0,0,0,0,At Risk (used to be loyal)
18190,192,2,284.46000000000004,1,3,2,6,132,Others,142.23,9.333333333333334,14,331,165.5,0,0,0,At Risk (used to be loyal)
18191,262,1,207.79999999999998,1,2,1,4,121,Hibernating,207.79999999999998,20.0,7,262,262.0,0,0,0,At Risk (used to be loyal)
18192,72,1,957.97,3,2,4,9,324,Need Attention,957.9699999999999,7.533333333333333,45,72,72.0,2,2,0,Need Attention
18193,165,1,243.76,2,2,1,5,221,Hibernating,243.76,7.75,16,165,165.0,0,0,0,At Risk (used to be loyal)
18194,82,1,973.8399999999999,2,2,4,8,224,Others,973.8399999999999,90.28571428571429,7,82,82.0,0,0,0,At Risk (used to be loyal)
18196,95,2,689.13,2,3,3,8,233,Others,344.56500000000005,3.0709219858156027,131,290,145.0,0,0,0,At Risk (used to be loyal)
18198,4,17,5425.56,5,5,5,15,555,Champions,319.1505882352942,25.62264150943396,81,336,19.764705882352942,1,1,0,Champions
18200,106,1,163.8,2,2,1,5,221,Hibernating,163.8,3.46875,29,106,106.0,0,0,0,At Risk (used to be loyal)
18202,200,3,1396.99,1,4,4,9,144,At Risk,465.6633333333334,8.544117647058824,55,311,103.66666666666667,0,0,0,At Risk (used to be loyal)
18203,157,1,160.42000000000002,2,2,1,5,221,Hibernating,160.42000000000002,2.263157894736842,19,157,157.0,0,0,0,At Risk (used to be loyal)
18204,71,3,1993.7,3,4,4,11,344,Loyal,664.5666666666667,6.0,159,192,64.0,1,1,0,Champions
18205,36,2,517.36,3,3,3,9,333,Need Attention,258.67999999999995,6.0,30,75,37.5,2,1,0,Need Attention
18209,29,1,139.10000000000002,4,2,1,7,421,New / Promising,139.10000000000002,7.25,8,29,29.0,2,2,0,Need Attention
18210,2,6,2621.38,5,5,5,15,555,Champions,436.8966666666667,10.432835820895523,109,267,44.5,1,1,0,Champions
18211,26,5,600.07,4,4,3,11,443,Loyal,120.01400000000001,8.547619047619047,37,279,55.8,1,1,0,Champions
18212,326,1,248.42,1,2,1,4,121,Hibernating,248.42,2.3488372093023258,30,326,326.0,0,0,0,At Risk (used to be loyal)
18213,237,1,232.48000000000002,1,2,1,4,121,Hibernating,232.48000000000002,15.466666666666667,15,237,237.0,0,0,0,At Risk (used to be loyal)
18215,89,1,299.34000000000003,2,2,2,6,222,Hibernating,299.34,9.076923076923077,13,89,89.0,0,2,0,At Risk (used to be loyal)
18216,31,1,481.75,4,2,2,8,422,New / Promising,481.74999999999994,7.6923076923076925,26,31,31.0,2,2,0,Need Attention
18217,29,2,621.75,4,3,3,10,433,Others,310.87500000000006,15.838709677419354,27,71,35.5,2,1,0,Need Attention
18218,211,2,662.08,1,3,3,7,133,Others,331.04,27.80952380952381,17,282,141.0,0,0,0,At Risk (used to be loyal)
18219,3,10,2069.77,5,5,5,15,555,Champions,206.977,7.7631578947368425,58,369,36.9,1,1,0,Champions
18220,227,1,305.28000000000003,1,2,2,5,122,Hibernating,305.28000000000003,144.0,2,227,227.0,0,0,0,At Risk (used to be loyal)
18221,22,5,1041.61,4,4,4,12,444,Champions,208.32200000000003,12.359375,59,211,42.2,1,1,0,Champions
18222,93,1,443.0,2,2,2,6,222,Hibernating,443.0,17.63157894736842,19,93,93.0,0,2,0,At Risk (used to be loyal)
18223,5,14,6484.54,5,5,5,15,555,Champions,463.18142857142857,10.838235294117647,116,358,25.571428571428573,1,1,0,Champions
18224,264,1,158.95000000000002,1,2,1,4,121,Hibernating,158.95000000000002,6.9,10,264,264.0,0,0,0,At Risk (used to be loyal)
18225,3,12,5509.12,5,5,5,15,555,Champions,459.0933333333334,11.970479704797048,150,365,30.416666666666668,1,1,0,Champions
18226,44,11,5228.05,3,5,5,13,355,Loyal,475.2772727272728,14.322314049586776,141,338,30.727272727272727,1,1,0,Champions
18227,218,1,93.75,1,2,1,4,121,Hibernating,93.75,4.2,5,218,218.0,0,0,0,At Risk (used to be loyal)
18228,57,2,779.9,3,3,3,9,333,Need Attention,389.95,7.933333333333334,23,80,40.0,2,1,0,Need Attention
18229,12,20,7276.900000000001,5,5,5,15,555,Champions,363.84499999999997,15.170731707317072,66,373,18.65,1,1,0,Champions
18230,9,7,2810.2000000000003,5,5,5,15,555,Champions,401.45714285714274,15.30232558139535,32,302,43.142857142857146,1,1,0,Champions
18231,192,5,2083.27,1,4,5,10,145,At Risk,416.6539999999999,6.620967741935484,106,289,57.8,1,0,0,Champions
18232,82,4,592.97,2,4,3,9,243,At Risk,148.2425,8.162162162162161,31,197,49.25,0,0,0,At Risk (used to be loyal)
18233,326,1,440.0,1,2,2,5,122,Hibernating,440.0,4.0,1,326,326.0,0,0,0,At Risk (used to be loyal)
18235,72,3,1796.48,3,4,4,11,344,Loyal,598.8266666666667,15.173076923076923,100,217,72.33333333333333,1,0,0,Champions
18236,30,6,882.24,4,5,3,12,453,Loyal,147.04,8.224489795918368,42,241,40.166666666666664,1,1,0,Champions
18237,3,5,987.1,5,4,4,13,544,Champions,197.42000000000002,10.19672131147541,40,134,26.8,1,1,0,Champions
18239,219,5,1561.6100000000001,1,4,4,9,144,At Risk,312.322,9.034090909090908,80,372,74.4,1,0,0,Champions
18240,46,1,422.58,3,2,2,7,322,Need Attention,422.58000000000004,21.0,6,46,46.0,2,2,0,Need Attention
18241,10,17,2073.09,5,5,5,15,555,Champions,121.9464705882353,10.10576923076923,60,218,12.823529411764707,1,1,0,Champions
18242,72,4,2232.4900000000002,3,4,5,12,345,Loyal,558.1225000000001,13.038461538461538,72,214,53.5,1,0,0,Champions
18245,7,7,2567.06,5,5,5,15,555,Champions,366.7228571428572,10.217142857142857,153,355,50.714285714285715,1,1,0,Champions
18246,24,2,596.1,4,3,3,10,433,Others,298.04999999999995,41.5,3,233,116.5,0,0,0,At Risk (used to be loyal)
18248,123,2,804.02,2,3,3,8,233,Others,402.01,10.872340425531915,39,186,93.0,0,0,0,At Risk (used to be loyal)
18249,17,1,95.34,4,2,1,7,421,New / Promising,95.34,16.0,8,17,17.0,2,2,0,Need Attention
18250,310,1,349.27,1,2,2,5,122,Hibernating,349.27000000000004,9.476190476190476,21,310,310.0,0,0,0,At Risk (used to be loyal)
18251,87,1,4314.72,2,2,5,9,225,Others,4314.72,489.0,16,87,87.0,1,0,-1,Champions
18252,51,2,526.67,3,3,3,9,333,Need Attention,263.33500000000004,2.438775510204082,90,172,86.0,0,0,0,At Risk (used to be loyal)
18255,89,1,103.3,2,2,1,5,221,Hibernating,103.3,12.333333333333334,6,89,89.0,0,2,0,At Risk (used to be loyal)
18257,39,8,2337.63,3,5,5,13,355,Loyal,292.20375000000007,8.822033898305085,97,296,37.0,1,1,0,Champions
18259,25,3,2338.6000000000004,4,4,5,13,445,Champions,779.5333333333334,17.0,27,366,122.0,1,0,0,Champions
18260,173,6,2643.2000000000003,2,5,5,12,255,At Risk,440.5333333333333,11.029850746268657,86,358,59.666666666666664,1,0,0,Champions
18261,43,2,324.24,3,3,2,8,332,Need Attention,162.12,6.9523809523809526,19,96,48.0,2,0,0,Need Attention
18262,140,1,149.48,2,2,1,5,221,Hibernating,149.48,14.0,13,140,140.0,0,2,0,At Risk (used to be loyal)
18263,26,3,1213.1599999999999,4,4,4,12,444,Champions,404.3866666666666,24.065573770491802,59,253,84.33333333333333,1,0,0,Champions
18265,72,2,801.51,3,3,3,9,333,Need Attention,400.75500000000005,6.760869565217392,44,158,79.0,0,0,0,At Risk (used to be loyal)
18268,134,1,25.5,2,2,1,5,221,Hibernating,25.5,2.0,1,134,134.0,0,0,-1,At Risk (used to be loyal)
18269,366,1,168.6,1,2,1,4,121,Hibernating,168.6,10.857142857142858,7,366,366.0,0,0,0,At Risk (used to be loyal)
18270,38,2,283.15,3,3,2,8,332,Need Attention,141.57500000000002,9.181818181818182,11,267,133.5,0,0,0,At Risk (used to be loyal)
18272,3,6,3078.58,5,5,5,15,555,Champions,513.0966666666667,12.349397590361447,99,247,41.166666666666664,1,1,0,Champions
18273,2,3,204.0,5,4,1,10,541,Loyal,68.0,26.666666666666668,1,258,86.0,0,0,-1,At Risk (used to be loyal)
18274,30,1,175.92,4,2,1,7,421,New / Promising,175.92000000000002,8.0,11,30,30.0,2,2,0,Need Attention
18276,44,1,335.86,3,2,2,7,322,Need Attention,335.8599999999999,13.285714285714286,14,44,44.0,2,2,0,Need Attention
18277,58,1,110.38,3,2,1,6,321,Need Attention,110.38,8.5,8,58,58.0,2,2,0,Need Attention
18278,74,1,173.9,2,2,1,5,221,Hibernating,173.89999999999998,7.333333333333333,9,74,74.0,2,2,0,Need Attention
18280,278,1,180.60000000000002,1,2,1,4,121,Hibernating,180.6,4.5,10,278,278.0,0,0,0,At Risk (used to be loyal)
18281,181,1,80.82,1,2,1,4,121,Hibernating,80.82,7.714285714285714,7,181,181.0,0,0,0,At Risk (used to be loyal)
18282,8,2,178.05,5,3,1,9,531,Others,89.025,8.583333333333334,12,126,63.0,2,0,0,Need Attention
18283,4,16,2094.88,5,5,5,15,555,Champions,130.93,1.847883597883598,263,337,21.0625,1,1,0,Champions
18287,43,3,1837.28,3,4,4,11,344,Loyal,612.4266666666667,22.65714285714286,59,202,67.33333333333333,1,0,0,Champions
